GroupAddressId,RawAddress,Name,DatapointType,GroupRangeId,GroupRangeName,Attributes
P-07BC-0_GA-619,2048,Move Garage ,DPST-1-6,P-07BC-0_GR-8,Main ON/OFF,"{""Id"": ""P-07BC-0_GA-619"", ""Address"": ""2048"", ""Name"": ""Move Garage "", ""DatapointType"": ""DPST-1-6"", ""Puid"": ""647""}"
P-07BC-0_GA-620,2049,Move Garage Info,DPST-5-1,P-07BC-0_GR-8,Main ON/OFF,"{""Id"": ""P-07BC-0_GA-620"", ""Address"": ""2049"", ""Name"": ""Move Garage Info"", ""DatapointType"": ""DPST-5-1"", ""Puid"": ""648""}"
P-07BC-0_GA-621,2050,Stop Garage ,DPST-1-6,P-07BC-0_GR-8,Main ON/OFF,"{""Id"": ""P-07BC-0_GA-621"", ""Address"": ""2050"", ""Name"": ""Stop Garage "", ""DatapointType"": ""DPST-1-6"", ""Puid"": ""649""}"
P-07BC-0_GA-622,2051,Stop Garage Info,DPST-1-6,P-07BC-0_GR-8,Main ON/OFF,"{""Id"": ""P-07BC-0_GA-622"", ""Address"": ""2051"", ""Name"": ""Stop Garage Info"", ""DatapointType"": ""DPST-1-6"", ""Puid"": ""650""}"
P-07BC-0_GA-623,2052,On/Off 3,DPST-1-6,P-07BC-0_GR-8,Main ON/OFF,"{""Id"": ""P-07BC-0_GA-623"", ""Address"": ""2052"", ""Name"": ""On/Off 3"", ""DatapointType"": ""DPST-1-6"", ""Puid"": ""651""}"
P-07BC-0_GA-624,2053,On/Off 3 Info,DPST-1-6,P-07BC-0_GR-8,Main ON/OFF,"{""Id"": ""P-07BC-0_GA-624"", ""Address"": ""2053"", ""Name"": ""On/Off 3 Info"", ""DatapointType"": ""DPST-1-6"", ""Puid"": ""652""}"
P-07BC-0_GA-625,2054,On/Off 4,DPST-1-6,P-07BC-0_GR-8,Main ON/OFF,"{""Id"": ""P-07BC-0_GA-625"", ""Address"": ""2054"", ""Name"": ""On/Off 4"", ""DatapointType"": ""DPST-1-6"", ""Puid"": ""653""}"
P-07BC-0_GA-626,2055,On/Off 4 Info,DPST-1-6,P-07BC-0_GR-8,Main ON/OFF,"{""Id"": ""P-07BC-0_GA-626"", ""Address"": ""2055"", ""Name"": ""On/Off 4 Info"", ""DatapointType"": ""DPST-1-6"", ""Puid"": ""654""}"
P-07BC-0_GA-627,2056,On/Off 5,DPST-1-6,P-07BC-0_GR-8,Main ON/OFF,"{""Id"": ""P-07BC-0_GA-627"", ""Address"": ""2056"", ""Name"": ""On/Off 5"", ""DatapointType"": ""DPST-1-6"", ""Puid"": ""655""}"
P-07BC-0_GA-628,2057,On/Off 5 Info,DPST-1-6,P-07BC-0_GR-8,Main ON/OFF,"{""Id"": ""P-07BC-0_GA-628"", ""Address"": ""2057"", ""Name"": ""On/Off 5 Info"", ""DatapointType"": ""DPST-1-6"", ""Puid"": ""656""}"
P-07BC-0_GA-629,2058,On/Off 6,DPST-1-6,P-07BC-0_GR-8,Main ON/OFF,"{""Id"": ""P-07BC-0_GA-629"", ""Address"": ""2058"", ""Name"": ""On/Off 6"", ""DatapointType"": ""DPST-1-6"", ""Puid"": ""657""}"
P-07BC-0_GA-630,2059,On/Off 6 Info,DPST-1-6,P-07BC-0_GR-8,Main ON/OFF,"{""Id"": ""P-07BC-0_GA-630"", ""Address"": ""2059"", ""Name"": ""On/Off 6 Info"", ""DatapointType"": ""DPST-1-6"", ""Puid"": ""658""}"
P-07BC-0_GA-631,2060,On/Off 7,DPST-1-6,P-07BC-0_GR-8,Main ON/OFF,"{""Id"": ""P-07BC-0_GA-631"", ""Address"": ""2060"", ""Name"": ""On/Off 7"", ""DatapointType"": ""DPST-1-6"", ""Puid"": ""659""}"
P-07BC-0_GA-632,2061,On/Off 7 Info,DPST-1-6,P-07BC-0_GR-8,Main ON/OFF,"{""Id"": ""P-07BC-0_GA-632"", ""Address"": ""2061"", ""Name"": ""On/Off 7 Info"", ""DatapointType"": ""DPST-1-6"", ""Puid"": ""660""}"
P-07BC-0_GA-633,2062,On/Off 8,DPST-1-6,P-07BC-0_GR-8,Main ON/OFF,"{""Id"": ""P-07BC-0_GA-633"", ""Address"": ""2062"", ""Name"": ""On/Off 8"", ""DatapointType"": ""DPST-1-6"", ""Puid"": ""661""}"
P-07BC-0_GA-634,2063,On/Off 8 Info,DPST-1-6,P-07BC-0_GR-8,Main ON/OFF,"{""Id"": ""P-07BC-0_GA-634"", ""Address"": ""2063"", ""Name"": ""On/Off 8 Info"", ""DatapointType"": ""DPST-1-6"", ""Puid"": ""662""}"
P-07BC-0_GA-635,2064,On/Off 9,DPST-1-6,P-07BC-0_GR-8,Main ON/OFF,"{""Id"": ""P-07BC-0_GA-635"", ""Address"": ""2064"", ""Name"": ""On/Off 9"", ""DatapointType"": ""DPST-1-6"", ""Puid"": ""663""}"
P-07BC-0_GA-636,2065,On/Off 9 Info,DPST-1-6,P-07BC-0_GR-8,Main ON/OFF,"{""Id"": ""P-07BC-0_GA-636"", ""Address"": ""2065"", ""Name"": ""On/Off 9 Info"", ""DatapointType"": ""DPST-1-6"", ""Puid"": ""664""}"
P-07BC-0_GA-637,2066,On/Off 10,DPST-1-6,P-07BC-0_GR-8,Main ON/OFF,"{""Id"": ""P-07BC-0_GA-637"", ""Address"": ""2066"", ""Name"": ""On/Off 10"", ""DatapointType"": ""DPST-1-6"", ""Puid"": ""665""}"
P-07BC-0_GA-638,2067,On/Off 10 Info,DPST-1-6,P-07BC-0_GR-8,Main ON/OFF,"{""Id"": ""P-07BC-0_GA-638"", ""Address"": ""2067"", ""Name"": ""On/Off 10 Info"", ""DatapointType"": ""DPST-1-6"", ""Puid"": ""666""}"
P-07BC-0_GA-639,2068,On/Off 11,DPST-1-6,P-07BC-0_GR-8,Main ON/OFF,"{""Id"": ""P-07BC-0_GA-639"", ""Address"": ""2068"", ""Name"": ""On/Off 11"", ""DatapointType"": ""DPST-1-6"", ""Puid"": ""667""}"
P-07BC-0_GA-640,2069,On/Off 11 Info ,DPST-1-6,P-07BC-0_GR-8,Main ON/OFF,"{""Id"": ""P-07BC-0_GA-640"", ""Address"": ""2069"", ""Name"": ""On/Off 11 Info "", ""DatapointType"": ""DPST-1-6"", ""Puid"": ""668""}"
P-07BC-0_GA-641,2070,On/Off 12,DPST-1-6,P-07BC-0_GR-8,Main ON/OFF,"{""Id"": ""P-07BC-0_GA-641"", ""Address"": ""2070"", ""Name"": ""On/Off 12"", ""DatapointType"": ""DPST-1-6"", ""Puid"": ""669""}"
P-07BC-0_GA-642,2071,On/Off 12 Info ,DPST-1-6,P-07BC-0_GR-8,Main ON/OFF,"{""Id"": ""P-07BC-0_GA-642"", ""Address"": ""2071"", ""Name"": ""On/Off 12 Info "", ""DatapointType"": ""DPST-1-6"", ""Puid"": ""670""}"
P-07BC-0_GA-643,2072,On/Off 13,DPST-1-6,P-07BC-0_GR-8,Main ON/OFF,"{""Id"": ""P-07BC-0_GA-643"", ""Address"": ""2072"", ""Name"": ""On/Off 13"", ""DatapointType"": ""DPST-1-6"", ""Puid"": ""671""}"
P-07BC-0_GA-644,2073,On/Off 13 Info,DPST-1-6,P-07BC-0_GR-8,Main ON/OFF,"{""Id"": ""P-07BC-0_GA-644"", ""Address"": ""2073"", ""Name"": ""On/Off 13 Info"", ""DatapointType"": ""DPST-1-6"", ""Puid"": ""672""}"
P-07BC-0_GA-645,2074,On/Off 14 ,DPST-1-6,P-07BC-0_GR-8,Main ON/OFF,"{""Id"": ""P-07BC-0_GA-645"", ""Address"": ""2074"", ""Name"": ""On/Off 14 "", ""DatapointType"": ""DPST-1-6"", ""Puid"": ""673""}"
P-07BC-0_GA-646,2075,On/Off 14 Info,DPST-1-6,P-07BC-0_GR-8,Main ON/OFF,"{""Id"": ""P-07BC-0_GA-646"", ""Address"": ""2075"", ""Name"": ""On/Off 14 Info"", ""DatapointType"": ""DPST-1-6"", ""Puid"": ""674""}"
P-07BC-0_GA-647,2076,On/Off 15,DPST-1-6,P-07BC-0_GR-8,Main ON/OFF,"{""Id"": ""P-07BC-0_GA-647"", ""Address"": ""2076"", ""Name"": ""On/Off 15"", ""DatapointType"": ""DPST-1-6"", ""Puid"": ""675""}"
P-07BC-0_GA-648,2077,On/Off 15 Info,DPST-1-6,P-07BC-0_GR-8,Main ON/OFF,"{""Id"": ""P-07BC-0_GA-648"", ""Address"": ""2077"", ""Name"": ""On/Off 15 Info"", ""DatapointType"": ""DPST-1-6"", ""Puid"": ""676""}"
P-07BC-0_GA-649,2078,On/Off 16,DPST-1-6,P-07BC-0_GR-8,Main ON/OFF,"{""Id"": ""P-07BC-0_GA-649"", ""Address"": ""2078"", ""Name"": ""On/Off 16"", ""DatapointType"": ""DPST-1-6"", ""Puid"": ""677""}"
P-07BC-0_GA-650,2079,On/Off 16 Info,DPST-1-6,P-07BC-0_GR-8,Main ON/OFF,"{""Id"": ""P-07BC-0_GA-650"", ""Address"": ""2079"", ""Name"": ""On/Off 16 Info"", ""DatapointType"": ""DPST-1-6"", ""Puid"": ""678""}"
P-07BC-0_GA-651,2080,On/Off 17,DPST-1-6,P-07BC-0_GR-8,Main ON/OFF,"{""Id"": ""P-07BC-0_GA-651"", ""Address"": ""2080"", ""Name"": ""On/Off 17"", ""DatapointType"": ""DPST-1-6"", ""Puid"": ""679""}"
P-07BC-0_GA-652,2081,On/Off 17 Info,DPST-1-6,P-07BC-0_GR-8,Main ON/OFF,"{""Id"": ""P-07BC-0_GA-652"", ""Address"": ""2081"", ""Name"": ""On/Off 17 Info"", ""DatapointType"": ""DPST-1-6"", ""Puid"": ""680""}"
P-07BC-0_GA-653,2082,On/Off 18 ,DPST-1-6,P-07BC-0_GR-8,Main ON/OFF,"{""Id"": ""P-07BC-0_GA-653"", ""Address"": ""2082"", ""Name"": ""On/Off 18 "", ""DatapointType"": ""DPST-1-6"", ""Puid"": ""681""}"
P-07BC-0_GA-654,2083,On/Off 18 Info,DPST-1-6,P-07BC-0_GR-8,Main ON/OFF,"{""Id"": ""P-07BC-0_GA-654"", ""Address"": ""2083"", ""Name"": ""On/Off 18 Info"", ""DatapointType"": ""DPST-1-6"", ""Puid"": ""682""}"
P-07BC-0_GA-655,2084,On/Off 19,DPST-1-6,P-07BC-0_GR-8,Main ON/OFF,"{""Id"": ""P-07BC-0_GA-655"", ""Address"": ""2084"", ""Name"": ""On/Off 19"", ""DatapointType"": ""DPST-1-6"", ""Puid"": ""683""}"
P-07BC-0_GA-656,2085,On/Off 19 Info,DPST-1-6,P-07BC-0_GR-8,Main ON/OFF,"{""Id"": ""P-07BC-0_GA-656"", ""Address"": ""2085"", ""Name"": ""On/Off 19 Info"", ""DatapointType"": ""DPST-1-6"", ""Puid"": ""684""}"
P-07BC-0_GA-657,2086,On/Off 20,DPST-1-6,P-07BC-0_GR-8,Main ON/OFF,"{""Id"": ""P-07BC-0_GA-657"", ""Address"": ""2086"", ""Name"": ""On/Off 20"", ""DatapointType"": ""DPST-1-6"", ""Puid"": ""685""}"
P-07BC-0_GA-658,2087,On/Off 20 Info,DPST-1-6,P-07BC-0_GR-8,Main ON/OFF,"{""Id"": ""P-07BC-0_GA-658"", ""Address"": ""2087"", ""Name"": ""On/Off 20 Info"", ""DatapointType"": ""DPST-1-6"", ""Puid"": ""686""}"
P-07BC-0_GA-659,2088,On/Off 21,DPST-1-6,P-07BC-0_GR-8,Main ON/OFF,"{""Id"": ""P-07BC-0_GA-659"", ""Address"": ""2088"", ""Name"": ""On/Off 21"", ""DatapointType"": ""DPST-1-6"", ""Puid"": ""687""}"
P-07BC-0_GA-660,2089,On/Off 21 Info,DPST-1-6,P-07BC-0_GR-8,Main ON/OFF,"{""Id"": ""P-07BC-0_GA-660"", ""Address"": ""2089"", ""Name"": ""On/Off 21 Info"", ""DatapointType"": ""DPST-1-6"", ""Puid"": ""688""}"
P-07BC-0_GA-661,2090,On/Off 22,DPST-1-6,P-07BC-0_GR-8,Main ON/OFF,"{""Id"": ""P-07BC-0_GA-661"", ""Address"": ""2090"", ""Name"": ""On/Off 22"", ""DatapointType"": ""DPST-1-6"", ""Puid"": ""689""}"
P-07BC-0_GA-662,2091,On/Off 22 Info,DPST-1-6,P-07BC-0_GR-8,Main ON/OFF,"{""Id"": ""P-07BC-0_GA-662"", ""Address"": ""2091"", ""Name"": ""On/Off 22 Info"", ""DatapointType"": ""DPST-1-6"", ""Puid"": ""690""}"
P-07BC-0_GA-663,2092,On/Off 23,DPST-1-6,P-07BC-0_GR-8,Main ON/OFF,"{""Id"": ""P-07BC-0_GA-663"", ""Address"": ""2092"", ""Name"": ""On/Off 23"", ""DatapointType"": ""DPST-1-6"", ""Puid"": ""691""}"
P-07BC-0_GA-664,2093,On/Off 23 Info,DPST-1-6,P-07BC-0_GR-8,Main ON/OFF,"{""Id"": ""P-07BC-0_GA-664"", ""Address"": ""2093"", ""Name"": ""On/Off 23 Info"", ""DatapointType"": ""DPST-1-6"", ""Puid"": ""692""}"
P-07BC-0_GA-665,2094,On/Off 24,DPST-1-6,P-07BC-0_GR-8,Main ON/OFF,"{""Id"": ""P-07BC-0_GA-665"", ""Address"": ""2094"", ""Name"": ""On/Off 24"", ""DatapointType"": ""DPST-1-6"", ""Puid"": ""693""}"
P-07BC-0_GA-666,2095,On/Off 24 Info,DPST-1-6,P-07BC-0_GR-8,Main ON/OFF,"{""Id"": ""P-07BC-0_GA-666"", ""Address"": ""2095"", ""Name"": ""On/Off 24 Info"", ""DatapointType"": ""DPST-1-6"", ""Puid"": ""694""}"
P-07BC-0_GA-667,2096,On/Off 25,DPST-1-6,P-07BC-0_GR-8,Main ON/OFF,"{""Id"": ""P-07BC-0_GA-667"", ""Address"": ""2096"", ""Name"": ""On/Off 25"", ""DatapointType"": ""DPST-1-6"", ""Puid"": ""695""}"
P-07BC-0_GA-668,2097,On/Off 25 Info,DPST-1-6,P-07BC-0_GR-8,Main ON/OFF,"{""Id"": ""P-07BC-0_GA-668"", ""Address"": ""2097"", ""Name"": ""On/Off 25 Info"", ""DatapointType"": ""DPST-1-6"", ""Puid"": ""696""}"
P-07BC-0_GA-669,2098,On/Off 26,DPST-1-6,P-07BC-0_GR-8,Main ON/OFF,"{""Id"": ""P-07BC-0_GA-669"", ""Address"": ""2098"", ""Name"": ""On/Off 26"", ""DatapointType"": ""DPST-1-6"", ""Puid"": ""697""}"
P-07BC-0_GA-670,2099,On/Off 26 Info,DPST-1-6,P-07BC-0_GR-8,Main ON/OFF,"{""Id"": ""P-07BC-0_GA-670"", ""Address"": ""2099"", ""Name"": ""On/Off 26 Info"", ""DatapointType"": ""DPST-1-6"", ""Puid"": ""698""}"
P-07BC-0_GA-671,2100,On/Off 27,DPST-1-6,P-07BC-0_GR-8,Main ON/OFF,"{""Id"": ""P-07BC-0_GA-671"", ""Address"": ""2100"", ""Name"": ""On/Off 27"", ""DatapointType"": ""DPST-1-6"", ""Puid"": ""699""}"
P-07BC-0_GA-672,2101,On/Off 27 Info,DPST-1-6,P-07BC-0_GR-8,Main ON/OFF,"{""Id"": ""P-07BC-0_GA-672"", ""Address"": ""2101"", ""Name"": ""On/Off 27 Info"", ""DatapointType"": ""DPST-1-6"", ""Puid"": ""700""}"
P-07BC-0_GA-673,2102,On/Off 28,DPST-1-6,P-07BC-0_GR-8,Main ON/OFF,"{""Id"": ""P-07BC-0_GA-673"", ""Address"": ""2102"", ""Name"": ""On/Off 28"", ""DatapointType"": ""DPST-1-6"", ""Puid"": ""701""}"
P-07BC-0_GA-674,2103,On/Off 28 Info,DPST-1-6,P-07BC-0_GR-8,Main ON/OFF,"{""Id"": ""P-07BC-0_GA-674"", ""Address"": ""2103"", ""Name"": ""On/Off 28 Info"", ""DatapointType"": ""DPST-1-6"", ""Puid"": ""702""}"
P-07BC-0_GA-675,2104,On/Off 29,DPST-1-6,P-07BC-0_GR-8,Main ON/OFF,"{""Id"": ""P-07BC-0_GA-675"", ""Address"": ""2104"", ""Name"": ""On/Off 29"", ""DatapointType"": ""DPST-1-6"", ""Puid"": ""703""}"
P-07BC-0_GA-676,2105,On/Off 29 Info,DPST-1-6,P-07BC-0_GR-8,Main ON/OFF,"{""Id"": ""P-07BC-0_GA-676"", ""Address"": ""2105"", ""Name"": ""On/Off 29 Info"", ""DatapointType"": ""DPST-1-6"", ""Puid"": ""704""}"
P-07BC-0_GA-677,2106,On/Off 30,DPST-1-6,P-07BC-0_GR-8,Main ON/OFF,"{""Id"": ""P-07BC-0_GA-677"", ""Address"": ""2106"", ""Name"": ""On/Off 30"", ""DatapointType"": ""DPST-1-6"", ""Puid"": ""705""}"
P-07BC-0_GA-678,2107,On/Off 30 Info,DPST-1-6,P-07BC-0_GR-8,Main ON/OFF,"{""Id"": ""P-07BC-0_GA-678"", ""Address"": ""2107"", ""Name"": ""On/Off 30 Info"", ""DatapointType"": ""DPST-1-6"", ""Puid"": ""706""}"
P-07BC-0_GA-679,2108,On/Off 31,DPST-1-6,P-07BC-0_GR-8,Main ON/OFF,"{""Id"": ""P-07BC-0_GA-679"", ""Address"": ""2108"", ""Name"": ""On/Off 31"", ""DatapointType"": ""DPST-1-6"", ""Puid"": ""707""}"
P-07BC-0_GA-680,2109,On/Off 31 Info,DPST-1-6,P-07BC-0_GR-8,Main ON/OFF,"{""Id"": ""P-07BC-0_GA-680"", ""Address"": ""2109"", ""Name"": ""On/Off 31 Info"", ""DatapointType"": ""DPST-1-6"", ""Puid"": ""708""}"
P-07BC-0_GA-681,2110,On/Off 32,DPST-1-6,P-07BC-0_GR-8,Main ON/OFF,"{""Id"": ""P-07BC-0_GA-681"", ""Address"": ""2110"", ""Name"": ""On/Off 32"", ""DatapointType"": ""DPST-1-6"", ""Puid"": ""709""}"
P-07BC-0_GA-682,2111,On/Off 32 Info,DPST-1-6,P-07BC-0_GR-8,Main ON/OFF,"{""Id"": ""P-07BC-0_GA-682"", ""Address"": ""2111"", ""Name"": ""On/Off 32 Info"", ""DatapointType"": ""DPST-1-6"", ""Puid"": ""710""}"
P-07BC-0_GA-683,2112,On/Off 33,DPST-1-6,P-07BC-0_GR-8,Main ON/OFF,"{""Id"": ""P-07BC-0_GA-683"", ""Address"": ""2112"", ""Name"": ""On/Off 33"", ""DatapointType"": ""DPST-1-6"", ""Puid"": ""711""}"
P-07BC-0_GA-684,2113,On/Off 33 Info,DPST-1-6,P-07BC-0_GR-8,Main ON/OFF,"{""Id"": ""P-07BC-0_GA-684"", ""Address"": ""2113"", ""Name"": ""On/Off 33 Info"", ""DatapointType"": ""DPST-1-6"", ""Puid"": ""712""}"
P-07BC-0_GA-685,2114,On/Off 34,DPST-1-6,P-07BC-0_GR-8,Main ON/OFF,"{""Id"": ""P-07BC-0_GA-685"", ""Address"": ""2114"", ""Name"": ""On/Off 34"", ""DatapointType"": ""DPST-1-6"", ""Puid"": ""713""}"
P-07BC-0_GA-686,2115,On/Off 34 Info,DPST-1-6,P-07BC-0_GR-8,Main ON/OFF,"{""Id"": ""P-07BC-0_GA-686"", ""Address"": ""2115"", ""Name"": ""On/Off 34 Info"", ""DatapointType"": ""DPST-1-6"", ""Puid"": ""714""}"
P-07BC-0_GA-687,2116,On/Off 35,DPST-1-6,P-07BC-0_GR-8,Main ON/OFF,"{""Id"": ""P-07BC-0_GA-687"", ""Address"": ""2116"", ""Name"": ""On/Off 35"", ""DatapointType"": ""DPST-1-6"", ""Puid"": ""715""}"
P-07BC-0_GA-688,2117,On/Off 35 Info,DPST-1-6,P-07BC-0_GR-8,Main ON/OFF,"{""Id"": ""P-07BC-0_GA-688"", ""Address"": ""2117"", ""Name"": ""On/Off 35 Info"", ""DatapointType"": ""DPST-1-6"", ""Puid"": ""716""}"
P-07BC-0_GA-689,2118,On/Off 36,DPST-1-6,P-07BC-0_GR-8,Main ON/OFF,"{""Id"": ""P-07BC-0_GA-689"", ""Address"": ""2118"", ""Name"": ""On/Off 36"", ""DatapointType"": ""DPST-1-6"", ""Puid"": ""717""}"
P-07BC-0_GA-690,2119,On/Off 36 Info,DPST-1-6,P-07BC-0_GR-8,Main ON/OFF,"{""Id"": ""P-07BC-0_GA-690"", ""Address"": ""2119"", ""Name"": ""On/Off 36 Info"", ""DatapointType"": ""DPST-1-6"", ""Puid"": ""718""}"
P-07BC-0_GA-691,2120,On/Off 37,DPST-1-6,P-07BC-0_GR-8,Main ON/OFF,"{""Id"": ""P-07BC-0_GA-691"", ""Address"": ""2120"", ""Name"": ""On/Off 37"", ""DatapointType"": ""DPST-1-6"", ""Puid"": ""719""}"
P-07BC-0_GA-692,2121,On/Off 37 Info,DPST-1-6,P-07BC-0_GR-8,Main ON/OFF,"{""Id"": ""P-07BC-0_GA-692"", ""Address"": ""2121"", ""Name"": ""On/Off 37 Info"", ""DatapointType"": ""DPST-1-6"", ""Puid"": ""720""}"
P-07BC-0_GA-693,2122,On/Off 38,DPST-1-6,P-07BC-0_GR-8,Main ON/OFF,"{""Id"": ""P-07BC-0_GA-693"", ""Address"": ""2122"", ""Name"": ""On/Off 38"", ""DatapointType"": ""DPST-1-6"", ""Puid"": ""721""}"
P-07BC-0_GA-694,2123,On/Off 38 Info,DPST-1-6,P-07BC-0_GR-8,Main ON/OFF,"{""Id"": ""P-07BC-0_GA-694"", ""Address"": ""2123"", ""Name"": ""On/Off 38 Info"", ""DatapointType"": ""DPST-1-6"", ""Puid"": ""722""}"
P-07BC-0_GA-695,2124,On/Off 39,DPST-1-6,P-07BC-0_GR-8,Main ON/OFF,"{""Id"": ""P-07BC-0_GA-695"", ""Address"": ""2124"", ""Name"": ""On/Off 39"", ""DatapointType"": ""DPST-1-6"", ""Puid"": ""723""}"
P-07BC-0_GA-696,2125,On/Off 39 Info,DPST-1-6,P-07BC-0_GR-8,Main ON/OFF,"{""Id"": ""P-07BC-0_GA-696"", ""Address"": ""2125"", ""Name"": ""On/Off 39 Info"", ""DatapointType"": ""DPST-1-6"", ""Puid"": ""724""}"
P-07BC-0_GA-697,2126,On/Off 40,DPST-1-6,P-07BC-0_GR-8,Main ON/OFF,"{""Id"": ""P-07BC-0_GA-697"", ""Address"": ""2126"", ""Name"": ""On/Off 40"", ""DatapointType"": ""DPST-1-6"", ""Puid"": ""725""}"
P-07BC-0_GA-698,2127,On/Off 40 Info,DPST-1-6,P-07BC-0_GR-8,Main ON/OFF,"{""Id"": ""P-07BC-0_GA-698"", ""Address"": ""2127"", ""Name"": ""On/Off 40 Info"", ""DatapointType"": ""DPST-1-6"", ""Puid"": ""726""}"
P-07BC-0_GA-699,2128,On/Off 41,DPST-1-6,P-07BC-0_GR-8,Main ON/OFF,"{""Id"": ""P-07BC-0_GA-699"", ""Address"": ""2128"", ""Name"": ""On/Off 41"", ""DatapointType"": ""DPST-1-6"", ""Puid"": ""727""}"
P-07BC-0_GA-700,2129,On/Off 41 Info,DPST-1-6,P-07BC-0_GR-8,Main ON/OFF,"{""Id"": ""P-07BC-0_GA-700"", ""Address"": ""2129"", ""Name"": ""On/Off 41 Info"", ""DatapointType"": ""DPST-1-6"", ""Puid"": ""728""}"
P-07BC-0_GA-701,2130,On/Off 42,DPST-1-6,P-07BC-0_GR-8,Main ON/OFF,"{""Id"": ""P-07BC-0_GA-701"", ""Address"": ""2130"", ""Name"": ""On/Off 42"", ""DatapointType"": ""DPST-1-6"", ""Puid"": ""729""}"
P-07BC-0_GA-702,2131,On/Off 42 Info,DPST-1-6,P-07BC-0_GR-8,Main ON/OFF,"{""Id"": ""P-07BC-0_GA-702"", ""Address"": ""2131"", ""Name"": ""On/Off 42 Info"", ""DatapointType"": ""DPST-1-6"", ""Puid"": ""730""}"
P-07BC-0_GA-703,2132,On/Off 43,DPST-1-6,P-07BC-0_GR-8,Main ON/OFF,"{""Id"": ""P-07BC-0_GA-703"", ""Address"": ""2132"", ""Name"": ""On/Off 43"", ""DatapointType"": ""DPST-1-6"", ""Puid"": ""731""}"
P-07BC-0_GA-704,2133,On/Off 43 Info,DPST-1-6,P-07BC-0_GR-8,Main ON/OFF,"{""Id"": ""P-07BC-0_GA-704"", ""Address"": ""2133"", ""Name"": ""On/Off 43 Info"", ""DatapointType"": ""DPST-1-6"", ""Puid"": ""732""}"
P-07BC-0_GA-705,2134,On/Off 44,DPST-1-6,P-07BC-0_GR-8,Main ON/OFF,"{""Id"": ""P-07BC-0_GA-705"", ""Address"": ""2134"", ""Name"": ""On/Off 44"", ""DatapointType"": ""DPST-1-6"", ""Puid"": ""733""}"
P-07BC-0_GA-706,2135,On/Off 44 Info,DPST-1-6,P-07BC-0_GR-8,Main ON/OFF,"{""Id"": ""P-07BC-0_GA-706"", ""Address"": ""2135"", ""Name"": ""On/Off 44 Info"", ""DatapointType"": ""DPST-1-6"", ""Puid"": ""734""}"
P-07BC-0_GA-707,2136,On/Off 45,DPST-1-6,P-07BC-0_GR-8,Main ON/OFF,"{""Id"": ""P-07BC-0_GA-707"", ""Address"": ""2136"", ""Name"": ""On/Off 45"", ""DatapointType"": ""DPST-1-6"", ""Puid"": ""735""}"
P-07BC-0_GA-708,2137,On/Off 45 Info,DPST-1-6,P-07BC-0_GR-8,Main ON/OFF,"{""Id"": ""P-07BC-0_GA-708"", ""Address"": ""2137"", ""Name"": ""On/Off 45 Info"", ""DatapointType"": ""DPST-1-6"", ""Puid"": ""736""}"
P-07BC-0_GA-709,2138,On/Off 46,DPST-1-6,P-07BC-0_GR-8,Main ON/OFF,"{""Id"": ""P-07BC-0_GA-709"", ""Address"": ""2138"", ""Name"": ""On/Off 46"", ""DatapointType"": ""DPST-1-6"", ""Puid"": ""737""}"
P-07BC-0_GA-710,2139,On/Off 46 Info,DPST-1-6,P-07BC-0_GR-8,Main ON/OFF,"{""Id"": ""P-07BC-0_GA-710"", ""Address"": ""2139"", ""Name"": ""On/Off 46 Info"", ""DatapointType"": ""DPST-1-6"", ""Puid"": ""738""}"
P-07BC-0_GA-711,2140,On/Off 47,DPST-1-6,P-07BC-0_GR-8,Main ON/OFF,"{""Id"": ""P-07BC-0_GA-711"", ""Address"": ""2140"", ""Name"": ""On/Off 47"", ""DatapointType"": ""DPST-1-6"", ""Puid"": ""739""}"
P-07BC-0_GA-712,2141,On/Off 47 Info,DPST-1-6,P-07BC-0_GR-8,Main ON/OFF,"{""Id"": ""P-07BC-0_GA-712"", ""Address"": ""2141"", ""Name"": ""On/Off 47 Info"", ""DatapointType"": ""DPST-1-6"", ""Puid"": ""740""}"
P-07BC-0_GA-713,2142,On/Off 48,DPST-1-6,P-07BC-0_GR-8,Main ON/OFF,"{""Id"": ""P-07BC-0_GA-713"", ""Address"": ""2142"", ""Name"": ""On/Off 48"", ""DatapointType"": ""DPST-1-6"", ""Puid"": ""741""}"
P-07BC-0_GA-714,2143,On/Off 48 Info,DPST-1-6,P-07BC-0_GR-8,Main ON/OFF,"{""Id"": ""P-07BC-0_GA-714"", ""Address"": ""2143"", ""Name"": ""On/Off 48 Info"", ""DatapointType"": ""DPST-1-6"", ""Puid"": ""742""}"
P-07BC-0_GA-715,2144,On/Off 49,DPST-1-6,P-07BC-0_GR-8,Main ON/OFF,"{""Id"": ""P-07BC-0_GA-715"", ""Address"": ""2144"", ""Name"": ""On/Off 49"", ""DatapointType"": ""DPST-1-6"", ""Puid"": ""743""}"
P-07BC-0_GA-716,2145,On/Off 49 Info,DPST-1-6,P-07BC-0_GR-8,Main ON/OFF,"{""Id"": ""P-07BC-0_GA-716"", ""Address"": ""2145"", ""Name"": ""On/Off 49 Info"", ""DatapointType"": ""DPST-1-6"", ""Puid"": ""744""}"
P-07BC-0_GA-717,2146,On/Off 50,DPST-1-6,P-07BC-0_GR-8,Main ON/OFF,"{""Id"": ""P-07BC-0_GA-717"", ""Address"": ""2146"", ""Name"": ""On/Off 50"", ""DatapointType"": ""DPST-1-6"", ""Puid"": ""745""}"
P-07BC-0_GA-718,2147,On/Off 50 Info,DPST-1-6,P-07BC-0_GR-8,Main ON/OFF,"{""Id"": ""P-07BC-0_GA-718"", ""Address"": ""2147"", ""Name"": ""On/Off 50 Info"", ""DatapointType"": ""DPST-1-6"", ""Puid"": ""746""}"
P-07BC-0_GA-719,2148,On/Off 51,DPST-1-6,P-07BC-0_GR-8,Main ON/OFF,"{""Id"": ""P-07BC-0_GA-719"", ""Address"": ""2148"", ""Name"": ""On/Off 51"", ""DatapointType"": ""DPST-1-6"", ""Puid"": ""747""}"
P-07BC-0_GA-720,2149,On/Off 51 Info,DPST-1-6,P-07BC-0_GR-8,Main ON/OFF,"{""Id"": ""P-07BC-0_GA-720"", ""Address"": ""2149"", ""Name"": ""On/Off 51 Info"", ""DatapointType"": ""DPST-1-6"", ""Puid"": ""748""}"
P-07BC-0_GA-721,2150,On/Off 52,DPST-1-6,P-07BC-0_GR-8,Main ON/OFF,"{""Id"": ""P-07BC-0_GA-721"", ""Address"": ""2150"", ""Name"": ""On/Off 52"", ""DatapointType"": ""DPST-1-6"", ""Puid"": ""749""}"
P-07BC-0_GA-722,2151,On/Off 52 Info,DPST-1-6,P-07BC-0_GR-8,Main ON/OFF,"{""Id"": ""P-07BC-0_GA-722"", ""Address"": ""2151"", ""Name"": ""On/Off 52 Info"", ""DatapointType"": ""DPST-1-6"", ""Puid"": ""750""}"
P-07BC-0_GA-723,2152,On/Off 53,DPST-1-6,P-07BC-0_GR-8,Main ON/OFF,"{""Id"": ""P-07BC-0_GA-723"", ""Address"": ""2152"", ""Name"": ""On/Off 53"", ""DatapointType"": ""DPST-1-6"", ""Puid"": ""751""}"
P-07BC-0_GA-724,2153,On/Off 53 Info,DPST-1-6,P-07BC-0_GR-8,Main ON/OFF,"{""Id"": ""P-07BC-0_GA-724"", ""Address"": ""2153"", ""Name"": ""On/Off 53 Info"", ""DatapointType"": ""DPST-1-6"", ""Puid"": ""752""}"
P-07BC-0_GA-725,2154,On/Off 54,DPST-1-6,P-07BC-0_GR-8,Main ON/OFF,"{""Id"": ""P-07BC-0_GA-725"", ""Address"": ""2154"", ""Name"": ""On/Off 54"", ""DatapointType"": ""DPST-1-6"", ""Puid"": ""753""}"
P-07BC-0_GA-726,2155,On/Off 54 Info,DPST-1-6,P-07BC-0_GR-8,Main ON/OFF,"{""Id"": ""P-07BC-0_GA-726"", ""Address"": ""2155"", ""Name"": ""On/Off 54 Info"", ""DatapointType"": ""DPST-1-6"", ""Puid"": ""754""}"
P-07BC-0_GA-727,2156,On/Off 55,DPST-1-6,P-07BC-0_GR-8,Main ON/OFF,"{""Id"": ""P-07BC-0_GA-727"", ""Address"": ""2156"", ""Name"": ""On/Off 55"", ""DatapointType"": ""DPST-1-6"", ""Puid"": ""755""}"
P-07BC-0_GA-728,2157,On/Off 55 Info,DPST-1-6,P-07BC-0_GR-8,Main ON/OFF,"{""Id"": ""P-07BC-0_GA-728"", ""Address"": ""2157"", ""Name"": ""On/Off 55 Info"", ""DatapointType"": ""DPST-1-6"", ""Puid"": ""756""}"
P-07BC-0_GA-729,2158,On/Off 56,DPST-1-6,P-07BC-0_GR-8,Main ON/OFF,"{""Id"": ""P-07BC-0_GA-729"", ""Address"": ""2158"", ""Name"": ""On/Off 56"", ""DatapointType"": ""DPST-1-6"", ""Puid"": ""757""}"
P-07BC-0_GA-730,2159,On/Off 56 Info,DPST-1-6,P-07BC-0_GR-8,Main ON/OFF,"{""Id"": ""P-07BC-0_GA-730"", ""Address"": ""2159"", ""Name"": ""On/Off 56 Info"", ""DatapointType"": ""DPST-1-6"", ""Puid"": ""758""}"
P-07BC-0_GA-731,2160,On/Off 57,DPST-1-6,P-07BC-0_GR-8,Main ON/OFF,"{""Id"": ""P-07BC-0_GA-731"", ""Address"": ""2160"", ""Name"": ""On/Off 57"", ""DatapointType"": ""DPST-1-6"", ""Puid"": ""759""}"
P-07BC-0_GA-732,2161,On/Off 57 Info,DPST-1-6,P-07BC-0_GR-8,Main ON/OFF,"{""Id"": ""P-07BC-0_GA-732"", ""Address"": ""2161"", ""Name"": ""On/Off 57 Info"", ""DatapointType"": ""DPST-1-6"", ""Puid"": ""760""}"
P-07BC-0_GA-733,2162,On/Off 58,DPST-1-6,P-07BC-0_GR-8,Main ON/OFF,"{""Id"": ""P-07BC-0_GA-733"", ""Address"": ""2162"", ""Name"": ""On/Off 58"", ""DatapointType"": ""DPST-1-6"", ""Puid"": ""761""}"
P-07BC-0_GA-734,2163,On/Off 58 Info,DPST-1-6,P-07BC-0_GR-8,Main ON/OFF,"{""Id"": ""P-07BC-0_GA-734"", ""Address"": ""2163"", ""Name"": ""On/Off 58 Info"", ""DatapointType"": ""DPST-1-6"", ""Puid"": ""762""}"
P-07BC-0_GA-735,2164,On/Off 59,DPST-1-6,P-07BC-0_GR-8,Main ON/OFF,"{""Id"": ""P-07BC-0_GA-735"", ""Address"": ""2164"", ""Name"": ""On/Off 59"", ""DatapointType"": ""DPST-1-6"", ""Puid"": ""763""}"
P-07BC-0_GA-736,2165,On/Off 59 Info,DPST-1-6,P-07BC-0_GR-8,Main ON/OFF,"{""Id"": ""P-07BC-0_GA-736"", ""Address"": ""2165"", ""Name"": ""On/Off 59 Info"", ""DatapointType"": ""DPST-1-6"", ""Puid"": ""764""}"
P-07BC-0_GA-737,2166,On/Off 60,DPST-1-6,P-07BC-0_GR-8,Main ON/OFF,"{""Id"": ""P-07BC-0_GA-737"", ""Address"": ""2166"", ""Name"": ""On/Off 60"", ""DatapointType"": ""DPST-1-6"", ""Puid"": ""765""}"
P-07BC-0_GA-738,2167,On/Off 60 Info,DPST-1-6,P-07BC-0_GR-8,Main ON/OFF,"{""Id"": ""P-07BC-0_GA-738"", ""Address"": ""2167"", ""Name"": ""On/Off 60 Info"", ""DatapointType"": ""DPST-1-6"", ""Puid"": ""766""}"
P-07BC-0_GA-739,2168,On/Off 61,DPST-1-6,P-07BC-0_GR-8,Main ON/OFF,"{""Id"": ""P-07BC-0_GA-739"", ""Address"": ""2168"", ""Name"": ""On/Off 61"", ""DatapointType"": ""DPST-1-6"", ""Puid"": ""767""}"
P-07BC-0_GA-740,2169,On/Off 61 Info,DPST-1-6,P-07BC-0_GR-8,Main ON/OFF,"{""Id"": ""P-07BC-0_GA-740"", ""Address"": ""2169"", ""Name"": ""On/Off 61 Info"", ""DatapointType"": ""DPST-1-6"", ""Puid"": ""768""}"
P-07BC-0_GA-741,2170,On/Off 62 ,DPST-1-6,P-07BC-0_GR-8,Main ON/OFF,"{""Id"": ""P-07BC-0_GA-741"", ""Address"": ""2170"", ""Name"": ""On/Off 62 "", ""DatapointType"": ""DPST-1-6"", ""Puid"": ""769""}"
P-07BC-0_GA-742,2171,On/Off 62 Info,DPST-1-6,P-07BC-0_GR-8,Main ON/OFF,"{""Id"": ""P-07BC-0_GA-742"", ""Address"": ""2171"", ""Name"": ""On/Off 62 Info"", ""DatapointType"": ""DPST-1-6"", ""Puid"": ""770""}"
P-07BC-0_GA-743,2172,On/Off 63,DPST-1-6,P-07BC-0_GR-8,Main ON/OFF,"{""Id"": ""P-07BC-0_GA-743"", ""Address"": ""2172"", ""Name"": ""On/Off 63"", ""DatapointType"": ""DPST-1-6"", ""Puid"": ""771""}"
P-07BC-0_GA-744,2173,On/Off 63 Info,DPST-1-6,P-07BC-0_GR-8,Main ON/OFF,"{""Id"": ""P-07BC-0_GA-744"", ""Address"": ""2173"", ""Name"": ""On/Off 63 Info"", ""DatapointType"": ""DPST-1-6"", ""Puid"": ""772""}"
P-07BC-0_GA-745,2174,On/Off 64,DPST-1-6,P-07BC-0_GR-8,Main ON/OFF,"{""Id"": ""P-07BC-0_GA-745"", ""Address"": ""2174"", ""Name"": ""On/Off 64"", ""DatapointType"": ""DPST-1-6"", ""Puid"": ""773""}"
P-07BC-0_GA-746,2175,On/Off 64 Info,DPST-1-6,P-07BC-0_GR-8,Main ON/OFF,"{""Id"": ""P-07BC-0_GA-746"", ""Address"": ""2175"", ""Name"": ""On/Off 64 Info"", ""DatapointType"": ""DPST-1-6"", ""Puid"": ""774""}"
P-07BC-0_GA-747,2176,On/Off 65,DPST-1-6,P-07BC-0_GR-8,Main ON/OFF,"{""Id"": ""P-07BC-0_GA-747"", ""Address"": ""2176"", ""Name"": ""On/Off 65"", ""DatapointType"": ""DPST-1-6"", ""Puid"": ""775""}"
P-07BC-0_GA-748,2177,On/Off 65 Info,DPST-1-6,P-07BC-0_GR-8,Main ON/OFF,"{""Id"": ""P-07BC-0_GA-748"", ""Address"": ""2177"", ""Name"": ""On/Off 65 Info"", ""DatapointType"": ""DPST-1-6"", ""Puid"": ""776""}"
P-07BC-0_GA-749,2178,On/Off 66,DPST-1-6,P-07BC-0_GR-8,Main ON/OFF,"{""Id"": ""P-07BC-0_GA-749"", ""Address"": ""2178"", ""Name"": ""On/Off 66"", ""DatapointType"": ""DPST-1-6"", ""Puid"": ""777""}"
P-07BC-0_GA-750,2179,On/Off 66 Info,DPST-1-6,P-07BC-0_GR-8,Main ON/OFF,"{""Id"": ""P-07BC-0_GA-750"", ""Address"": ""2179"", ""Name"": ""On/Off 66 Info"", ""DatapointType"": ""DPST-1-6"", ""Puid"": ""778""}"
P-07BC-0_GA-751,2180,On/Off 67,DPST-1-6,P-07BC-0_GR-8,Main ON/OFF,"{""Id"": ""P-07BC-0_GA-751"", ""Address"": ""2180"", ""Name"": ""On/Off 67"", ""DatapointType"": ""DPST-1-6"", ""Puid"": ""779""}"
P-07BC-0_GA-752,2181,On/Off 67 Info,DPST-1-6,P-07BC-0_GR-8,Main ON/OFF,"{""Id"": ""P-07BC-0_GA-752"", ""Address"": ""2181"", ""Name"": ""On/Off 67 Info"", ""DatapointType"": ""DPST-1-6"", ""Puid"": ""780""}"
P-07BC-0_GA-753,2182,On/Off 68,DPST-1-6,P-07BC-0_GR-8,Main ON/OFF,"{""Id"": ""P-07BC-0_GA-753"", ""Address"": ""2182"", ""Name"": ""On/Off 68"", ""DatapointType"": ""DPST-1-6"", ""Puid"": ""781""}"
P-07BC-0_GA-754,2183,On/Off 68 Info,DPST-1-6,P-07BC-0_GR-8,Main ON/OFF,"{""Id"": ""P-07BC-0_GA-754"", ""Address"": ""2183"", ""Name"": ""On/Off 68 Info"", ""DatapointType"": ""DPST-1-6"", ""Puid"": ""782""}"
P-07BC-0_GA-755,2184,On/Off 69,DPST-1-6,P-07BC-0_GR-8,Main ON/OFF,"{""Id"": ""P-07BC-0_GA-755"", ""Address"": ""2184"", ""Name"": ""On/Off 69"", ""DatapointType"": ""DPST-1-6"", ""Puid"": ""783""}"
P-07BC-0_GA-756,2185,On/Off 69 Info,DPST-1-6,P-07BC-0_GR-8,Main ON/OFF,"{""Id"": ""P-07BC-0_GA-756"", ""Address"": ""2185"", ""Name"": ""On/Off 69 Info"", ""DatapointType"": ""DPST-1-6"", ""Puid"": ""784""}"
P-07BC-0_GA-757,2186,On/Off 70,DPST-1-6,P-07BC-0_GR-8,Main ON/OFF,"{""Id"": ""P-07BC-0_GA-757"", ""Address"": ""2186"", ""Name"": ""On/Off 70"", ""DatapointType"": ""DPST-1-6"", ""Puid"": ""785""}"
P-07BC-0_GA-758,2187,On/Off 70 Info,DPST-1-6,P-07BC-0_GR-8,Main ON/OFF,"{""Id"": ""P-07BC-0_GA-758"", ""Address"": ""2187"", ""Name"": ""On/Off 70 Info"", ""DatapointType"": ""DPST-1-6"", ""Puid"": ""786""}"
P-07BC-0_GA-759,2188,On/Off 71,DPST-1-6,P-07BC-0_GR-8,Main ON/OFF,"{""Id"": ""P-07BC-0_GA-759"", ""Address"": ""2188"", ""Name"": ""On/Off 71"", ""DatapointType"": ""DPST-1-6"", ""Puid"": ""787""}"
P-07BC-0_GA-760,2189,On/Off 71 Info,DPST-1-6,P-07BC-0_GR-8,Main ON/OFF,"{""Id"": ""P-07BC-0_GA-760"", ""Address"": ""2189"", ""Name"": ""On/Off 71 Info"", ""DatapointType"": ""DPST-1-6"", ""Puid"": ""788""}"
P-07BC-0_GA-761,2190,On/Off 72,DPST-1-6,P-07BC-0_GR-8,Main ON/OFF,"{""Id"": ""P-07BC-0_GA-761"", ""Address"": ""2190"", ""Name"": ""On/Off 72"", ""DatapointType"": ""DPST-1-6"", ""Puid"": ""789""}"
P-07BC-0_GA-762,2191,On/Off 72 Info,DPST-1-6,P-07BC-0_GR-8,Main ON/OFF,"{""Id"": ""P-07BC-0_GA-762"", ""Address"": ""2191"", ""Name"": ""On/Off 72 Info"", ""DatapointType"": ""DPST-1-6"", ""Puid"": ""790""}"
P-07BC-0_GA-763,2304,D64 Dimming Info ,DPST-5-1,P-07BC-0_GR-9,Dali,"{""Id"": ""P-07BC-0_GA-763"", ""Address"": ""2304"", ""Name"": ""D64 Dimming Info "", ""DatapointType"": ""DPST-5-1"", ""Puid"": ""792""}"
P-07BC-0_GA-764,2305,D1 ON/Off,DPST-1-1,P-07BC-0_GR-9,Dali,"{""Id"": ""P-07BC-0_GA-764"", ""Address"": ""2305"", ""Name"": ""D1 ON/Off"", ""DatapointType"": ""DPST-1-1"", ""Puid"": ""793""}"
P-07BC-0_GA-765,2306,D1 ON/Off Info ,DPST-5-1,P-07BC-0_GR-9,Dali,"{""Id"": ""P-07BC-0_GA-765"", ""Address"": ""2306"", ""Name"": ""D1 ON/Off Info "", ""DatapointType"": ""DPST-5-1"", ""Puid"": ""794""}"
P-07BC-0_GA-766,2307,D1 Dimming  ,DPST-5-1,P-07BC-0_GR-9,Dali,"{""Id"": ""P-07BC-0_GA-766"", ""Address"": ""2307"", ""Name"": ""D1 Dimming  "", ""DatapointType"": ""DPST-5-1"", ""Puid"": ""795""}"
P-07BC-0_GA-767,2308,D1 Dimming  Info ,DPST-3-7,P-07BC-0_GR-9,Dali,"{""Id"": ""P-07BC-0_GA-767"", ""Address"": ""2308"", ""Name"": ""D1 Dimming  Info "", ""DatapointType"": ""DPST-3-7"", ""Puid"": ""796""}"
P-07BC-0_GA-768,2309,D2 ON/Off ,DPST-1-1,P-07BC-0_GR-9,Dali,"{""Id"": ""P-07BC-0_GA-768"", ""Address"": ""2309"", ""Name"": ""D2 ON/Off "", ""DatapointType"": ""DPST-1-1"", ""Puid"": ""797""}"
P-07BC-0_GA-769,2310,D2 ON/Off Info ,DPST-5-1,P-07BC-0_GR-9,Dali,"{""Id"": ""P-07BC-0_GA-769"", ""Address"": ""2310"", ""Name"": ""D2 ON/Off Info "", ""DatapointType"": ""DPST-5-1"", ""Puid"": ""798""}"
P-07BC-0_GA-770,2311,D2 Dimming  ,DPST-5-1,P-07BC-0_GR-9,Dali,"{""Id"": ""P-07BC-0_GA-770"", ""Address"": ""2311"", ""Name"": ""D2 Dimming  "", ""DatapointType"": ""DPST-5-1"", ""Puid"": ""799""}"
P-07BC-0_GA-771,2312,D2 Dimming  Info ,DPST-3-7,P-07BC-0_GR-9,Dali,"{""Id"": ""P-07BC-0_GA-771"", ""Address"": ""2312"", ""Name"": ""D2 Dimming  Info "", ""DatapointType"": ""DPST-3-7"", ""Puid"": ""800""}"
P-07BC-0_GA-772,2313,D3 ON/Off ,DPST-1-1,P-07BC-0_GR-9,Dali,"{""Id"": ""P-07BC-0_GA-772"", ""Address"": ""2313"", ""Name"": ""D3 ON/Off "", ""DatapointType"": ""DPST-1-1"", ""Puid"": ""801""}"
P-07BC-0_GA-773,2314,D3 ON/Off Info ,DPST-5-1,P-07BC-0_GR-9,Dali,"{""Id"": ""P-07BC-0_GA-773"", ""Address"": ""2314"", ""Name"": ""D3 ON/Off Info "", ""DatapointType"": ""DPST-5-1"", ""Puid"": ""802""}"
P-07BC-0_GA-774,2315,D3 Dimming ,DPST-5-1,P-07BC-0_GR-9,Dali,"{""Id"": ""P-07BC-0_GA-774"", ""Address"": ""2315"", ""Name"": ""D3 Dimming "", ""DatapointType"": ""DPST-5-1"", ""Puid"": ""803""}"
P-07BC-0_GA-775,2316,D3 Dimming Info ,DPST-3-7,P-07BC-0_GR-9,Dali,"{""Id"": ""P-07BC-0_GA-775"", ""Address"": ""2316"", ""Name"": ""D3 Dimming Info "", ""DatapointType"": ""DPST-3-7"", ""Puid"": ""804""}"
P-07BC-0_GA-776,2317,D4 ON/Off ,DPST-1-1,P-07BC-0_GR-9,Dali,"{""Id"": ""P-07BC-0_GA-776"", ""Address"": ""2317"", ""Name"": ""D4 ON/Off "", ""DatapointType"": ""DPST-1-1"", ""Puid"": ""805""}"
P-07BC-0_GA-777,2318,D4 ON/Off Info ,DPST-5-1,P-07BC-0_GR-9,Dali,"{""Id"": ""P-07BC-0_GA-777"", ""Address"": ""2318"", ""Name"": ""D4 ON/Off Info "", ""DatapointType"": ""DPST-5-1"", ""Puid"": ""806""}"
P-07BC-0_GA-778,2319,D4 Dimmimg ,DPST-5-1,P-07BC-0_GR-9,Dali,"{""Id"": ""P-07BC-0_GA-778"", ""Address"": ""2319"", ""Name"": ""D4 Dimmimg "", ""DatapointType"": ""DPST-5-1"", ""Puid"": ""807""}"
P-07BC-0_GA-779,2320,D4 Dimmimg Info ,DPST-3-7,P-07BC-0_GR-9,Dali,"{""Id"": ""P-07BC-0_GA-779"", ""Address"": ""2320"", ""Name"": ""D4 Dimmimg Info "", ""DatapointType"": ""DPST-3-7"", ""Puid"": ""808""}"
P-07BC-0_GA-780,2321,D5 ON/Off ,DPST-1-1,P-07BC-0_GR-9,Dali,"{""Id"": ""P-07BC-0_GA-780"", ""Address"": ""2321"", ""Name"": ""D5 ON/Off "", ""DatapointType"": ""DPST-1-1"", ""Puid"": ""809""}"
P-07BC-0_GA-781,2322,D5 ON/Off Info ,DPST-5-1,P-07BC-0_GR-9,Dali,"{""Id"": ""P-07BC-0_GA-781"", ""Address"": ""2322"", ""Name"": ""D5 ON/Off Info "", ""DatapointType"": ""DPST-5-1"", ""Puid"": ""810""}"
P-07BC-0_GA-782,2323,D5 Dimming ,DPST-5-1,P-07BC-0_GR-9,Dali,"{""Id"": ""P-07BC-0_GA-782"", ""Address"": ""2323"", ""Name"": ""D5 Dimming "", ""DatapointType"": ""DPST-5-1"", ""Puid"": ""811""}"
P-07BC-0_GA-783,2324,D5 Dimming Info ,DPST-3-7,P-07BC-0_GR-9,Dali,"{""Id"": ""P-07BC-0_GA-783"", ""Address"": ""2324"", ""Name"": ""D5 Dimming Info "", ""DatapointType"": ""DPST-3-7"", ""Puid"": ""812""}"
P-07BC-0_GA-784,2325,D6 ON/Off ,DPST-1-1,P-07BC-0_GR-9,Dali,"{""Id"": ""P-07BC-0_GA-784"", ""Address"": ""2325"", ""Name"": ""D6 ON/Off "", ""DatapointType"": ""DPST-1-1"", ""Puid"": ""813""}"
P-07BC-0_GA-785,2326,D6 ON/Off Info ,DPST-5-1,P-07BC-0_GR-9,Dali,"{""Id"": ""P-07BC-0_GA-785"", ""Address"": ""2326"", ""Name"": ""D6 ON/Off Info "", ""DatapointType"": ""DPST-5-1"", ""Puid"": ""814""}"
P-07BC-0_GA-786,2327,D6 Dimming ,DPST-5-1,P-07BC-0_GR-9,Dali,"{""Id"": ""P-07BC-0_GA-786"", ""Address"": ""2327"", ""Name"": ""D6 Dimming "", ""DatapointType"": ""DPST-5-1"", ""Puid"": ""815""}"
P-07BC-0_GA-787,2328,D6 Dimming Info ,DPST-3-7,P-07BC-0_GR-9,Dali,"{""Id"": ""P-07BC-0_GA-787"", ""Address"": ""2328"", ""Name"": ""D6 Dimming Info "", ""DatapointType"": ""DPST-3-7"", ""Puid"": ""816""}"
P-07BC-0_GA-788,2329,D7 ON/Off ,DPST-1-1,P-07BC-0_GR-9,Dali,"{""Id"": ""P-07BC-0_GA-788"", ""Address"": ""2329"", ""Name"": ""D7 ON/Off "", ""DatapointType"": ""DPST-1-1"", ""Puid"": ""817""}"
P-07BC-0_GA-789,2330,D7 ON/Off  Info ,DPST-5-1,P-07BC-0_GR-9,Dali,"{""Id"": ""P-07BC-0_GA-789"", ""Address"": ""2330"", ""Name"": ""D7 ON/Off  Info "", ""DatapointType"": ""DPST-5-1"", ""Puid"": ""818""}"
P-07BC-0_GA-790,2331,D7 Dimming ,DPST-5-1,P-07BC-0_GR-9,Dali,"{""Id"": ""P-07BC-0_GA-790"", ""Address"": ""2331"", ""Name"": ""D7 Dimming "", ""DatapointType"": ""DPST-5-1"", ""Puid"": ""819""}"
P-07BC-0_GA-791,2332,D7 Dimming Info ,DPST-3-7,P-07BC-0_GR-9,Dali,"{""Id"": ""P-07BC-0_GA-791"", ""Address"": ""2332"", ""Name"": ""D7 Dimming Info "", ""DatapointType"": ""DPST-3-7"", ""Puid"": ""820""}"
P-07BC-0_GA-792,2333,D8 ON/Off ,DPST-1-1,P-07BC-0_GR-9,Dali,"{""Id"": ""P-07BC-0_GA-792"", ""Address"": ""2333"", ""Name"": ""D8 ON/Off "", ""DatapointType"": ""DPST-1-1"", ""Puid"": ""821""}"
P-07BC-0_GA-793,2334,D8 ON/Off Info,DPST-5-1,P-07BC-0_GR-9,Dali,"{""Id"": ""P-07BC-0_GA-793"", ""Address"": ""2334"", ""Name"": ""D8 ON/Off Info"", ""DatapointType"": ""DPST-5-1"", ""Puid"": ""822""}"
P-07BC-0_GA-794,2335,D8 Dimming ,DPST-5-1,P-07BC-0_GR-9,Dali,"{""Id"": ""P-07BC-0_GA-794"", ""Address"": ""2335"", ""Name"": ""D8 Dimming "", ""DatapointType"": ""DPST-5-1"", ""Puid"": ""823""}"
P-07BC-0_GA-795,2336,D8 Dimming Info ,DPST-3-7,P-07BC-0_GR-9,Dali,"{""Id"": ""P-07BC-0_GA-795"", ""Address"": ""2336"", ""Name"": ""D8 Dimming Info "", ""DatapointType"": ""DPST-3-7"", ""Puid"": ""824""}"
P-07BC-0_GA-796,2337,D9 ON/Off ,DPST-1-1,P-07BC-0_GR-9,Dali,"{""Id"": ""P-07BC-0_GA-796"", ""Address"": ""2337"", ""Name"": ""D9 ON/Off "", ""DatapointType"": ""DPST-1-1"", ""Puid"": ""825""}"
P-07BC-0_GA-797,2338,D9 ON/Off  Info ,DPST-5-1,P-07BC-0_GR-9,Dali,"{""Id"": ""P-07BC-0_GA-797"", ""Address"": ""2338"", ""Name"": ""D9 ON/Off  Info "", ""DatapointType"": ""DPST-5-1"", ""Puid"": ""826""}"
P-07BC-0_GA-798,2339,D9 Dimming ,DPST-5-1,P-07BC-0_GR-9,Dali,"{""Id"": ""P-07BC-0_GA-798"", ""Address"": ""2339"", ""Name"": ""D9 Dimming "", ""DatapointType"": ""DPST-5-1"", ""Puid"": ""827""}"
P-07BC-0_GA-799,2340,D9 Dimming Info ,DPST-3-7,P-07BC-0_GR-9,Dali,"{""Id"": ""P-07BC-0_GA-799"", ""Address"": ""2340"", ""Name"": ""D9 Dimming Info "", ""DatapointType"": ""DPST-3-7"", ""Puid"": ""828""}"
P-07BC-0_GA-800,2341,D10 ON/Off  ,DPST-1-1,P-07BC-0_GR-9,Dali,"{""Id"": ""P-07BC-0_GA-800"", ""Address"": ""2341"", ""Name"": ""D10 ON/Off  "", ""DatapointType"": ""DPST-1-1"", ""Puid"": ""829""}"
P-07BC-0_GA-801,2342,D10 ON/Off Info ,DPST-5-1,P-07BC-0_GR-9,Dali,"{""Id"": ""P-07BC-0_GA-801"", ""Address"": ""2342"", ""Name"": ""D10 ON/Off Info "", ""DatapointType"": ""DPST-5-1"", ""Puid"": ""830""}"
P-07BC-0_GA-802,2343,D10 Dimming ,DPST-5-1,P-07BC-0_GR-9,Dali,"{""Id"": ""P-07BC-0_GA-802"", ""Address"": ""2343"", ""Name"": ""D10 Dimming "", ""DatapointType"": ""DPST-5-1"", ""Puid"": ""831""}"
P-07BC-0_GA-803,2344,D10 Dimming Info ,DPST-3-7,P-07BC-0_GR-9,Dali,"{""Id"": ""P-07BC-0_GA-803"", ""Address"": ""2344"", ""Name"": ""D10 Dimming Info "", ""DatapointType"": ""DPST-3-7"", ""Puid"": ""832""}"
P-07BC-0_GA-804,2345,D11 ON/Off  ,DPST-1-1,P-07BC-0_GR-9,Dali,"{""Id"": ""P-07BC-0_GA-804"", ""Address"": ""2345"", ""Name"": ""D11 ON/Off  "", ""DatapointType"": ""DPST-1-1"", ""Puid"": ""833""}"
P-07BC-0_GA-805,2346,D11 ON/Off  Info ,DPST-5-1,P-07BC-0_GR-9,Dali,"{""Id"": ""P-07BC-0_GA-805"", ""Address"": ""2346"", ""Name"": ""D11 ON/Off  Info "", ""DatapointType"": ""DPST-5-1"", ""Puid"": ""834""}"
P-07BC-0_GA-806,2347,D11 Dimming ,DPST-5-1,P-07BC-0_GR-9,Dali,"{""Id"": ""P-07BC-0_GA-806"", ""Address"": ""2347"", ""Name"": ""D11 Dimming "", ""DatapointType"": ""DPST-5-1"", ""Puid"": ""835""}"
P-07BC-0_GA-807,2348,D11 Dimmimg Info ,DPST-3-7,P-07BC-0_GR-9,Dali,"{""Id"": ""P-07BC-0_GA-807"", ""Address"": ""2348"", ""Name"": ""D11 Dimmimg Info "", ""DatapointType"": ""DPST-3-7"", ""Puid"": ""836""}"
P-07BC-0_GA-808,2349,D12 ON/Off ,DPST-1-1,P-07BC-0_GR-9,Dali,"{""Id"": ""P-07BC-0_GA-808"", ""Address"": ""2349"", ""Name"": ""D12 ON/Off "", ""DatapointType"": ""DPST-1-1"", ""Puid"": ""837""}"
P-07BC-0_GA-809,2350,D12 ON/Off Info ,DPST-5-1,P-07BC-0_GR-9,Dali,"{""Id"": ""P-07BC-0_GA-809"", ""Address"": ""2350"", ""Name"": ""D12 ON/Off Info "", ""DatapointType"": ""DPST-5-1"", ""Puid"": ""838""}"
P-07BC-0_GA-810,2351,D12 Dimming ,DPST-5-1,P-07BC-0_GR-9,Dali,"{""Id"": ""P-07BC-0_GA-810"", ""Address"": ""2351"", ""Name"": ""D12 Dimming "", ""DatapointType"": ""DPST-5-1"", ""Puid"": ""839""}"
P-07BC-0_GA-811,2352,D12 Dimming Info ,DPST-3-7,P-07BC-0_GR-9,Dali,"{""Id"": ""P-07BC-0_GA-811"", ""Address"": ""2352"", ""Name"": ""D12 Dimming Info "", ""DatapointType"": ""DPST-3-7"", ""Puid"": ""840""}"
P-07BC-0_GA-812,2353,D13 ON/Off ,DPST-1-1,P-07BC-0_GR-9,Dali,"{""Id"": ""P-07BC-0_GA-812"", ""Address"": ""2353"", ""Name"": ""D13 ON/Off "", ""DatapointType"": ""DPST-1-1"", ""Puid"": ""841""}"
P-07BC-0_GA-813,2354,D13 ON/Off Info ,DPST-5-1,P-07BC-0_GR-9,Dali,"{""Id"": ""P-07BC-0_GA-813"", ""Address"": ""2354"", ""Name"": ""D13 ON/Off Info "", ""DatapointType"": ""DPST-5-1"", ""Puid"": ""842""}"
P-07BC-0_GA-814,2355,D13 Dimming ,DPST-5-1,P-07BC-0_GR-9,Dali,"{""Id"": ""P-07BC-0_GA-814"", ""Address"": ""2355"", ""Name"": ""D13 Dimming "", ""DatapointType"": ""DPST-5-1"", ""Puid"": ""843""}"
P-07BC-0_GA-815,2356,D13 Dimming Info ,DPST-3-7,P-07BC-0_GR-9,Dali,"{""Id"": ""P-07BC-0_GA-815"", ""Address"": ""2356"", ""Name"": ""D13 Dimming Info "", ""DatapointType"": ""DPST-3-7"", ""Puid"": ""844""}"
P-07BC-0_GA-816,2357,D14 ON/Off ,DPST-1-1,P-07BC-0_GR-9,Dali,"{""Id"": ""P-07BC-0_GA-816"", ""Address"": ""2357"", ""Name"": ""D14 ON/Off "", ""DatapointType"": ""DPST-1-1"", ""Puid"": ""845""}"
P-07BC-0_GA-817,2358,D14 ON/Off Info ,DPST-5-1,P-07BC-0_GR-9,Dali,"{""Id"": ""P-07BC-0_GA-817"", ""Address"": ""2358"", ""Name"": ""D14 ON/Off Info "", ""DatapointType"": ""DPST-5-1"", ""Puid"": ""846""}"
P-07BC-0_GA-818,2359,D14 Dimming ,DPST-5-1,P-07BC-0_GR-9,Dali,"{""Id"": ""P-07BC-0_GA-818"", ""Address"": ""2359"", ""Name"": ""D14 Dimming "", ""DatapointType"": ""DPST-5-1"", ""Puid"": ""847""}"
P-07BC-0_GA-819,2360,D14 Dimming Info ,DPST-3-7,P-07BC-0_GR-9,Dali,"{""Id"": ""P-07BC-0_GA-819"", ""Address"": ""2360"", ""Name"": ""D14 Dimming Info "", ""DatapointType"": ""DPST-3-7"", ""Puid"": ""848""}"
P-07BC-0_GA-820,2361,D15 ON/Off ,DPST-1-1,P-07BC-0_GR-9,Dali,"{""Id"": ""P-07BC-0_GA-820"", ""Address"": ""2361"", ""Name"": ""D15 ON/Off "", ""DatapointType"": ""DPST-1-1"", ""Puid"": ""849""}"
P-07BC-0_GA-821,2362,D15 ON/Off Info,DPST-5-1,P-07BC-0_GR-9,Dali,"{""Id"": ""P-07BC-0_GA-821"", ""Address"": ""2362"", ""Name"": ""D15 ON/Off Info"", ""DatapointType"": ""DPST-5-1"", ""Puid"": ""850""}"
P-07BC-0_GA-822,2363,D15 Dimming ,DPST-5-1,P-07BC-0_GR-9,Dali,"{""Id"": ""P-07BC-0_GA-822"", ""Address"": ""2363"", ""Name"": ""D15 Dimming "", ""DatapointType"": ""DPST-5-1"", ""Puid"": ""851""}"
P-07BC-0_GA-823,2364,D15 Dimming Info ,DPST-3-7,P-07BC-0_GR-9,Dali,"{""Id"": ""P-07BC-0_GA-823"", ""Address"": ""2364"", ""Name"": ""D15 Dimming Info "", ""DatapointType"": ""DPST-3-7"", ""Puid"": ""852""}"
P-07BC-0_GA-824,2365,D16 ON/Off ,DPST-1-1,P-07BC-0_GR-9,Dali,"{""Id"": ""P-07BC-0_GA-824"", ""Address"": ""2365"", ""Name"": ""D16 ON/Off "", ""DatapointType"": ""DPST-1-1"", ""Puid"": ""853""}"
P-07BC-0_GA-825,2366,D16 ON/Off Info ,DPST-5-1,P-07BC-0_GR-9,Dali,"{""Id"": ""P-07BC-0_GA-825"", ""Address"": ""2366"", ""Name"": ""D16 ON/Off Info "", ""DatapointType"": ""DPST-5-1"", ""Puid"": ""854""}"
P-07BC-0_GA-826,2367,D16 Dimming ,DPST-5-1,P-07BC-0_GR-9,Dali,"{""Id"": ""P-07BC-0_GA-826"", ""Address"": ""2367"", ""Name"": ""D16 Dimming "", ""DatapointType"": ""DPST-5-1"", ""Puid"": ""855""}"
P-07BC-0_GA-827,2368,D16 Dimming Info ,DPST-3-7,P-07BC-0_GR-9,Dali,"{""Id"": ""P-07BC-0_GA-827"", ""Address"": ""2368"", ""Name"": ""D16 Dimming Info "", ""DatapointType"": ""DPST-3-7"", ""Puid"": ""856""}"
P-07BC-0_GA-828,2369,D17 ON/Off ,DPST-1-1,P-07BC-0_GR-9,Dali,"{""Id"": ""P-07BC-0_GA-828"", ""Address"": ""2369"", ""Name"": ""D17 ON/Off "", ""DatapointType"": ""DPST-1-1"", ""Puid"": ""857""}"
P-07BC-0_GA-829,2370,D17 ON/Off Info,DPST-5-1,P-07BC-0_GR-9,Dali,"{""Id"": ""P-07BC-0_GA-829"", ""Address"": ""2370"", ""Name"": ""D17 ON/Off Info"", ""DatapointType"": ""DPST-5-1"", ""Puid"": ""858""}"
P-07BC-0_GA-830,2371,D17 Dimming ,DPST-5-1,P-07BC-0_GR-9,Dali,"{""Id"": ""P-07BC-0_GA-830"", ""Address"": ""2371"", ""Name"": ""D17 Dimming "", ""DatapointType"": ""DPST-5-1"", ""Puid"": ""859""}"
P-07BC-0_GA-831,2372,D17 Dimming Info ,DPST-3-7,P-07BC-0_GR-9,Dali,"{""Id"": ""P-07BC-0_GA-831"", ""Address"": ""2372"", ""Name"": ""D17 Dimming Info "", ""DatapointType"": ""DPST-3-7"", ""Puid"": ""860""}"
P-07BC-0_GA-832,2373,D18 ON/Off ,DPST-1-1,P-07BC-0_GR-9,Dali,"{""Id"": ""P-07BC-0_GA-832"", ""Address"": ""2373"", ""Name"": ""D18 ON/Off "", ""DatapointType"": ""DPST-1-1"", ""Puid"": ""861""}"
P-07BC-0_GA-833,2374,D18 ON/Off Info ,DPST-5-1,P-07BC-0_GR-9,Dali,"{""Id"": ""P-07BC-0_GA-833"", ""Address"": ""2374"", ""Name"": ""D18 ON/Off Info "", ""DatapointType"": ""DPST-5-1"", ""Puid"": ""862""}"
P-07BC-0_GA-834,2375,D18 Dimming ,DPST-5-1,P-07BC-0_GR-9,Dali,"{""Id"": ""P-07BC-0_GA-834"", ""Address"": ""2375"", ""Name"": ""D18 Dimming "", ""DatapointType"": ""DPST-5-1"", ""Puid"": ""863""}"
P-07BC-0_GA-835,2376,D18 Dimming Info ,DPST-3-7,P-07BC-0_GR-9,Dali,"{""Id"": ""P-07BC-0_GA-835"", ""Address"": ""2376"", ""Name"": ""D18 Dimming Info "", ""DatapointType"": ""DPST-3-7"", ""Puid"": ""864""}"
P-07BC-0_GA-836,2377,D19 ON/Off ,DPST-1-1,P-07BC-0_GR-9,Dali,"{""Id"": ""P-07BC-0_GA-836"", ""Address"": ""2377"", ""Name"": ""D19 ON/Off "", ""DatapointType"": ""DPST-1-1"", ""Puid"": ""865""}"
P-07BC-0_GA-837,2378,D19 ON/Off Info ,DPST-5-1,P-07BC-0_GR-9,Dali,"{""Id"": ""P-07BC-0_GA-837"", ""Address"": ""2378"", ""Name"": ""D19 ON/Off Info "", ""DatapointType"": ""DPST-5-1"", ""Puid"": ""866""}"
P-07BC-0_GA-838,2379,D19 Dimming ,DPST-5-1,P-07BC-0_GR-9,Dali,"{""Id"": ""P-07BC-0_GA-838"", ""Address"": ""2379"", ""Name"": ""D19 Dimming "", ""DatapointType"": ""DPST-5-1"", ""Puid"": ""867""}"
P-07BC-0_GA-839,2380,D19 Dimming Info ,DPST-3-7,P-07BC-0_GR-9,Dali,"{""Id"": ""P-07BC-0_GA-839"", ""Address"": ""2380"", ""Name"": ""D19 Dimming Info "", ""DatapointType"": ""DPST-3-7"", ""Puid"": ""868""}"
P-07BC-0_GA-840,2381,D20 ON/Off ,DPST-1-1,P-07BC-0_GR-9,Dali,"{""Id"": ""P-07BC-0_GA-840"", ""Address"": ""2381"", ""Name"": ""D20 ON/Off "", ""DatapointType"": ""DPST-1-1"", ""Puid"": ""869""}"
P-07BC-0_GA-841,2382,D20 ON/Off Info ,DPST-5-1,P-07BC-0_GR-9,Dali,"{""Id"": ""P-07BC-0_GA-841"", ""Address"": ""2382"", ""Name"": ""D20 ON/Off Info "", ""DatapointType"": ""DPST-5-1"", ""Puid"": ""870""}"
P-07BC-0_GA-842,2383,D20 Dimming ,DPST-5-1,P-07BC-0_GR-9,Dali,"{""Id"": ""P-07BC-0_GA-842"", ""Address"": ""2383"", ""Name"": ""D20 Dimming "", ""DatapointType"": ""DPST-5-1"", ""Puid"": ""871""}"
P-07BC-0_GA-843,2384,D20 Dimming Info,DPST-3-7,P-07BC-0_GR-9,Dali,"{""Id"": ""P-07BC-0_GA-843"", ""Address"": ""2384"", ""Name"": ""D20 Dimming Info"", ""DatapointType"": ""DPST-3-7"", ""Puid"": ""872""}"
P-07BC-0_GA-844,2385,D21 ON/Off ,DPST-1-1,P-07BC-0_GR-9,Dali,"{""Id"": ""P-07BC-0_GA-844"", ""Address"": ""2385"", ""Name"": ""D21 ON/Off "", ""DatapointType"": ""DPST-1-1"", ""Puid"": ""873""}"
P-07BC-0_GA-845,2386,D21 ON/Off Info ,DPST-5-1,P-07BC-0_GR-9,Dali,"{""Id"": ""P-07BC-0_GA-845"", ""Address"": ""2386"", ""Name"": ""D21 ON/Off Info "", ""DatapointType"": ""DPST-5-1"", ""Puid"": ""874""}"
P-07BC-0_GA-846,2387,D21 Dimming ,DPST-5-1,P-07BC-0_GR-9,Dali,"{""Id"": ""P-07BC-0_GA-846"", ""Address"": ""2387"", ""Name"": ""D21 Dimming "", ""DatapointType"": ""DPST-5-1"", ""Puid"": ""875""}"
P-07BC-0_GA-847,2388,D21 Dimming Info ,DPST-3-7,P-07BC-0_GR-9,Dali,"{""Id"": ""P-07BC-0_GA-847"", ""Address"": ""2388"", ""Name"": ""D21 Dimming Info "", ""DatapointType"": ""DPST-3-7"", ""Puid"": ""876""}"
P-07BC-0_GA-848,2389,D22 ON/Off ,DPST-1-1,P-07BC-0_GR-9,Dali,"{""Id"": ""P-07BC-0_GA-848"", ""Address"": ""2389"", ""Name"": ""D22 ON/Off "", ""DatapointType"": ""DPST-1-1"", ""Puid"": ""877""}"
P-07BC-0_GA-849,2390,D22 ON/Off Info ,DPST-5-1,P-07BC-0_GR-9,Dali,"{""Id"": ""P-07BC-0_GA-849"", ""Address"": ""2390"", ""Name"": ""D22 ON/Off Info "", ""DatapointType"": ""DPST-5-1"", ""Puid"": ""878""}"
P-07BC-0_GA-850,2391,D22 Dimming ,DPST-5-1,P-07BC-0_GR-9,Dali,"{""Id"": ""P-07BC-0_GA-850"", ""Address"": ""2391"", ""Name"": ""D22 Dimming "", ""DatapointType"": ""DPST-5-1"", ""Puid"": ""879""}"
P-07BC-0_GA-851,2392,D22 Dimming Info ,DPST-3-7,P-07BC-0_GR-9,Dali,"{""Id"": ""P-07BC-0_GA-851"", ""Address"": ""2392"", ""Name"": ""D22 Dimming Info "", ""DatapointType"": ""DPST-3-7"", ""Puid"": ""880""}"
P-07BC-0_GA-852,2393,D23 ON/Off ,DPST-1-1,P-07BC-0_GR-9,Dali,"{""Id"": ""P-07BC-0_GA-852"", ""Address"": ""2393"", ""Name"": ""D23 ON/Off "", ""DatapointType"": ""DPST-1-1"", ""Puid"": ""881""}"
P-07BC-0_GA-853,2394,D23 ON/Off Info ,DPST-5-1,P-07BC-0_GR-9,Dali,"{""Id"": ""P-07BC-0_GA-853"", ""Address"": ""2394"", ""Name"": ""D23 ON/Off Info "", ""DatapointType"": ""DPST-5-1"", ""Puid"": ""882""}"
P-07BC-0_GA-854,2395,D23 Dimming ,DPST-5-1,P-07BC-0_GR-9,Dali,"{""Id"": ""P-07BC-0_GA-854"", ""Address"": ""2395"", ""Name"": ""D23 Dimming "", ""DatapointType"": ""DPST-5-1"", ""Puid"": ""883""}"
P-07BC-0_GA-855,2396,D23 Dimming Info ,DPST-3-7,P-07BC-0_GR-9,Dali,"{""Id"": ""P-07BC-0_GA-855"", ""Address"": ""2396"", ""Name"": ""D23 Dimming Info "", ""DatapointType"": ""DPST-3-7"", ""Puid"": ""884""}"
P-07BC-0_GA-856,2397,D24 ON/Off ,DPST-1-1,P-07BC-0_GR-9,Dali,"{""Id"": ""P-07BC-0_GA-856"", ""Address"": ""2397"", ""Name"": ""D24 ON/Off "", ""DatapointType"": ""DPST-1-1"", ""Puid"": ""885""}"
P-07BC-0_GA-857,2398,D24 ON/Off Info ,DPST-5-1,P-07BC-0_GR-9,Dali,"{""Id"": ""P-07BC-0_GA-857"", ""Address"": ""2398"", ""Name"": ""D24 ON/Off Info "", ""DatapointType"": ""DPST-5-1"", ""Puid"": ""886""}"
P-07BC-0_GA-858,2399,D24 Dimming ,DPST-5-1,P-07BC-0_GR-9,Dali,"{""Id"": ""P-07BC-0_GA-858"", ""Address"": ""2399"", ""Name"": ""D24 Dimming "", ""DatapointType"": ""DPST-5-1"", ""Puid"": ""887""}"
P-07BC-0_GA-859,2400,D24 Dimming Info ,DPST-3-7,P-07BC-0_GR-9,Dali,"{""Id"": ""P-07BC-0_GA-859"", ""Address"": ""2400"", ""Name"": ""D24 Dimming Info "", ""DatapointType"": ""DPST-3-7"", ""Puid"": ""888""}"
P-07BC-0_GA-860,2401,D25 ON/Off ,DPST-1-1,P-07BC-0_GR-9,Dali,"{""Id"": ""P-07BC-0_GA-860"", ""Address"": ""2401"", ""Name"": ""D25 ON/Off "", ""DatapointType"": ""DPST-1-1"", ""Puid"": ""889""}"
P-07BC-0_GA-861,2402,D25 ON/Off Info ,DPST-5-1,P-07BC-0_GR-9,Dali,"{""Id"": ""P-07BC-0_GA-861"", ""Address"": ""2402"", ""Name"": ""D25 ON/Off Info "", ""DatapointType"": ""DPST-5-1"", ""Puid"": ""890""}"
P-07BC-0_GA-862,2403,D25 Dimming ,DPST-5-1,P-07BC-0_GR-9,Dali,"{""Id"": ""P-07BC-0_GA-862"", ""Address"": ""2403"", ""Name"": ""D25 Dimming "", ""DatapointType"": ""DPST-5-1"", ""Puid"": ""891""}"
P-07BC-0_GA-863,2404,D25 Dimming Info ,DPST-3-7,P-07BC-0_GR-9,Dali,"{""Id"": ""P-07BC-0_GA-863"", ""Address"": ""2404"", ""Name"": ""D25 Dimming Info "", ""DatapointType"": ""DPST-3-7"", ""Puid"": ""892""}"
P-07BC-0_GA-864,2405,D26 ON/Off ,DPST-1-1,P-07BC-0_GR-9,Dali,"{""Id"": ""P-07BC-0_GA-864"", ""Address"": ""2405"", ""Name"": ""D26 ON/Off "", ""DatapointType"": ""DPST-1-1"", ""Puid"": ""893""}"
P-07BC-0_GA-865,2406,D26 ON/Off Info ,DPST-5-1,P-07BC-0_GR-9,Dali,"{""Id"": ""P-07BC-0_GA-865"", ""Address"": ""2406"", ""Name"": ""D26 ON/Off Info "", ""DatapointType"": ""DPST-5-1"", ""Puid"": ""894""}"
P-07BC-0_GA-866,2407,D26 Dimming ,DPST-5-1,P-07BC-0_GR-9,Dali,"{""Id"": ""P-07BC-0_GA-866"", ""Address"": ""2407"", ""Name"": ""D26 Dimming "", ""DatapointType"": ""DPST-5-1"", ""Puid"": ""895""}"
P-07BC-0_GA-867,2408,D26 Dimming Info ,DPST-3-7,P-07BC-0_GR-9,Dali,"{""Id"": ""P-07BC-0_GA-867"", ""Address"": ""2408"", ""Name"": ""D26 Dimming Info "", ""DatapointType"": ""DPST-3-7"", ""Puid"": ""896""}"
P-07BC-0_GA-868,2409,D27 ON/Off ,DPST-1-1,P-07BC-0_GR-9,Dali,"{""Id"": ""P-07BC-0_GA-868"", ""Address"": ""2409"", ""Name"": ""D27 ON/Off "", ""DatapointType"": ""DPST-1-1"", ""Puid"": ""897""}"
P-07BC-0_GA-869,2410,D27 ON/Off Info,DPST-5-1,P-07BC-0_GR-9,Dali,"{""Id"": ""P-07BC-0_GA-869"", ""Address"": ""2410"", ""Name"": ""D27 ON/Off Info"", ""DatapointType"": ""DPST-5-1"", ""Puid"": ""898""}"
P-07BC-0_GA-870,2411,D27 Dimming ,DPST-5-1,P-07BC-0_GR-9,Dali,"{""Id"": ""P-07BC-0_GA-870"", ""Address"": ""2411"", ""Name"": ""D27 Dimming "", ""DatapointType"": ""DPST-5-1"", ""Puid"": ""899""}"
P-07BC-0_GA-871,2412,D27 Dimming Info ,DPST-3-7,P-07BC-0_GR-9,Dali,"{""Id"": ""P-07BC-0_GA-871"", ""Address"": ""2412"", ""Name"": ""D27 Dimming Info "", ""DatapointType"": ""DPST-3-7"", ""Puid"": ""900""}"
P-07BC-0_GA-872,2413,D28 ON/Off ,DPST-1-1,P-07BC-0_GR-9,Dali,"{""Id"": ""P-07BC-0_GA-872"", ""Address"": ""2413"", ""Name"": ""D28 ON/Off "", ""DatapointType"": ""DPST-1-1"", ""Puid"": ""901""}"
P-07BC-0_GA-873,2414,D28 ON/Off Info ,DPST-5-1,P-07BC-0_GR-9,Dali,"{""Id"": ""P-07BC-0_GA-873"", ""Address"": ""2414"", ""Name"": ""D28 ON/Off Info "", ""DatapointType"": ""DPST-5-1"", ""Puid"": ""902""}"
P-07BC-0_GA-874,2415,D28 Dimming ,DPST-5-1,P-07BC-0_GR-9,Dali,"{""Id"": ""P-07BC-0_GA-874"", ""Address"": ""2415"", ""Name"": ""D28 Dimming "", ""DatapointType"": ""DPST-5-1"", ""Puid"": ""903""}"
P-07BC-0_GA-875,2416,D28 Dimming Info ,DPST-3-7,P-07BC-0_GR-9,Dali,"{""Id"": ""P-07BC-0_GA-875"", ""Address"": ""2416"", ""Name"": ""D28 Dimming Info "", ""DatapointType"": ""DPST-3-7"", ""Puid"": ""904""}"
P-07BC-0_GA-876,2417,D29 ON/Off ,DPST-1-1,P-07BC-0_GR-9,Dali,"{""Id"": ""P-07BC-0_GA-876"", ""Address"": ""2417"", ""Name"": ""D29 ON/Off "", ""DatapointType"": ""DPST-1-1"", ""Puid"": ""905""}"
P-07BC-0_GA-877,2418,D29 ON/Off Info ,DPST-5-1,P-07BC-0_GR-9,Dali,"{""Id"": ""P-07BC-0_GA-877"", ""Address"": ""2418"", ""Name"": ""D29 ON/Off Info "", ""DatapointType"": ""DPST-5-1"", ""Puid"": ""906""}"
P-07BC-0_GA-878,2419,D29 Dimming ,DPST-5-1,P-07BC-0_GR-9,Dali,"{""Id"": ""P-07BC-0_GA-878"", ""Address"": ""2419"", ""Name"": ""D29 Dimming "", ""DatapointType"": ""DPST-5-1"", ""Puid"": ""907""}"
P-07BC-0_GA-879,2420,D29 Dimming Info ,DPST-3-7,P-07BC-0_GR-9,Dali,"{""Id"": ""P-07BC-0_GA-879"", ""Address"": ""2420"", ""Name"": ""D29 Dimming Info "", ""DatapointType"": ""DPST-3-7"", ""Puid"": ""908""}"
P-07BC-0_GA-880,2421,D30 ON/Off ,DPST-1-1,P-07BC-0_GR-9,Dali,"{""Id"": ""P-07BC-0_GA-880"", ""Address"": ""2421"", ""Name"": ""D30 ON/Off "", ""DatapointType"": ""DPST-1-1"", ""Puid"": ""909""}"
P-07BC-0_GA-881,2422,D30 ON/Off Info ,DPST-5-1,P-07BC-0_GR-9,Dali,"{""Id"": ""P-07BC-0_GA-881"", ""Address"": ""2422"", ""Name"": ""D30 ON/Off Info "", ""DatapointType"": ""DPST-5-1"", ""Puid"": ""910""}"
P-07BC-0_GA-882,2423,D30 Dimming ,DPST-5-1,P-07BC-0_GR-9,Dali,"{""Id"": ""P-07BC-0_GA-882"", ""Address"": ""2423"", ""Name"": ""D30 Dimming "", ""DatapointType"": ""DPST-5-1"", ""Puid"": ""911""}"
P-07BC-0_GA-883,2424,D30 Dimming Info ,DPST-3-7,P-07BC-0_GR-9,Dali,"{""Id"": ""P-07BC-0_GA-883"", ""Address"": ""2424"", ""Name"": ""D30 Dimming Info "", ""DatapointType"": ""DPST-3-7"", ""Puid"": ""912""}"
P-07BC-0_GA-884,2425,D31 ON/Off ,DPST-1-1,P-07BC-0_GR-9,Dali,"{""Id"": ""P-07BC-0_GA-884"", ""Address"": ""2425"", ""Name"": ""D31 ON/Off "", ""DatapointType"": ""DPST-1-1"", ""Puid"": ""913""}"
P-07BC-0_GA-885,2426,D31 ON/Off Info ,DPST-5-1,P-07BC-0_GR-9,Dali,"{""Id"": ""P-07BC-0_GA-885"", ""Address"": ""2426"", ""Name"": ""D31 ON/Off Info "", ""DatapointType"": ""DPST-5-1"", ""Puid"": ""914""}"
P-07BC-0_GA-886,2427,D31 Dimming ,DPST-5-1,P-07BC-0_GR-9,Dali,"{""Id"": ""P-07BC-0_GA-886"", ""Address"": ""2427"", ""Name"": ""D31 Dimming "", ""DatapointType"": ""DPST-5-1"", ""Puid"": ""915""}"
P-07BC-0_GA-887,2428,D31 Dimming Info ,DPST-3-7,P-07BC-0_GR-9,Dali,"{""Id"": ""P-07BC-0_GA-887"", ""Address"": ""2428"", ""Name"": ""D31 Dimming Info "", ""DatapointType"": ""DPST-3-7"", ""Puid"": ""916""}"
P-07BC-0_GA-888,2429,D32 ON/Off ,DPST-1-1,P-07BC-0_GR-9,Dali,"{""Id"": ""P-07BC-0_GA-888"", ""Address"": ""2429"", ""Name"": ""D32 ON/Off "", ""DatapointType"": ""DPST-1-1"", ""Puid"": ""917""}"
P-07BC-0_GA-889,2430,D32 ON/Off Info ,DPST-5-1,P-07BC-0_GR-9,Dali,"{""Id"": ""P-07BC-0_GA-889"", ""Address"": ""2430"", ""Name"": ""D32 ON/Off Info "", ""DatapointType"": ""DPST-5-1"", ""Puid"": ""918""}"
P-07BC-0_GA-890,2431,D32 Dimming ,DPST-5-1,P-07BC-0_GR-9,Dali,"{""Id"": ""P-07BC-0_GA-890"", ""Address"": ""2431"", ""Name"": ""D32 Dimming "", ""DatapointType"": ""DPST-5-1"", ""Puid"": ""919""}"
P-07BC-0_GA-891,2432,D32 Dimming Info ,DPST-3-7,P-07BC-0_GR-9,Dali,"{""Id"": ""P-07BC-0_GA-891"", ""Address"": ""2432"", ""Name"": ""D32 Dimming Info "", ""DatapointType"": ""DPST-3-7"", ""Puid"": ""920""}"
P-07BC-0_GA-892,2433,D33 ON/Off ,DPST-1-1,P-07BC-0_GR-9,Dali,"{""Id"": ""P-07BC-0_GA-892"", ""Address"": ""2433"", ""Name"": ""D33 ON/Off "", ""DatapointType"": ""DPST-1-1"", ""Puid"": ""921""}"
P-07BC-0_GA-893,2434,D33 ON/Off Info ,DPST-5-1,P-07BC-0_GR-9,Dali,"{""Id"": ""P-07BC-0_GA-893"", ""Address"": ""2434"", ""Name"": ""D33 ON/Off Info "", ""DatapointType"": ""DPST-5-1"", ""Puid"": ""922""}"
P-07BC-0_GA-894,2435,D33 Dimming ,DPST-5-1,P-07BC-0_GR-9,Dali,"{""Id"": ""P-07BC-0_GA-894"", ""Address"": ""2435"", ""Name"": ""D33 Dimming "", ""DatapointType"": ""DPST-5-1"", ""Puid"": ""923""}"
P-07BC-0_GA-895,2436,D33 Dimming Info ,DPST-3-7,P-07BC-0_GR-9,Dali,"{""Id"": ""P-07BC-0_GA-895"", ""Address"": ""2436"", ""Name"": ""D33 Dimming Info "", ""DatapointType"": ""DPST-3-7"", ""Puid"": ""924""}"
P-07BC-0_GA-896,2437,D34 ON/Off ,DPST-1-1,P-07BC-0_GR-9,Dali,"{""Id"": ""P-07BC-0_GA-896"", ""Address"": ""2437"", ""Name"": ""D34 ON/Off "", ""DatapointType"": ""DPST-1-1"", ""Puid"": ""925""}"
P-07BC-0_GA-897,2438,D34 ON/Off Info ,DPST-5-1,P-07BC-0_GR-9,Dali,"{""Id"": ""P-07BC-0_GA-897"", ""Address"": ""2438"", ""Name"": ""D34 ON/Off Info "", ""DatapointType"": ""DPST-5-1"", ""Puid"": ""926""}"
P-07BC-0_GA-898,2439,D34 Dimming ,DPST-5-1,P-07BC-0_GR-9,Dali,"{""Id"": ""P-07BC-0_GA-898"", ""Address"": ""2439"", ""Name"": ""D34 Dimming "", ""DatapointType"": ""DPST-5-1"", ""Puid"": ""927""}"
P-07BC-0_GA-899,2440,D34 Dimming Info ,DPST-3-7,P-07BC-0_GR-9,Dali,"{""Id"": ""P-07BC-0_GA-899"", ""Address"": ""2440"", ""Name"": ""D34 Dimming Info "", ""DatapointType"": ""DPST-3-7"", ""Puid"": ""928""}"
P-07BC-0_GA-900,2441,D35 ON/Off ,DPST-1-1,P-07BC-0_GR-9,Dali,"{""Id"": ""P-07BC-0_GA-900"", ""Address"": ""2441"", ""Name"": ""D35 ON/Off "", ""DatapointType"": ""DPST-1-1"", ""Puid"": ""929""}"
P-07BC-0_GA-901,2442,D35 ON/Off Info ,DPST-5-1,P-07BC-0_GR-9,Dali,"{""Id"": ""P-07BC-0_GA-901"", ""Address"": ""2442"", ""Name"": ""D35 ON/Off Info "", ""DatapointType"": ""DPST-5-1"", ""Puid"": ""930""}"
P-07BC-0_GA-902,2443,D35 Dimming ,DPST-5-1,P-07BC-0_GR-9,Dali,"{""Id"": ""P-07BC-0_GA-902"", ""Address"": ""2443"", ""Name"": ""D35 Dimming "", ""DatapointType"": ""DPST-5-1"", ""Puid"": ""931""}"
P-07BC-0_GA-903,2444,D35 Dimming Info ,DPST-3-7,P-07BC-0_GR-9,Dali,"{""Id"": ""P-07BC-0_GA-903"", ""Address"": ""2444"", ""Name"": ""D35 Dimming Info "", ""DatapointType"": ""DPST-3-7"", ""Puid"": ""932""}"
P-07BC-0_GA-904,2445,D36 ON/Off ,DPST-1-1,P-07BC-0_GR-9,Dali,"{""Id"": ""P-07BC-0_GA-904"", ""Address"": ""2445"", ""Name"": ""D36 ON/Off "", ""DatapointType"": ""DPST-1-1"", ""Puid"": ""933""}"
P-07BC-0_GA-905,2446,D36 ON/Off Info ,DPST-5-1,P-07BC-0_GR-9,Dali,"{""Id"": ""P-07BC-0_GA-905"", ""Address"": ""2446"", ""Name"": ""D36 ON/Off Info "", ""DatapointType"": ""DPST-5-1"", ""Puid"": ""934""}"
P-07BC-0_GA-906,2447,D36 Dimming ,DPST-5-1,P-07BC-0_GR-9,Dali,"{""Id"": ""P-07BC-0_GA-906"", ""Address"": ""2447"", ""Name"": ""D36 Dimming "", ""DatapointType"": ""DPST-5-1"", ""Puid"": ""935""}"
P-07BC-0_GA-907,2448,D36 Dimming Info ,DPST-3-7,P-07BC-0_GR-9,Dali,"{""Id"": ""P-07BC-0_GA-907"", ""Address"": ""2448"", ""Name"": ""D36 Dimming Info "", ""DatapointType"": ""DPST-3-7"", ""Puid"": ""936""}"
P-07BC-0_GA-908,2449,D37 ON/Off ,DPST-1-1,P-07BC-0_GR-9,Dali,"{""Id"": ""P-07BC-0_GA-908"", ""Address"": ""2449"", ""Name"": ""D37 ON/Off "", ""DatapointType"": ""DPST-1-1"", ""Puid"": ""937""}"
P-07BC-0_GA-909,2450,D37 ON/Off Info ,DPST-5-1,P-07BC-0_GR-9,Dali,"{""Id"": ""P-07BC-0_GA-909"", ""Address"": ""2450"", ""Name"": ""D37 ON/Off Info "", ""DatapointType"": ""DPST-5-1"", ""Puid"": ""938""}"
P-07BC-0_GA-910,2451,D37 Dimming ,DPST-5-1,P-07BC-0_GR-9,Dali,"{""Id"": ""P-07BC-0_GA-910"", ""Address"": ""2451"", ""Name"": ""D37 Dimming "", ""DatapointType"": ""DPST-5-1"", ""Puid"": ""939""}"
P-07BC-0_GA-911,2452,D37 Dimming Info ,DPST-3-7,P-07BC-0_GR-9,Dali,"{""Id"": ""P-07BC-0_GA-911"", ""Address"": ""2452"", ""Name"": ""D37 Dimming Info "", ""DatapointType"": ""DPST-3-7"", ""Puid"": ""940""}"
P-07BC-0_GA-912,2453,D38 ON/Off ,DPST-1-1,P-07BC-0_GR-9,Dali,"{""Id"": ""P-07BC-0_GA-912"", ""Address"": ""2453"", ""Name"": ""D38 ON/Off "", ""DatapointType"": ""DPST-1-1"", ""Puid"": ""941""}"
P-07BC-0_GA-913,2454,D38 ON/Off Info ,DPST-5-1,P-07BC-0_GR-9,Dali,"{""Id"": ""P-07BC-0_GA-913"", ""Address"": ""2454"", ""Name"": ""D38 ON/Off Info "", ""DatapointType"": ""DPST-5-1"", ""Puid"": ""942""}"
P-07BC-0_GA-914,2455,D38 Dimming ,DPST-5-1,P-07BC-0_GR-9,Dali,"{""Id"": ""P-07BC-0_GA-914"", ""Address"": ""2455"", ""Name"": ""D38 Dimming "", ""DatapointType"": ""DPST-5-1"", ""Puid"": ""943""}"
P-07BC-0_GA-915,2456,D38 Dimming Info ,DPST-3-7,P-07BC-0_GR-9,Dali,"{""Id"": ""P-07BC-0_GA-915"", ""Address"": ""2456"", ""Name"": ""D38 Dimming Info "", ""DatapointType"": ""DPST-3-7"", ""Puid"": ""944""}"
P-07BC-0_GA-916,2457,D39 ON/Off ,DPST-1-1,P-07BC-0_GR-9,Dali,"{""Id"": ""P-07BC-0_GA-916"", ""Address"": ""2457"", ""Name"": ""D39 ON/Off "", ""DatapointType"": ""DPST-1-1"", ""Puid"": ""945""}"
P-07BC-0_GA-917,2458,D39 ON/Off Info ,DPST-5-1,P-07BC-0_GR-9,Dali,"{""Id"": ""P-07BC-0_GA-917"", ""Address"": ""2458"", ""Name"": ""D39 ON/Off Info "", ""DatapointType"": ""DPST-5-1"", ""Puid"": ""946""}"
P-07BC-0_GA-918,2459,D39 Dimming ,DPST-5-1,P-07BC-0_GR-9,Dali,"{""Id"": ""P-07BC-0_GA-918"", ""Address"": ""2459"", ""Name"": ""D39 Dimming "", ""DatapointType"": ""DPST-5-1"", ""Puid"": ""947""}"
P-07BC-0_GA-919,2460,D39 Dimming Info ,DPST-3-7,P-07BC-0_GR-9,Dali,"{""Id"": ""P-07BC-0_GA-919"", ""Address"": ""2460"", ""Name"": ""D39 Dimming Info "", ""DatapointType"": ""DPST-3-7"", ""Puid"": ""948""}"
P-07BC-0_GA-920,2461,D40 ON/Off ,DPST-1-1,P-07BC-0_GR-9,Dali,"{""Id"": ""P-07BC-0_GA-920"", ""Address"": ""2461"", ""Name"": ""D40 ON/Off "", ""DatapointType"": ""DPST-1-1"", ""Puid"": ""949""}"
P-07BC-0_GA-921,2462,D40 ON/Off Info ,DPST-5-1,P-07BC-0_GR-9,Dali,"{""Id"": ""P-07BC-0_GA-921"", ""Address"": ""2462"", ""Name"": ""D40 ON/Off Info "", ""DatapointType"": ""DPST-5-1"", ""Puid"": ""950""}"
P-07BC-0_GA-922,2463,D40 Dimming ,DPST-5-1,P-07BC-0_GR-9,Dali,"{""Id"": ""P-07BC-0_GA-922"", ""Address"": ""2463"", ""Name"": ""D40 Dimming "", ""DatapointType"": ""DPST-5-1"", ""Puid"": ""951""}"
P-07BC-0_GA-923,2464,D40 Dimming Info ,DPST-3-7,P-07BC-0_GR-9,Dali,"{""Id"": ""P-07BC-0_GA-923"", ""Address"": ""2464"", ""Name"": ""D40 Dimming Info "", ""DatapointType"": ""DPST-3-7"", ""Puid"": ""952""}"
P-07BC-0_GA-924,2465,D41 ON/Off,DPST-1-1,P-07BC-0_GR-9,Dali,"{""Id"": ""P-07BC-0_GA-924"", ""Address"": ""2465"", ""Name"": ""D41 ON/Off"", ""DatapointType"": ""DPST-1-1"", ""Puid"": ""953""}"
P-07BC-0_GA-925,2466,D41 ON/Off Info ,DPST-5-1,P-07BC-0_GR-9,Dali,"{""Id"": ""P-07BC-0_GA-925"", ""Address"": ""2466"", ""Name"": ""D41 ON/Off Info "", ""DatapointType"": ""DPST-5-1"", ""Puid"": ""954""}"
P-07BC-0_GA-926,2467,D41 Dimming ,DPST-5-1,P-07BC-0_GR-9,Dali,"{""Id"": ""P-07BC-0_GA-926"", ""Address"": ""2467"", ""Name"": ""D41 Dimming "", ""DatapointType"": ""DPST-5-1"", ""Puid"": ""955""}"
P-07BC-0_GA-927,2468,D41 Dimming Info ,DPST-3-7,P-07BC-0_GR-9,Dali,"{""Id"": ""P-07BC-0_GA-927"", ""Address"": ""2468"", ""Name"": ""D41 Dimming Info "", ""DatapointType"": ""DPST-3-7"", ""Puid"": ""956""}"
P-07BC-0_GA-928,2469,D42 ON/Off,DPST-1-1,P-07BC-0_GR-9,Dali,"{""Id"": ""P-07BC-0_GA-928"", ""Address"": ""2469"", ""Name"": ""D42 ON/Off"", ""DatapointType"": ""DPST-1-1"", ""Puid"": ""957""}"
P-07BC-0_GA-929,2470,D42 ON/Off Info ,DPST-5-1,P-07BC-0_GR-9,Dali,"{""Id"": ""P-07BC-0_GA-929"", ""Address"": ""2470"", ""Name"": ""D42 ON/Off Info "", ""DatapointType"": ""DPST-5-1"", ""Puid"": ""958""}"
P-07BC-0_GA-930,2471,D42 Dimming ,DPST-5-1,P-07BC-0_GR-9,Dali,"{""Id"": ""P-07BC-0_GA-930"", ""Address"": ""2471"", ""Name"": ""D42 Dimming "", ""DatapointType"": ""DPST-5-1"", ""Puid"": ""959""}"
P-07BC-0_GA-931,2472,D42 Dimming Info ,DPST-3-7,P-07BC-0_GR-9,Dali,"{""Id"": ""P-07BC-0_GA-931"", ""Address"": ""2472"", ""Name"": ""D42 Dimming Info "", ""DatapointType"": ""DPST-3-7"", ""Puid"": ""960""}"
P-07BC-0_GA-932,2473,D43 ON/Off,DPST-1-1,P-07BC-0_GR-9,Dali,"{""Id"": ""P-07BC-0_GA-932"", ""Address"": ""2473"", ""Name"": ""D43 ON/Off"", ""DatapointType"": ""DPST-1-1"", ""Puid"": ""961""}"
P-07BC-0_GA-933,2474,D43 ON/Off Info ,DPST-5-1,P-07BC-0_GR-9,Dali,"{""Id"": ""P-07BC-0_GA-933"", ""Address"": ""2474"", ""Name"": ""D43 ON/Off Info "", ""DatapointType"": ""DPST-5-1"", ""Puid"": ""962""}"
P-07BC-0_GA-934,2475,D43 Dimming ,DPST-5-1,P-07BC-0_GR-9,Dali,"{""Id"": ""P-07BC-0_GA-934"", ""Address"": ""2475"", ""Name"": ""D43 Dimming "", ""DatapointType"": ""DPST-5-1"", ""Puid"": ""963""}"
P-07BC-0_GA-935,2476,D43 Dimming Info ,DPST-3-7,P-07BC-0_GR-9,Dali,"{""Id"": ""P-07BC-0_GA-935"", ""Address"": ""2476"", ""Name"": ""D43 Dimming Info "", ""DatapointType"": ""DPST-3-7"", ""Puid"": ""964""}"
P-07BC-0_GA-936,2477,D44 ON/Off,DPST-1-1,P-07BC-0_GR-9,Dali,"{""Id"": ""P-07BC-0_GA-936"", ""Address"": ""2477"", ""Name"": ""D44 ON/Off"", ""DatapointType"": ""DPST-1-1"", ""Puid"": ""965""}"
P-07BC-0_GA-937,2478,D44 ON/Off Info ,DPST-5-1,P-07BC-0_GR-9,Dali,"{""Id"": ""P-07BC-0_GA-937"", ""Address"": ""2478"", ""Name"": ""D44 ON/Off Info "", ""DatapointType"": ""DPST-5-1"", ""Puid"": ""966""}"
P-07BC-0_GA-938,2479,D44 Dimming ,DPST-5-1,P-07BC-0_GR-9,Dali,"{""Id"": ""P-07BC-0_GA-938"", ""Address"": ""2479"", ""Name"": ""D44 Dimming "", ""DatapointType"": ""DPST-5-1"", ""Puid"": ""967""}"
P-07BC-0_GA-939,2480,D44 Dimming Info ,DPST-3-7,P-07BC-0_GR-9,Dali,"{""Id"": ""P-07BC-0_GA-939"", ""Address"": ""2480"", ""Name"": ""D44 Dimming Info "", ""DatapointType"": ""DPST-3-7"", ""Puid"": ""968""}"
P-07BC-0_GA-940,2481,D45 ON/Off,DPST-1-1,P-07BC-0_GR-9,Dali,"{""Id"": ""P-07BC-0_GA-940"", ""Address"": ""2481"", ""Name"": ""D45 ON/Off"", ""DatapointType"": ""DPST-1-1"", ""Puid"": ""969""}"
P-07BC-0_GA-941,2482,D45 ON/Off Info ,DPST-5-1,P-07BC-0_GR-9,Dali,"{""Id"": ""P-07BC-0_GA-941"", ""Address"": ""2482"", ""Name"": ""D45 ON/Off Info "", ""DatapointType"": ""DPST-5-1"", ""Puid"": ""970""}"
P-07BC-0_GA-942,2483,D45 Dimming ,DPST-5-1,P-07BC-0_GR-9,Dali,"{""Id"": ""P-07BC-0_GA-942"", ""Address"": ""2483"", ""Name"": ""D45 Dimming "", ""DatapointType"": ""DPST-5-1"", ""Puid"": ""971""}"
P-07BC-0_GA-943,2484,D45 Dimming Info ,DPST-3-7,P-07BC-0_GR-9,Dali,"{""Id"": ""P-07BC-0_GA-943"", ""Address"": ""2484"", ""Name"": ""D45 Dimming Info "", ""DatapointType"": ""DPST-3-7"", ""Puid"": ""972""}"
P-07BC-0_GA-944,2485,D46 ON/Off,DPST-1-1,P-07BC-0_GR-9,Dali,"{""Id"": ""P-07BC-0_GA-944"", ""Address"": ""2485"", ""Name"": ""D46 ON/Off"", ""DatapointType"": ""DPST-1-1"", ""Puid"": ""973""}"
P-07BC-0_GA-945,2486,D46 ON/Off Info ,DPST-5-1,P-07BC-0_GR-9,Dali,"{""Id"": ""P-07BC-0_GA-945"", ""Address"": ""2486"", ""Name"": ""D46 ON/Off Info "", ""DatapointType"": ""DPST-5-1"", ""Puid"": ""974""}"
P-07BC-0_GA-946,2487,D46 Dimming ,DPST-5-1,P-07BC-0_GR-9,Dali,"{""Id"": ""P-07BC-0_GA-946"", ""Address"": ""2487"", ""Name"": ""D46 Dimming "", ""DatapointType"": ""DPST-5-1"", ""Puid"": ""975""}"
P-07BC-0_GA-947,2488,D46 Dimming Info ,DPST-3-7,P-07BC-0_GR-9,Dali,"{""Id"": ""P-07BC-0_GA-947"", ""Address"": ""2488"", ""Name"": ""D46 Dimming Info "", ""DatapointType"": ""DPST-3-7"", ""Puid"": ""976""}"
P-07BC-0_GA-948,2489,D47 ON/Off,DPST-1-1,P-07BC-0_GR-9,Dali,"{""Id"": ""P-07BC-0_GA-948"", ""Address"": ""2489"", ""Name"": ""D47 ON/Off"", ""DatapointType"": ""DPST-1-1"", ""Puid"": ""977""}"
P-07BC-0_GA-949,2490,D47 ON/Off Info ,DPST-5-1,P-07BC-0_GR-9,Dali,"{""Id"": ""P-07BC-0_GA-949"", ""Address"": ""2490"", ""Name"": ""D47 ON/Off Info "", ""DatapointType"": ""DPST-5-1"", ""Puid"": ""978""}"
P-07BC-0_GA-950,2491,D47 Dimming ,DPST-5-1,P-07BC-0_GR-9,Dali,"{""Id"": ""P-07BC-0_GA-950"", ""Address"": ""2491"", ""Name"": ""D47 Dimming "", ""DatapointType"": ""DPST-5-1"", ""Puid"": ""979""}"
P-07BC-0_GA-951,2492,D47 Dimming Info ,DPST-3-7,P-07BC-0_GR-9,Dali,"{""Id"": ""P-07BC-0_GA-951"", ""Address"": ""2492"", ""Name"": ""D47 Dimming Info "", ""DatapointType"": ""DPST-3-7"", ""Puid"": ""980""}"
P-07BC-0_GA-952,2493,D48 ON/Off,DPST-1-1,P-07BC-0_GR-9,Dali,"{""Id"": ""P-07BC-0_GA-952"", ""Address"": ""2493"", ""Name"": ""D48 ON/Off"", ""DatapointType"": ""DPST-1-1"", ""Puid"": ""981""}"
P-07BC-0_GA-953,2494,D48 ON/Off Info ,DPST-5-1,P-07BC-0_GR-9,Dali,"{""Id"": ""P-07BC-0_GA-953"", ""Address"": ""2494"", ""Name"": ""D48 ON/Off Info "", ""DatapointType"": ""DPST-5-1"", ""Puid"": ""982""}"
P-07BC-0_GA-954,2495,D48 Dimming ,DPST-5-1,P-07BC-0_GR-9,Dali,"{""Id"": ""P-07BC-0_GA-954"", ""Address"": ""2495"", ""Name"": ""D48 Dimming "", ""DatapointType"": ""DPST-5-1"", ""Puid"": ""983""}"
P-07BC-0_GA-955,2496,D48 Dimming Info ,DPST-3-7,P-07BC-0_GR-9,Dali,"{""Id"": ""P-07BC-0_GA-955"", ""Address"": ""2496"", ""Name"": ""D48 Dimming Info "", ""DatapointType"": ""DPST-3-7"", ""Puid"": ""984""}"
P-07BC-0_GA-956,2497,D49 ON/Off,DPST-1-1,P-07BC-0_GR-9,Dali,"{""Id"": ""P-07BC-0_GA-956"", ""Address"": ""2497"", ""Name"": ""D49 ON/Off"", ""DatapointType"": ""DPST-1-1"", ""Puid"": ""985""}"
P-07BC-0_GA-957,2498,D49 ON/Off Info ,DPST-1-1,P-07BC-0_GR-9,Dali,"{""Id"": ""P-07BC-0_GA-957"", ""Address"": ""2498"", ""Name"": ""D49 ON/Off Info "", ""DatapointType"": ""DPST-1-1"", ""Puid"": ""986""}"
P-07BC-0_GA-958,2499,D49 Dimming ,DPST-3-7,P-07BC-0_GR-9,Dali,"{""Id"": ""P-07BC-0_GA-958"", ""Address"": ""2499"", ""Name"": ""D49 Dimming "", ""DatapointType"": ""DPST-3-7"", ""Puid"": ""987""}"
P-07BC-0_GA-959,2500,D49 Dimming Info ,DPST-5-1,P-07BC-0_GR-9,Dali,"{""Id"": ""P-07BC-0_GA-959"", ""Address"": ""2500"", ""Name"": ""D49 Dimming Info "", ""DatapointType"": ""DPST-5-1"", ""Puid"": ""988""}"
P-07BC-0_GA-960,2501,D50 ON/Off,DPST-1-1,P-07BC-0_GR-9,Dali,"{""Id"": ""P-07BC-0_GA-960"", ""Address"": ""2501"", ""Name"": ""D50 ON/Off"", ""DatapointType"": ""DPST-1-1"", ""Puid"": ""989""}"
P-07BC-0_GA-961,2502,D50 ON/Off Info ,DPST-1-1,P-07BC-0_GR-9,Dali,"{""Id"": ""P-07BC-0_GA-961"", ""Address"": ""2502"", ""Name"": ""D50 ON/Off Info "", ""DatapointType"": ""DPST-1-1"", ""Puid"": ""990""}"
P-07BC-0_GA-962,2503,D50 Dimming ,DPST-3-7,P-07BC-0_GR-9,Dali,"{""Id"": ""P-07BC-0_GA-962"", ""Address"": ""2503"", ""Name"": ""D50 Dimming "", ""DatapointType"": ""DPST-3-7"", ""Puid"": ""991""}"
P-07BC-0_GA-963,2504,D50 Dimming Info ,DPST-5-1,P-07BC-0_GR-9,Dali,"{""Id"": ""P-07BC-0_GA-963"", ""Address"": ""2504"", ""Name"": ""D50 Dimming Info "", ""DatapointType"": ""DPST-5-1"", ""Puid"": ""992""}"
P-07BC-0_GA-964,2505,D51 ON/Off,DPST-1-1,P-07BC-0_GR-9,Dali,"{""Id"": ""P-07BC-0_GA-964"", ""Address"": ""2505"", ""Name"": ""D51 ON/Off"", ""DatapointType"": ""DPST-1-1"", ""Puid"": ""993""}"
P-07BC-0_GA-965,2506,D51 ON/Off Info ,DPST-1-1,P-07BC-0_GR-9,Dali,"{""Id"": ""P-07BC-0_GA-965"", ""Address"": ""2506"", ""Name"": ""D51 ON/Off Info "", ""DatapointType"": ""DPST-1-1"", ""Puid"": ""994""}"
P-07BC-0_GA-966,2507,D51 Dimming ,DPST-3-7,P-07BC-0_GR-9,Dali,"{""Id"": ""P-07BC-0_GA-966"", ""Address"": ""2507"", ""Name"": ""D51 Dimming "", ""DatapointType"": ""DPST-3-7"", ""Puid"": ""995""}"
P-07BC-0_GA-967,2508,D51 Dimming Info ,DPST-5-1,P-07BC-0_GR-9,Dali,"{""Id"": ""P-07BC-0_GA-967"", ""Address"": ""2508"", ""Name"": ""D51 Dimming Info "", ""DatapointType"": ""DPST-5-1"", ""Puid"": ""996""}"
P-07BC-0_GA-968,2509,D52 ON/Off,DPST-1-1,P-07BC-0_GR-9,Dali,"{""Id"": ""P-07BC-0_GA-968"", ""Address"": ""2509"", ""Name"": ""D52 ON/Off"", ""DatapointType"": ""DPST-1-1"", ""Puid"": ""997""}"
P-07BC-0_GA-969,2510,D52 ON/Off Info ,DPST-1-1,P-07BC-0_GR-9,Dali,"{""Id"": ""P-07BC-0_GA-969"", ""Address"": ""2510"", ""Name"": ""D52 ON/Off Info "", ""DatapointType"": ""DPST-1-1"", ""Puid"": ""998""}"
P-07BC-0_GA-970,2511,D52 Dimming ,DPST-3-7,P-07BC-0_GR-9,Dali,"{""Id"": ""P-07BC-0_GA-970"", ""Address"": ""2511"", ""Name"": ""D52 Dimming "", ""DatapointType"": ""DPST-3-7"", ""Puid"": ""999""}"
P-07BC-0_GA-971,2512,D52 Dimming Info ,DPST-5-1,P-07BC-0_GR-9,Dali,"{""Id"": ""P-07BC-0_GA-971"", ""Address"": ""2512"", ""Name"": ""D52 Dimming Info "", ""DatapointType"": ""DPST-5-1"", ""Puid"": ""1000""}"
P-07BC-0_GA-972,2513,D53 ON/Off,DPST-1-1,P-07BC-0_GR-9,Dali,"{""Id"": ""P-07BC-0_GA-972"", ""Address"": ""2513"", ""Name"": ""D53 ON/Off"", ""DatapointType"": ""DPST-1-1"", ""Puid"": ""1001""}"
P-07BC-0_GA-973,2514,D53 ON/Off Info ,DPST-1-1,P-07BC-0_GR-9,Dali,"{""Id"": ""P-07BC-0_GA-973"", ""Address"": ""2514"", ""Name"": ""D53 ON/Off Info "", ""DatapointType"": ""DPST-1-1"", ""Puid"": ""1002""}"
P-07BC-0_GA-974,2515,D53 Dimming ,DPST-3-7,P-07BC-0_GR-9,Dali,"{""Id"": ""P-07BC-0_GA-974"", ""Address"": ""2515"", ""Name"": ""D53 Dimming "", ""DatapointType"": ""DPST-3-7"", ""Puid"": ""1003""}"
P-07BC-0_GA-975,2516,D53 Dimming Info ,DPST-5-1,P-07BC-0_GR-9,Dali,"{""Id"": ""P-07BC-0_GA-975"", ""Address"": ""2516"", ""Name"": ""D53 Dimming Info "", ""DatapointType"": ""DPST-5-1"", ""Puid"": ""1004""}"
P-07BC-0_GA-976,2517,D54 ON/Off,DPST-1-1,P-07BC-0_GR-9,Dali,"{""Id"": ""P-07BC-0_GA-976"", ""Address"": ""2517"", ""Name"": ""D54 ON/Off"", ""DatapointType"": ""DPST-1-1"", ""Puid"": ""1005""}"
P-07BC-0_GA-977,2518,D54 ON/Off Info ,DPST-1-1,P-07BC-0_GR-9,Dali,"{""Id"": ""P-07BC-0_GA-977"", ""Address"": ""2518"", ""Name"": ""D54 ON/Off Info "", ""DatapointType"": ""DPST-1-1"", ""Puid"": ""1006""}"
P-07BC-0_GA-978,2519,D54 Dimming ,DPST-3-7,P-07BC-0_GR-9,Dali,"{""Id"": ""P-07BC-0_GA-978"", ""Address"": ""2519"", ""Name"": ""D54 Dimming "", ""DatapointType"": ""DPST-3-7"", ""Puid"": ""1007""}"
P-07BC-0_GA-979,2520,D54 Dimming Info ,DPST-5-1,P-07BC-0_GR-9,Dali,"{""Id"": ""P-07BC-0_GA-979"", ""Address"": ""2520"", ""Name"": ""D54 Dimming Info "", ""DatapointType"": ""DPST-5-1"", ""Puid"": ""1008""}"
P-07BC-0_GA-980,2521,D55 ON/Off,DPST-1-1,P-07BC-0_GR-9,Dali,"{""Id"": ""P-07BC-0_GA-980"", ""Address"": ""2521"", ""Name"": ""D55 ON/Off"", ""DatapointType"": ""DPST-1-1"", ""Puid"": ""1009""}"
P-07BC-0_GA-981,2522,D55 ON/Off Info ,DPST-1-1,P-07BC-0_GR-9,Dali,"{""Id"": ""P-07BC-0_GA-981"", ""Address"": ""2522"", ""Name"": ""D55 ON/Off Info "", ""DatapointType"": ""DPST-1-1"", ""Puid"": ""1010""}"
P-07BC-0_GA-982,2523,D55 Dimming ,DPST-3-7,P-07BC-0_GR-9,Dali,"{""Id"": ""P-07BC-0_GA-982"", ""Address"": ""2523"", ""Name"": ""D55 Dimming "", ""DatapointType"": ""DPST-3-7"", ""Puid"": ""1011""}"
P-07BC-0_GA-983,2524,D55 Dimming Info ,DPST-5-1,P-07BC-0_GR-9,Dali,"{""Id"": ""P-07BC-0_GA-983"", ""Address"": ""2524"", ""Name"": ""D55 Dimming Info "", ""DatapointType"": ""DPST-5-1"", ""Puid"": ""1012""}"
P-07BC-0_GA-984,2525,D56 ON/Off,DPST-1-1,P-07BC-0_GR-9,Dali,"{""Id"": ""P-07BC-0_GA-984"", ""Address"": ""2525"", ""Name"": ""D56 ON/Off"", ""DatapointType"": ""DPST-1-1"", ""Puid"": ""1013""}"
P-07BC-0_GA-985,2526,D56 ON/Off Info ,DPST-1-1,P-07BC-0_GR-9,Dali,"{""Id"": ""P-07BC-0_GA-985"", ""Address"": ""2526"", ""Name"": ""D56 ON/Off Info "", ""DatapointType"": ""DPST-1-1"", ""Puid"": ""1014""}"
P-07BC-0_GA-986,2527,D56 Dimming ,DPST-3-7,P-07BC-0_GR-9,Dali,"{""Id"": ""P-07BC-0_GA-986"", ""Address"": ""2527"", ""Name"": ""D56 Dimming "", ""DatapointType"": ""DPST-3-7"", ""Puid"": ""1015""}"
P-07BC-0_GA-987,2528,D56 Dimming Info ,DPST-5-1,P-07BC-0_GR-9,Dali,"{""Id"": ""P-07BC-0_GA-987"", ""Address"": ""2528"", ""Name"": ""D56 Dimming Info "", ""DatapointType"": ""DPST-5-1"", ""Puid"": ""1016""}"
P-07BC-0_GA-988,2529,D57 ON/Off,DPST-1-1,P-07BC-0_GR-9,Dali,"{""Id"": ""P-07BC-0_GA-988"", ""Address"": ""2529"", ""Name"": ""D57 ON/Off"", ""DatapointType"": ""DPST-1-1"", ""Puid"": ""1017""}"
P-07BC-0_GA-989,2530,D57 ON/Off Info ,DPST-1-1,P-07BC-0_GR-9,Dali,"{""Id"": ""P-07BC-0_GA-989"", ""Address"": ""2530"", ""Name"": ""D57 ON/Off Info "", ""DatapointType"": ""DPST-1-1"", ""Puid"": ""1018""}"
P-07BC-0_GA-990,2531,D57 Dimming ,DPST-3-7,P-07BC-0_GR-9,Dali,"{""Id"": ""P-07BC-0_GA-990"", ""Address"": ""2531"", ""Name"": ""D57 Dimming "", ""DatapointType"": ""DPST-3-7"", ""Puid"": ""1019""}"
P-07BC-0_GA-991,2532,D57 Dimming Info ,DPST-5-1,P-07BC-0_GR-9,Dali,"{""Id"": ""P-07BC-0_GA-991"", ""Address"": ""2532"", ""Name"": ""D57 Dimming Info "", ""DatapointType"": ""DPST-5-1"", ""Puid"": ""1020""}"
P-07BC-0_GA-992,2533,D58 ON/Off,DPST-1-1,P-07BC-0_GR-9,Dali,"{""Id"": ""P-07BC-0_GA-992"", ""Address"": ""2533"", ""Name"": ""D58 ON/Off"", ""DatapointType"": ""DPST-1-1"", ""Puid"": ""1021""}"
P-07BC-0_GA-993,2534,D58 ON/Off Info ,DPST-1-1,P-07BC-0_GR-9,Dali,"{""Id"": ""P-07BC-0_GA-993"", ""Address"": ""2534"", ""Name"": ""D58 ON/Off Info "", ""DatapointType"": ""DPST-1-1"", ""Puid"": ""1022""}"
P-07BC-0_GA-994,2535,D58 Dimming ,DPST-3-7,P-07BC-0_GR-9,Dali,"{""Id"": ""P-07BC-0_GA-994"", ""Address"": ""2535"", ""Name"": ""D58 Dimming "", ""DatapointType"": ""DPST-3-7"", ""Puid"": ""1023""}"
P-07BC-0_GA-995,2536,D58 Dimming Info ,DPST-5-1,P-07BC-0_GR-9,Dali,"{""Id"": ""P-07BC-0_GA-995"", ""Address"": ""2536"", ""Name"": ""D58 Dimming Info "", ""DatapointType"": ""DPST-5-1"", ""Puid"": ""1024""}"
P-07BC-0_GA-996,2537,D59 ON/Off,DPST-1-1,P-07BC-0_GR-9,Dali,"{""Id"": ""P-07BC-0_GA-996"", ""Address"": ""2537"", ""Name"": ""D59 ON/Off"", ""DatapointType"": ""DPST-1-1"", ""Puid"": ""1025""}"
P-07BC-0_GA-997,2538,D59 ON/Off Info ,DPST-1-1,P-07BC-0_GR-9,Dali,"{""Id"": ""P-07BC-0_GA-997"", ""Address"": ""2538"", ""Name"": ""D59 ON/Off Info "", ""DatapointType"": ""DPST-1-1"", ""Puid"": ""1026""}"
P-07BC-0_GA-998,2539,D59 Dimming ,DPST-3-7,P-07BC-0_GR-9,Dali,"{""Id"": ""P-07BC-0_GA-998"", ""Address"": ""2539"", ""Name"": ""D59 Dimming "", ""DatapointType"": ""DPST-3-7"", ""Puid"": ""1027""}"
P-07BC-0_GA-999,2540,D59 Dimming Info ,DPST-5-1,P-07BC-0_GR-9,Dali,"{""Id"": ""P-07BC-0_GA-999"", ""Address"": ""2540"", ""Name"": ""D59 Dimming Info "", ""DatapointType"": ""DPST-5-1"", ""Puid"": ""1028""}"
P-07BC-0_GA-1000,2541,D60 ON/Off,DPST-1-1,P-07BC-0_GR-9,Dali,"{""Id"": ""P-07BC-0_GA-1000"", ""Address"": ""2541"", ""Name"": ""D60 ON/Off"", ""DatapointType"": ""DPST-1-1"", ""Puid"": ""1029""}"
P-07BC-0_GA-1001,2542,D60 ON/Off Info ,DPST-1-1,P-07BC-0_GR-9,Dali,"{""Id"": ""P-07BC-0_GA-1001"", ""Address"": ""2542"", ""Name"": ""D60 ON/Off Info "", ""DatapointType"": ""DPST-1-1"", ""Puid"": ""1030""}"
P-07BC-0_GA-1002,2543,D60 Dimming ,DPST-3-7,P-07BC-0_GR-9,Dali,"{""Id"": ""P-07BC-0_GA-1002"", ""Address"": ""2543"", ""Name"": ""D60 Dimming "", ""DatapointType"": ""DPST-3-7"", ""Puid"": ""1031""}"
P-07BC-0_GA-1003,2544,D60 Dimming Info ,DPST-5-1,P-07BC-0_GR-9,Dali,"{""Id"": ""P-07BC-0_GA-1003"", ""Address"": ""2544"", ""Name"": ""D60 Dimming Info "", ""DatapointType"": ""DPST-5-1"", ""Puid"": ""1032""}"
P-07BC-0_GA-1004,2545,D61 ON/Off,DPST-1-1,P-07BC-0_GR-9,Dali,"{""Id"": ""P-07BC-0_GA-1004"", ""Address"": ""2545"", ""Name"": ""D61 ON/Off"", ""DatapointType"": ""DPST-1-1"", ""Puid"": ""1033""}"
P-07BC-0_GA-1005,2546,D61 ON/Off Info ,DPST-1-1,P-07BC-0_GR-9,Dali,"{""Id"": ""P-07BC-0_GA-1005"", ""Address"": ""2546"", ""Name"": ""D61 ON/Off Info "", ""DatapointType"": ""DPST-1-1"", ""Puid"": ""1034""}"
P-07BC-0_GA-1006,2547,D61 Dimming ,DPST-3-7,P-07BC-0_GR-9,Dali,"{""Id"": ""P-07BC-0_GA-1006"", ""Address"": ""2547"", ""Name"": ""D61 Dimming "", ""DatapointType"": ""DPST-3-7"", ""Puid"": ""1035""}"
P-07BC-0_GA-1007,2548,D61 Dimming Info ,DPST-5-1,P-07BC-0_GR-9,Dali,"{""Id"": ""P-07BC-0_GA-1007"", ""Address"": ""2548"", ""Name"": ""D61 Dimming Info "", ""DatapointType"": ""DPST-5-1"", ""Puid"": ""1036""}"
P-07BC-0_GA-1008,2549,D62 ON/Off,DPST-1-1,P-07BC-0_GR-9,Dali,"{""Id"": ""P-07BC-0_GA-1008"", ""Address"": ""2549"", ""Name"": ""D62 ON/Off"", ""DatapointType"": ""DPST-1-1"", ""Puid"": ""1037""}"
P-07BC-0_GA-1009,2550,D62 ON/Off Info ,DPST-1-1,P-07BC-0_GR-9,Dali,"{""Id"": ""P-07BC-0_GA-1009"", ""Address"": ""2550"", ""Name"": ""D62 ON/Off Info "", ""DatapointType"": ""DPST-1-1"", ""Puid"": ""1038""}"
P-07BC-0_GA-1010,2551,D62 Dimming ,DPST-3-7,P-07BC-0_GR-9,Dali,"{""Id"": ""P-07BC-0_GA-1010"", ""Address"": ""2551"", ""Name"": ""D62 Dimming "", ""DatapointType"": ""DPST-3-7"", ""Puid"": ""1039""}"
P-07BC-0_GA-1011,2552,D62 Dimming Info ,DPST-5-1,P-07BC-0_GR-9,Dali,"{""Id"": ""P-07BC-0_GA-1011"", ""Address"": ""2552"", ""Name"": ""D62 Dimming Info "", ""DatapointType"": ""DPST-5-1"", ""Puid"": ""1040""}"
P-07BC-0_GA-1012,2553,D63 ON/Off,DPST-1-1,P-07BC-0_GR-9,Dali,"{""Id"": ""P-07BC-0_GA-1012"", ""Address"": ""2553"", ""Name"": ""D63 ON/Off"", ""DatapointType"": ""DPST-1-1"", ""Puid"": ""1041""}"
P-07BC-0_GA-1013,2554,D63 ON/Off Info ,DPST-1-1,P-07BC-0_GR-9,Dali,"{""Id"": ""P-07BC-0_GA-1013"", ""Address"": ""2554"", ""Name"": ""D63 ON/Off Info "", ""DatapointType"": ""DPST-1-1"", ""Puid"": ""1042""}"
P-07BC-0_GA-1014,2555,D63 Dimming ,DPST-3-7,P-07BC-0_GR-9,Dali,"{""Id"": ""P-07BC-0_GA-1014"", ""Address"": ""2555"", ""Name"": ""D63 Dimming "", ""DatapointType"": ""DPST-3-7"", ""Puid"": ""1043""}"
P-07BC-0_GA-1015,2556,D63 Dimming Info ,DPST-5-1,P-07BC-0_GR-9,Dali,"{""Id"": ""P-07BC-0_GA-1015"", ""Address"": ""2556"", ""Name"": ""D63 Dimming Info "", ""DatapointType"": ""DPST-5-1"", ""Puid"": ""1044""}"
P-07BC-0_GA-1016,2557,D64 ON/Off,DPST-1-1,P-07BC-0_GR-9,Dali,"{""Id"": ""P-07BC-0_GA-1016"", ""Address"": ""2557"", ""Name"": ""D64 ON/Off"", ""DatapointType"": ""DPST-1-1"", ""Puid"": ""1045""}"
P-07BC-0_GA-1017,2558,D64 ON/Off Info ,DPST-1-1,P-07BC-0_GR-9,Dali,"{""Id"": ""P-07BC-0_GA-1017"", ""Address"": ""2558"", ""Name"": ""D64 ON/Off Info "", ""DatapointType"": ""DPST-1-1"", ""Puid"": ""1046""}"
P-07BC-0_GA-1018,2559,D64 Dimming ,DPST-3-7,P-07BC-0_GR-9,Dali,"{""Id"": ""P-07BC-0_GA-1018"", ""Address"": ""2559"", ""Name"": ""D64 Dimming "", ""DatapointType"": ""DPST-3-7"", ""Puid"": ""1047""}"
P-07BC-0_GA-1019,2561,D65 ON/Off,DPST-1-1,P-07BC-0_GR-10,Dali 2,"{""Id"": ""P-07BC-0_GA-1019"", ""Address"": ""2561"", ""Name"": ""D65 ON/Off"", ""DatapointType"": ""DPST-1-1"", ""Puid"": ""1049""}"
P-07BC-0_GA-1020,2562,D65 ON/Off Info ,DPST-1-1,P-07BC-0_GR-10,Dali 2,"{""Id"": ""P-07BC-0_GA-1020"", ""Address"": ""2562"", ""Name"": ""D65 ON/Off Info "", ""DatapointType"": ""DPST-1-1"", ""Puid"": ""1050""}"
P-07BC-0_GA-1021,2563,D65 Dimming ,DPST-3-7,P-07BC-0_GR-10,Dali 2,"{""Id"": ""P-07BC-0_GA-1021"", ""Address"": ""2563"", ""Name"": ""D65 Dimming "", ""DatapointType"": ""DPST-3-7"", ""Puid"": ""1051""}"
P-07BC-0_GA-1022,2564,D65 Dimming Info ,DPST-5-1,P-07BC-0_GR-10,Dali 2,"{""Id"": ""P-07BC-0_GA-1022"", ""Address"": ""2564"", ""Name"": ""D65 Dimming Info "", ""DatapointType"": ""DPST-5-1"", ""Puid"": ""1052""}"
P-07BC-0_GA-1023,2565,D66 ON/Off,DPST-1-1,P-07BC-0_GR-10,Dali 2,"{""Id"": ""P-07BC-0_GA-1023"", ""Address"": ""2565"", ""Name"": ""D66 ON/Off"", ""DatapointType"": ""DPST-1-1"", ""Puid"": ""1053""}"
P-07BC-0_GA-1024,2566,D66 ON/Off Info ,DPST-1-1,P-07BC-0_GR-10,Dali 2,"{""Id"": ""P-07BC-0_GA-1024"", ""Address"": ""2566"", ""Name"": ""D66 ON/Off Info "", ""DatapointType"": ""DPST-1-1"", ""Puid"": ""1054""}"
P-07BC-0_GA-1025,2567,D66 Dimming ,DPST-3-7,P-07BC-0_GR-10,Dali 2,"{""Id"": ""P-07BC-0_GA-1025"", ""Address"": ""2567"", ""Name"": ""D66 Dimming "", ""DatapointType"": ""DPST-3-7"", ""Puid"": ""1055""}"
P-07BC-0_GA-1026,2568,D66 Dimming Info ,DPST-5-1,P-07BC-0_GR-10,Dali 2,"{""Id"": ""P-07BC-0_GA-1026"", ""Address"": ""2568"", ""Name"": ""D66 Dimming Info "", ""DatapointType"": ""DPST-5-1"", ""Puid"": ""1056""}"
P-07BC-0_GA-1027,2569,D67 ON/Off ,DPST-1-1,P-07BC-0_GR-10,Dali 2,"{""Id"": ""P-07BC-0_GA-1027"", ""Address"": ""2569"", ""Name"": ""D67 ON/Off "", ""DatapointType"": ""DPST-1-1"", ""Puid"": ""1057""}"
P-07BC-0_GA-1028,2570,D67 ON/Off Info ,DPST-1-1,P-07BC-0_GR-10,Dali 2,"{""Id"": ""P-07BC-0_GA-1028"", ""Address"": ""2570"", ""Name"": ""D67 ON/Off Info "", ""DatapointType"": ""DPST-1-1"", ""Puid"": ""1058""}"
P-07BC-0_GA-1029,2571,D67 Dimming ,DPST-3-7,P-07BC-0_GR-10,Dali 2,"{""Id"": ""P-07BC-0_GA-1029"", ""Address"": ""2571"", ""Name"": ""D67 Dimming "", ""DatapointType"": ""DPST-3-7"", ""Puid"": ""1059""}"
P-07BC-0_GA-1030,2572,D67 Dimming Info ,DPST-5-1,P-07BC-0_GR-10,Dali 2,"{""Id"": ""P-07BC-0_GA-1030"", ""Address"": ""2572"", ""Name"": ""D67 Dimming Info "", ""DatapointType"": ""DPST-5-1"", ""Puid"": ""1060""}"
P-07BC-0_GA-1031,2573,D68 ON/Off ,DPST-1-1,P-07BC-0_GR-10,Dali 2,"{""Id"": ""P-07BC-0_GA-1031"", ""Address"": ""2573"", ""Name"": ""D68 ON/Off "", ""DatapointType"": ""DPST-1-1"", ""Puid"": ""1061""}"
P-07BC-0_GA-1032,2574,D68 ON/Off Info ,DPST-1-1,P-07BC-0_GR-10,Dali 2,"{""Id"": ""P-07BC-0_GA-1032"", ""Address"": ""2574"", ""Name"": ""D68 ON/Off Info "", ""DatapointType"": ""DPST-1-1"", ""Puid"": ""1062""}"
P-07BC-0_GA-1033,2575,D68 Dimming ,DPST-3-7,P-07BC-0_GR-10,Dali 2,"{""Id"": ""P-07BC-0_GA-1033"", ""Address"": ""2575"", ""Name"": ""D68 Dimming "", ""DatapointType"": ""DPST-3-7"", ""Puid"": ""1063""}"
P-07BC-0_GA-1034,2576,D68 Dimming Info ,DPST-5-1,P-07BC-0_GR-10,Dali 2,"{""Id"": ""P-07BC-0_GA-1034"", ""Address"": ""2576"", ""Name"": ""D68 Dimming Info "", ""DatapointType"": ""DPST-5-1"", ""Puid"": ""1064""}"
P-07BC-0_GA-1035,2577,D69 ON/Off,DPST-1-1,P-07BC-0_GR-10,Dali 2,"{""Id"": ""P-07BC-0_GA-1035"", ""Address"": ""2577"", ""Name"": ""D69 ON/Off"", ""DatapointType"": ""DPST-1-1"", ""Puid"": ""1065""}"
P-07BC-0_GA-1036,2578,D69 ON/Off Info ,DPST-1-1,P-07BC-0_GR-10,Dali 2,"{""Id"": ""P-07BC-0_GA-1036"", ""Address"": ""2578"", ""Name"": ""D69 ON/Off Info "", ""DatapointType"": ""DPST-1-1"", ""Puid"": ""1066""}"
P-07BC-0_GA-1037,2579,D69 Dimming ,DPST-3-7,P-07BC-0_GR-10,Dali 2,"{""Id"": ""P-07BC-0_GA-1037"", ""Address"": ""2579"", ""Name"": ""D69 Dimming "", ""DatapointType"": ""DPST-3-7"", ""Puid"": ""1067""}"
P-07BC-0_GA-1038,2580,D69 Dimming Info ,DPST-5-1,P-07BC-0_GR-10,Dali 2,"{""Id"": ""P-07BC-0_GA-1038"", ""Address"": ""2580"", ""Name"": ""D69 Dimming Info "", ""DatapointType"": ""DPST-5-1"", ""Puid"": ""1068""}"
P-07BC-0_GA-1039,2581,D70 ON/Off,DPST-1-1,P-07BC-0_GR-10,Dali 2,"{""Id"": ""P-07BC-0_GA-1039"", ""Address"": ""2581"", ""Name"": ""D70 ON/Off"", ""DatapointType"": ""DPST-1-1"", ""Puid"": ""1069""}"
P-07BC-0_GA-1040,2582,D70 ON/Off Info ,DPST-1-1,P-07BC-0_GR-10,Dali 2,"{""Id"": ""P-07BC-0_GA-1040"", ""Address"": ""2582"", ""Name"": ""D70 ON/Off Info "", ""DatapointType"": ""DPST-1-1"", ""Puid"": ""1070""}"
P-07BC-0_GA-1041,2583,D70 Dimming ,DPST-3-7,P-07BC-0_GR-10,Dali 2,"{""Id"": ""P-07BC-0_GA-1041"", ""Address"": ""2583"", ""Name"": ""D70 Dimming "", ""DatapointType"": ""DPST-3-7"", ""Puid"": ""1071""}"
P-07BC-0_GA-1042,2584,D70 Dimming Info ,DPST-5-1,P-07BC-0_GR-10,Dali 2,"{""Id"": ""P-07BC-0_GA-1042"", ""Address"": ""2584"", ""Name"": ""D70 Dimming Info "", ""DatapointType"": ""DPST-5-1"", ""Puid"": ""1072""}"
P-07BC-0_GA-1043,2817,1 Move,DPST-1-8,P-07BC-0_GR-11,Shutter,"{""Id"": ""P-07BC-0_GA-1043"", ""Address"": ""2817"", ""Name"": ""1 Move"", ""DatapointType"": ""DPST-1-8"", ""Puid"": ""1074""}"
P-07BC-0_GA-1044,2818,1 Stop ,DPST-1-17,P-07BC-0_GR-11,Shutter,"{""Id"": ""P-07BC-0_GA-1044"", ""Address"": ""2818"", ""Name"": ""1 Stop "", ""DatapointType"": ""DPST-1-17"", ""Puid"": ""1075""}"
P-07BC-0_GA-1045,2819,1 Status,DPST-5-1,P-07BC-0_GR-11,Shutter,"{""Id"": ""P-07BC-0_GA-1045"", ""Address"": ""2819"", ""Name"": ""1 Status"", ""DatapointType"": ""DPST-5-1"", ""Puid"": ""1076""}"
P-07BC-0_GA-1046,2820,2 Move ,DPST-1-8,P-07BC-0_GR-11,Shutter,"{""Id"": ""P-07BC-0_GA-1046"", ""Address"": ""2820"", ""Name"": ""2 Move "", ""DatapointType"": ""DPST-1-8"", ""Puid"": ""1077""}"
P-07BC-0_GA-1047,2821,2 Stop ,DPST-1-17,P-07BC-0_GR-11,Shutter,"{""Id"": ""P-07BC-0_GA-1047"", ""Address"": ""2821"", ""Name"": ""2 Stop "", ""DatapointType"": ""DPST-1-17"", ""Puid"": ""1078""}"
P-07BC-0_GA-1048,2822,2 Status,DPST-5-1,P-07BC-0_GR-11,Shutter,"{""Id"": ""P-07BC-0_GA-1048"", ""Address"": ""2822"", ""Name"": ""2 Status"", ""DatapointType"": ""DPST-5-1"", ""Puid"": ""1079""}"
P-07BC-0_GA-1049,2823,3 Move ,DPST-1-8,P-07BC-0_GR-11,Shutter,"{""Id"": ""P-07BC-0_GA-1049"", ""Address"": ""2823"", ""Name"": ""3 Move "", ""DatapointType"": ""DPST-1-8"", ""Puid"": ""1080""}"
P-07BC-0_GA-1050,2824,3 Stop ,DPST-1-17,P-07BC-0_GR-11,Shutter,"{""Id"": ""P-07BC-0_GA-1050"", ""Address"": ""2824"", ""Name"": ""3 Stop "", ""DatapointType"": ""DPST-1-17"", ""Puid"": ""1081""}"
P-07BC-0_GA-1051,2825,3 Status,DPST-5-1,P-07BC-0_GR-11,Shutter,"{""Id"": ""P-07BC-0_GA-1051"", ""Address"": ""2825"", ""Name"": ""3 Status"", ""DatapointType"": ""DPST-5-1"", ""Puid"": ""1082""}"
P-07BC-0_GA-1052,2826,4 Move ,DPST-1-8,P-07BC-0_GR-11,Shutter,"{""Id"": ""P-07BC-0_GA-1052"", ""Address"": ""2826"", ""Name"": ""4 Move "", ""DatapointType"": ""DPST-1-8"", ""Puid"": ""1083""}"
P-07BC-0_GA-1053,2827,4 Stop ,DPST-1-17,P-07BC-0_GR-11,Shutter,"{""Id"": ""P-07BC-0_GA-1053"", ""Address"": ""2827"", ""Name"": ""4 Stop "", ""DatapointType"": ""DPST-1-17"", ""Puid"": ""1084""}"
P-07BC-0_GA-1054,2828,4 Status,DPST-5-1,P-07BC-0_GR-11,Shutter,"{""Id"": ""P-07BC-0_GA-1054"", ""Address"": ""2828"", ""Name"": ""4 Status"", ""DatapointType"": ""DPST-5-1"", ""Puid"": ""1085""}"
P-07BC-0_GA-1055,2829,5 Move ,DPST-1-8,P-07BC-0_GR-11,Shutter,"{""Id"": ""P-07BC-0_GA-1055"", ""Address"": ""2829"", ""Name"": ""5 Move "", ""DatapointType"": ""DPST-1-8"", ""Puid"": ""1086""}"
P-07BC-0_GA-1056,2830,5 Stop ,DPST-1-17,P-07BC-0_GR-11,Shutter,"{""Id"": ""P-07BC-0_GA-1056"", ""Address"": ""2830"", ""Name"": ""5 Stop "", ""DatapointType"": ""DPST-1-17"", ""Puid"": ""1087""}"
P-07BC-0_GA-1057,2831,5 Status,DPST-5-1,P-07BC-0_GR-11,Shutter,"{""Id"": ""P-07BC-0_GA-1057"", ""Address"": ""2831"", ""Name"": ""5 Status"", ""DatapointType"": ""DPST-5-1"", ""Puid"": ""1088""}"
P-07BC-0_GA-1058,2832,6 Move ,DPST-1-8,P-07BC-0_GR-11,Shutter,"{""Id"": ""P-07BC-0_GA-1058"", ""Address"": ""2832"", ""Name"": ""6 Move "", ""DatapointType"": ""DPST-1-8"", ""Puid"": ""1089""}"
P-07BC-0_GA-1059,2833,6 Stop ,DPST-1-17,P-07BC-0_GR-11,Shutter,"{""Id"": ""P-07BC-0_GA-1059"", ""Address"": ""2833"", ""Name"": ""6 Stop "", ""DatapointType"": ""DPST-1-17"", ""Puid"": ""1090""}"
P-07BC-0_GA-1060,2834,6 Status,DPST-5-1,P-07BC-0_GR-11,Shutter,"{""Id"": ""P-07BC-0_GA-1060"", ""Address"": ""2834"", ""Name"": ""6 Status"", ""DatapointType"": ""DPST-5-1"", ""Puid"": ""1091""}"
P-07BC-0_GA-1061,2835,7 Move ,DPST-1-8,P-07BC-0_GR-11,Shutter,"{""Id"": ""P-07BC-0_GA-1061"", ""Address"": ""2835"", ""Name"": ""7 Move "", ""DatapointType"": ""DPST-1-8"", ""Puid"": ""1092""}"
P-07BC-0_GA-1062,2836,7 Stop ,DPST-1-17,P-07BC-0_GR-11,Shutter,"{""Id"": ""P-07BC-0_GA-1062"", ""Address"": ""2836"", ""Name"": ""7 Stop "", ""DatapointType"": ""DPST-1-17"", ""Puid"": ""1093""}"
P-07BC-0_GA-1063,2837,7 Status,DPST-5-1,P-07BC-0_GR-11,Shutter,"{""Id"": ""P-07BC-0_GA-1063"", ""Address"": ""2837"", ""Name"": ""7 Status"", ""DatapointType"": ""DPST-5-1"", ""Puid"": ""1094""}"
P-07BC-0_GA-1064,2838,8 Move ,DPST-1-8,P-07BC-0_GR-11,Shutter,"{""Id"": ""P-07BC-0_GA-1064"", ""Address"": ""2838"", ""Name"": ""8 Move "", ""DatapointType"": ""DPST-1-8"", ""Puid"": ""1095""}"
P-07BC-0_GA-1065,2839,8 Stop ,DPST-1-17,P-07BC-0_GR-11,Shutter,"{""Id"": ""P-07BC-0_GA-1065"", ""Address"": ""2839"", ""Name"": ""8 Stop "", ""DatapointType"": ""DPST-1-17"", ""Puid"": ""1096""}"
P-07BC-0_GA-1066,2840,8 Status,DPST-5-1,P-07BC-0_GR-11,Shutter,"{""Id"": ""P-07BC-0_GA-1066"", ""Address"": ""2840"", ""Name"": ""8 Status"", ""DatapointType"": ""DPST-5-1"", ""Puid"": ""1097""}"
P-07BC-0_GA-1067,2841,9 Move ,DPST-1-8,P-07BC-0_GR-11,Shutter,"{""Id"": ""P-07BC-0_GA-1067"", ""Address"": ""2841"", ""Name"": ""9 Move "", ""DatapointType"": ""DPST-1-8"", ""Puid"": ""1098""}"
P-07BC-0_GA-1068,2842,9 Stop ,DPST-1-17,P-07BC-0_GR-11,Shutter,"{""Id"": ""P-07BC-0_GA-1068"", ""Address"": ""2842"", ""Name"": ""9 Stop "", ""DatapointType"": ""DPST-1-17"", ""Puid"": ""1099""}"
P-07BC-0_GA-1069,2843,9 Status,DPST-5-1,P-07BC-0_GR-11,Shutter,"{""Id"": ""P-07BC-0_GA-1069"", ""Address"": ""2843"", ""Name"": ""9 Status"", ""DatapointType"": ""DPST-5-1"", ""Puid"": ""1100""}"
P-07BC-0_GA-1070,2844,10 Move ,DPST-1-8,P-07BC-0_GR-11,Shutter,"{""Id"": ""P-07BC-0_GA-1070"", ""Address"": ""2844"", ""Name"": ""10 Move "", ""DatapointType"": ""DPST-1-8"", ""Puid"": ""1101""}"
P-07BC-0_GA-1071,2845,10 Stop ,DPST-1-17,P-07BC-0_GR-11,Shutter,"{""Id"": ""P-07BC-0_GA-1071"", ""Address"": ""2845"", ""Name"": ""10 Stop "", ""DatapointType"": ""DPST-1-17"", ""Puid"": ""1102""}"
P-07BC-0_GA-1072,2846,10 Status,DPST-5-1,P-07BC-0_GR-11,Shutter,"{""Id"": ""P-07BC-0_GA-1072"", ""Address"": ""2846"", ""Name"": ""10 Status"", ""DatapointType"": ""DPST-5-1"", ""Puid"": ""1103""}"
P-07BC-0_GA-1073,2847,11 Move ,DPST-1-8,P-07BC-0_GR-11,Shutter,"{""Id"": ""P-07BC-0_GA-1073"", ""Address"": ""2847"", ""Name"": ""11 Move "", ""DatapointType"": ""DPST-1-8"", ""Puid"": ""1104""}"
P-07BC-0_GA-1074,2848,11 Stop ,DPST-1-17,P-07BC-0_GR-11,Shutter,"{""Id"": ""P-07BC-0_GA-1074"", ""Address"": ""2848"", ""Name"": ""11 Stop "", ""DatapointType"": ""DPST-1-17"", ""Puid"": ""1105""}"
P-07BC-0_GA-1075,2849,11 Status,DPST-5-1,P-07BC-0_GR-11,Shutter,"{""Id"": ""P-07BC-0_GA-1075"", ""Address"": ""2849"", ""Name"": ""11 Status"", ""DatapointType"": ""DPST-5-1"", ""Puid"": ""1106""}"
P-07BC-0_GA-1076,2850,12 Move ,DPST-1-8,P-07BC-0_GR-11,Shutter,"{""Id"": ""P-07BC-0_GA-1076"", ""Address"": ""2850"", ""Name"": ""12 Move "", ""DatapointType"": ""DPST-1-8"", ""Puid"": ""1107""}"
P-07BC-0_GA-1077,2851,12 Stop ,DPST-1-17,P-07BC-0_GR-11,Shutter,"{""Id"": ""P-07BC-0_GA-1077"", ""Address"": ""2851"", ""Name"": ""12 Stop "", ""DatapointType"": ""DPST-1-17"", ""Puid"": ""1108""}"
P-07BC-0_GA-1078,2852,12 Status,DPST-5-1,P-07BC-0_GR-11,Shutter,"{""Id"": ""P-07BC-0_GA-1078"", ""Address"": ""2852"", ""Name"": ""12 Status"", ""DatapointType"": ""DPST-5-1"", ""Puid"": ""1109""}"
P-07BC-0_GA-1079,2853,13 Move ,DPST-1-8,P-07BC-0_GR-11,Shutter,"{""Id"": ""P-07BC-0_GA-1079"", ""Address"": ""2853"", ""Name"": ""13 Move "", ""DatapointType"": ""DPST-1-8"", ""Puid"": ""1110""}"
P-07BC-0_GA-1080,2854,13 Stop ,DPST-1-17,P-07BC-0_GR-11,Shutter,"{""Id"": ""P-07BC-0_GA-1080"", ""Address"": ""2854"", ""Name"": ""13 Stop "", ""DatapointType"": ""DPST-1-17"", ""Puid"": ""1111""}"
P-07BC-0_GA-1081,2855,13 Status,DPST-5-1,P-07BC-0_GR-11,Shutter,"{""Id"": ""P-07BC-0_GA-1081"", ""Address"": ""2855"", ""Name"": ""13 Status"", ""DatapointType"": ""DPST-5-1"", ""Puid"": ""1112""}"
P-07BC-0_GA-1082,2856,14 Move ,DPST-1-8,P-07BC-0_GR-11,Shutter,"{""Id"": ""P-07BC-0_GA-1082"", ""Address"": ""2856"", ""Name"": ""14 Move "", ""DatapointType"": ""DPST-1-8"", ""Puid"": ""1113""}"
P-07BC-0_GA-1083,2857,14 Stop ,DPST-1-17,P-07BC-0_GR-11,Shutter,"{""Id"": ""P-07BC-0_GA-1083"", ""Address"": ""2857"", ""Name"": ""14 Stop "", ""DatapointType"": ""DPST-1-17"", ""Puid"": ""1114""}"
P-07BC-0_GA-1084,2858,14 Status,DPST-5-1,P-07BC-0_GR-11,Shutter,"{""Id"": ""P-07BC-0_GA-1084"", ""Address"": ""2858"", ""Name"": ""14 Status"", ""DatapointType"": ""DPST-5-1"", ""Puid"": ""1115""}"
P-07BC-0_GA-1085,2859,15 Move ,DPST-1-8,P-07BC-0_GR-11,Shutter,"{""Id"": ""P-07BC-0_GA-1085"", ""Address"": ""2859"", ""Name"": ""15 Move "", ""DatapointType"": ""DPST-1-8"", ""Puid"": ""1116""}"
P-07BC-0_GA-1086,2860,15 Stop ,DPST-1-17,P-07BC-0_GR-11,Shutter,"{""Id"": ""P-07BC-0_GA-1086"", ""Address"": ""2860"", ""Name"": ""15 Stop "", ""DatapointType"": ""DPST-1-17"", ""Puid"": ""1117""}"
P-07BC-0_GA-1087,2861,15 Status,DPST-5-1,P-07BC-0_GR-11,Shutter,"{""Id"": ""P-07BC-0_GA-1087"", ""Address"": ""2861"", ""Name"": ""15 Status"", ""DatapointType"": ""DPST-5-1"", ""Puid"": ""1118""}"
P-07BC-0_GA-1088,2862,16 Move ,DPST-1-8,P-07BC-0_GR-11,Shutter,"{""Id"": ""P-07BC-0_GA-1088"", ""Address"": ""2862"", ""Name"": ""16 Move "", ""DatapointType"": ""DPST-1-8"", ""Puid"": ""1119""}"
P-07BC-0_GA-1089,2863,16 Stop ,DPST-1-17,P-07BC-0_GR-11,Shutter,"{""Id"": ""P-07BC-0_GA-1089"", ""Address"": ""2863"", ""Name"": ""16 Stop "", ""DatapointType"": ""DPST-1-17"", ""Puid"": ""1120""}"
P-07BC-0_GA-1090,2864,16 Status,DPST-5-1,P-07BC-0_GR-11,Shutter,"{""Id"": ""P-07BC-0_GA-1090"", ""Address"": ""2864"", ""Name"": ""16 Status"", ""DatapointType"": ""DPST-5-1"", ""Puid"": ""1121""}"
P-07BC-0_GA-1091,2865,17 Move ,DPST-1-8,P-07BC-0_GR-11,Shutter,"{""Id"": ""P-07BC-0_GA-1091"", ""Address"": ""2865"", ""Name"": ""17 Move "", ""DatapointType"": ""DPST-1-8"", ""Puid"": ""1122""}"
P-07BC-0_GA-1092,2866,17 Stop ,DPST-1-17,P-07BC-0_GR-11,Shutter,"{""Id"": ""P-07BC-0_GA-1092"", ""Address"": ""2866"", ""Name"": ""17 Stop "", ""DatapointType"": ""DPST-1-17"", ""Puid"": ""1123""}"
P-07BC-0_GA-1093,2867,17 Status,DPST-5-1,P-07BC-0_GR-11,Shutter,"{""Id"": ""P-07BC-0_GA-1093"", ""Address"": ""2867"", ""Name"": ""17 Status"", ""DatapointType"": ""DPST-5-1"", ""Puid"": ""1124""}"
P-07BC-0_GA-1094,2868,18 Move ,DPST-1-8,P-07BC-0_GR-11,Shutter,"{""Id"": ""P-07BC-0_GA-1094"", ""Address"": ""2868"", ""Name"": ""18 Move "", ""DatapointType"": ""DPST-1-8"", ""Puid"": ""1125""}"
P-07BC-0_GA-1095,2869,18 Stop ,DPST-1-17,P-07BC-0_GR-11,Shutter,"{""Id"": ""P-07BC-0_GA-1095"", ""Address"": ""2869"", ""Name"": ""18 Stop "", ""DatapointType"": ""DPST-1-17"", ""Puid"": ""1126""}"
P-07BC-0_GA-1096,2870,18 Status,DPST-5-1,P-07BC-0_GR-11,Shutter,"{""Id"": ""P-07BC-0_GA-1096"", ""Address"": ""2870"", ""Name"": ""18 Status"", ""DatapointType"": ""DPST-5-1"", ""Puid"": ""1127""}"
P-07BC-0_GA-1097,3073,1 Mode ,DPST-20-105,P-07BC-0_GR-12,AC ,"{""Id"": ""P-07BC-0_GA-1097"", ""Address"": ""3073"", ""Name"": ""1 Mode "", ""DatapointType"": ""DPST-20-105"", ""Puid"": ""1129""}"
P-07BC-0_GA-1098,3074,1 Mode Info ,DPST-20-105,P-07BC-0_GR-12,AC ,"{""Id"": ""P-07BC-0_GA-1098"", ""Address"": ""3074"", ""Name"": ""1 Mode Info "", ""DatapointType"": ""DPST-20-105"", ""Puid"": ""1130""}"
P-07BC-0_GA-1099,3075,1 ON/Off ,DPST-1-1,P-07BC-0_GR-12,AC ,"{""Id"": ""P-07BC-0_GA-1099"", ""Address"": ""3075"", ""Name"": ""1 ON/Off "", ""DatapointType"": ""DPST-1-1"", ""Puid"": ""1131""}"
P-07BC-0_GA-1100,3076,1 ON/Off Info ,DPST-1-1,P-07BC-0_GR-12,AC ,"{""Id"": ""P-07BC-0_GA-1100"", ""Address"": ""3076"", ""Name"": ""1 ON/Off Info "", ""DatapointType"": ""DPST-1-1"", ""Puid"": ""1132""}"
P-07BC-0_GA-1101,3077,1 Fan ,DPST-5-1,P-07BC-0_GR-12,AC ,"{""Id"": ""P-07BC-0_GA-1101"", ""Address"": ""3077"", ""Name"": ""1 Fan "", ""DatapointType"": ""DPST-5-1"", ""Puid"": ""1133""}"
P-07BC-0_GA-1102,3078,1 Fan Info ,DPST-5-1,P-07BC-0_GR-12,AC ,"{""Id"": ""P-07BC-0_GA-1102"", ""Address"": ""3078"", ""Name"": ""1 Fan Info "", ""DatapointType"": ""DPST-5-1"", ""Puid"": ""1134""}"
P-07BC-0_GA-1103,3079,1 Set Point ,DPST-9-1,P-07BC-0_GR-12,AC ,"{""Id"": ""P-07BC-0_GA-1103"", ""Address"": ""3079"", ""Name"": ""1 Set Point "", ""DatapointType"": ""DPST-9-1"", ""Puid"": ""1135""}"
P-07BC-0_GA-1104,3080,1 Set Point Info ,DPST-9-1,P-07BC-0_GR-12,AC ,"{""Id"": ""P-07BC-0_GA-1104"", ""Address"": ""3080"", ""Name"": ""1 Set Point Info "", ""DatapointType"": ""DPST-9-1"", ""Puid"": ""1136""}"
P-07BC-0_GA-1105,3081,1 Temp.,DPST-7-7,P-07BC-0_GR-12,AC ,"{""Id"": ""P-07BC-0_GA-1105"", ""Address"": ""3081"", ""Name"": ""1 Temp."", ""DatapointType"": ""DPST-7-7"", ""Puid"": ""1137""}"
P-07BC-0_GA-1106,3082,1 Error Code ,DPST-16-0,P-07BC-0_GR-12,AC ,"{""Id"": ""P-07BC-0_GA-1106"", ""Address"": ""3082"", ""Name"": ""1 Error Code "", ""DatapointType"": ""DPST-16-0"", ""Puid"": ""1138""}"
P-07BC-0_GA-1107,3083,2 Mode ,DPST-20-105,P-07BC-0_GR-12,AC ,"{""Id"": ""P-07BC-0_GA-1107"", ""Address"": ""3083"", ""Name"": ""2 Mode "", ""DatapointType"": ""DPST-20-105"", ""Puid"": ""1139""}"
P-07BC-0_GA-1108,3084,2 Mode Info ,DPST-20-105,P-07BC-0_GR-12,AC ,"{""Id"": ""P-07BC-0_GA-1108"", ""Address"": ""3084"", ""Name"": ""2 Mode Info "", ""DatapointType"": ""DPST-20-105"", ""Puid"": ""1140""}"
P-07BC-0_GA-1109,3085,2 ON/Off ,DPST-1-1,P-07BC-0_GR-12,AC ,"{""Id"": ""P-07BC-0_GA-1109"", ""Address"": ""3085"", ""Name"": ""2 ON/Off "", ""DatapointType"": ""DPST-1-1"", ""Puid"": ""1141""}"
P-07BC-0_GA-1110,3086,2 ON/Off Info ,DPST-1-1,P-07BC-0_GR-12,AC ,"{""Id"": ""P-07BC-0_GA-1110"", ""Address"": ""3086"", ""Name"": ""2 ON/Off Info "", ""DatapointType"": ""DPST-1-1"", ""Puid"": ""1142""}"
P-07BC-0_GA-1111,3087,2 Fan ,DPST-5-1,P-07BC-0_GR-12,AC ,"{""Id"": ""P-07BC-0_GA-1111"", ""Address"": ""3087"", ""Name"": ""2 Fan "", ""DatapointType"": ""DPST-5-1"", ""Puid"": ""1143""}"
P-07BC-0_GA-1112,3088,2 Fan Info ,DPST-5-1,P-07BC-0_GR-12,AC ,"{""Id"": ""P-07BC-0_GA-1112"", ""Address"": ""3088"", ""Name"": ""2 Fan Info "", ""DatapointType"": ""DPST-5-1"", ""Puid"": ""1144""}"
P-07BC-0_GA-1113,3089,2 Set Point ,DPST-9-1,P-07BC-0_GR-12,AC ,"{""Id"": ""P-07BC-0_GA-1113"", ""Address"": ""3089"", ""Name"": ""2 Set Point "", ""DatapointType"": ""DPST-9-1"", ""Puid"": ""1145""}"
P-07BC-0_GA-1114,3090,2 Set Point Info ,DPST-9-1,P-07BC-0_GR-12,AC ,"{""Id"": ""P-07BC-0_GA-1114"", ""Address"": ""3090"", ""Name"": ""2 Set Point Info "", ""DatapointType"": ""DPST-9-1"", ""Puid"": ""1146""}"
P-07BC-0_GA-1115,3091,2 Temp.,DPST-7-7,P-07BC-0_GR-12,AC ,"{""Id"": ""P-07BC-0_GA-1115"", ""Address"": ""3091"", ""Name"": ""2 Temp."", ""DatapointType"": ""DPST-7-7"", ""Puid"": ""1147""}"
P-07BC-0_GA-1116,3092,2 Error Code ,DPST-16-0,P-07BC-0_GR-12,AC ,"{""Id"": ""P-07BC-0_GA-1116"", ""Address"": ""3092"", ""Name"": ""2 Error Code "", ""DatapointType"": ""DPST-16-0"", ""Puid"": ""1148""}"
P-07BC-0_GA-1117,3093,3 Mode ,DPST-20-105,P-07BC-0_GR-12,AC ,"{""Id"": ""P-07BC-0_GA-1117"", ""Address"": ""3093"", ""Name"": ""3 Mode "", ""DatapointType"": ""DPST-20-105"", ""Puid"": ""1149""}"
P-07BC-0_GA-1118,3094,3 Mode Info ,DPST-20-105,P-07BC-0_GR-12,AC ,"{""Id"": ""P-07BC-0_GA-1118"", ""Address"": ""3094"", ""Name"": ""3 Mode Info "", ""DatapointType"": ""DPST-20-105"", ""Puid"": ""1150""}"
P-07BC-0_GA-1119,3095,3 ON/Off ,DPST-1-1,P-07BC-0_GR-12,AC ,"{""Id"": ""P-07BC-0_GA-1119"", ""Address"": ""3095"", ""Name"": ""3 ON/Off "", ""DatapointType"": ""DPST-1-1"", ""Puid"": ""1151""}"
P-07BC-0_GA-1120,3096,3 ON/Off Info ,DPST-1-1,P-07BC-0_GR-12,AC ,"{""Id"": ""P-07BC-0_GA-1120"", ""Address"": ""3096"", ""Name"": ""3 ON/Off Info "", ""DatapointType"": ""DPST-1-1"", ""Puid"": ""1152""}"
P-07BC-0_GA-1121,3097,3 Fan ,DPST-5-1,P-07BC-0_GR-12,AC ,"{""Id"": ""P-07BC-0_GA-1121"", ""Address"": ""3097"", ""Name"": ""3 Fan "", ""DatapointType"": ""DPST-5-1"", ""Puid"": ""1153""}"
P-07BC-0_GA-1122,3098,3 Fan Info ,DPST-5-1,P-07BC-0_GR-12,AC ,"{""Id"": ""P-07BC-0_GA-1122"", ""Address"": ""3098"", ""Name"": ""3 Fan Info "", ""DatapointType"": ""DPST-5-1"", ""Puid"": ""1154""}"
P-07BC-0_GA-1123,3099,3 Set Point ,DPST-9-1,P-07BC-0_GR-12,AC ,"{""Id"": ""P-07BC-0_GA-1123"", ""Address"": ""3099"", ""Name"": ""3 Set Point "", ""DatapointType"": ""DPST-9-1"", ""Puid"": ""1155""}"
P-07BC-0_GA-1124,3100,3 Set Point Info ,DPST-9-1,P-07BC-0_GR-12,AC ,"{""Id"": ""P-07BC-0_GA-1124"", ""Address"": ""3100"", ""Name"": ""3 Set Point Info "", ""DatapointType"": ""DPST-9-1"", ""Puid"": ""1156""}"
P-07BC-0_GA-1125,3101,3 Temp.,DPST-7-7,P-07BC-0_GR-12,AC ,"{""Id"": ""P-07BC-0_GA-1125"", ""Address"": ""3101"", ""Name"": ""3 Temp."", ""DatapointType"": ""DPST-7-7"", ""Puid"": ""1157""}"
P-07BC-0_GA-1126,3102,3 Error Code ,DPST-16-0,P-07BC-0_GR-12,AC ,"{""Id"": ""P-07BC-0_GA-1126"", ""Address"": ""3102"", ""Name"": ""3 Error Code "", ""DatapointType"": ""DPST-16-0"", ""Puid"": ""1158""}"
P-07BC-0_GA-1127,3103,4 Mode ,DPST-20-105,P-07BC-0_GR-12,AC ,"{""Id"": ""P-07BC-0_GA-1127"", ""Address"": ""3103"", ""Name"": ""4 Mode "", ""DatapointType"": ""DPST-20-105"", ""Puid"": ""1159""}"
P-07BC-0_GA-1128,3104,4 Mode Info ,DPST-20-105,P-07BC-0_GR-12,AC ,"{""Id"": ""P-07BC-0_GA-1128"", ""Address"": ""3104"", ""Name"": ""4 Mode Info "", ""DatapointType"": ""DPST-20-105"", ""Puid"": ""1160""}"
P-07BC-0_GA-1129,3105,4 ON/Off ,DPST-1-1,P-07BC-0_GR-12,AC ,"{""Id"": ""P-07BC-0_GA-1129"", ""Address"": ""3105"", ""Name"": ""4 ON/Off "", ""DatapointType"": ""DPST-1-1"", ""Puid"": ""1161""}"
P-07BC-0_GA-1130,3106,4 ON/Off Info ,DPST-1-1,P-07BC-0_GR-12,AC ,"{""Id"": ""P-07BC-0_GA-1130"", ""Address"": ""3106"", ""Name"": ""4 ON/Off Info "", ""DatapointType"": ""DPST-1-1"", ""Puid"": ""1162""}"
P-07BC-0_GA-1131,3107,4 Fan ,DPST-5-1,P-07BC-0_GR-12,AC ,"{""Id"": ""P-07BC-0_GA-1131"", ""Address"": ""3107"", ""Name"": ""4 Fan "", ""DatapointType"": ""DPST-5-1"", ""Puid"": ""1163""}"
P-07BC-0_GA-1132,3108,4 Fan Info ,DPST-5-1,P-07BC-0_GR-12,AC ,"{""Id"": ""P-07BC-0_GA-1132"", ""Address"": ""3108"", ""Name"": ""4 Fan Info "", ""DatapointType"": ""DPST-5-1"", ""Puid"": ""1164""}"
P-07BC-0_GA-1133,3109,4 Set Point ,DPST-9-1,P-07BC-0_GR-12,AC ,"{""Id"": ""P-07BC-0_GA-1133"", ""Address"": ""3109"", ""Name"": ""4 Set Point "", ""DatapointType"": ""DPST-9-1"", ""Puid"": ""1165""}"
P-07BC-0_GA-1134,3110,4 Set Point Info ,DPST-9-1,P-07BC-0_GR-12,AC ,"{""Id"": ""P-07BC-0_GA-1134"", ""Address"": ""3110"", ""Name"": ""4 Set Point Info "", ""DatapointType"": ""DPST-9-1"", ""Puid"": ""1166""}"
P-07BC-0_GA-1135,3111,4 Temp.,DPST-7-7,P-07BC-0_GR-12,AC ,"{""Id"": ""P-07BC-0_GA-1135"", ""Address"": ""3111"", ""Name"": ""4 Temp."", ""DatapointType"": ""DPST-7-7"", ""Puid"": ""1167""}"
P-07BC-0_GA-1136,3112,4 Error Code ,DPST-16-0,P-07BC-0_GR-12,AC ,"{""Id"": ""P-07BC-0_GA-1136"", ""Address"": ""3112"", ""Name"": ""4 Error Code "", ""DatapointType"": ""DPST-16-0"", ""Puid"": ""1168""}"
P-07BC-0_GA-1137,3113,5 Mode ,DPST-20-105,P-07BC-0_GR-12,AC ,"{""Id"": ""P-07BC-0_GA-1137"", ""Address"": ""3113"", ""Name"": ""5 Mode "", ""DatapointType"": ""DPST-20-105"", ""Puid"": ""1169""}"
P-07BC-0_GA-1138,3114,5 Mode Info ,DPST-20-105,P-07BC-0_GR-12,AC ,"{""Id"": ""P-07BC-0_GA-1138"", ""Address"": ""3114"", ""Name"": ""5 Mode Info "", ""DatapointType"": ""DPST-20-105"", ""Puid"": ""1170""}"
P-07BC-0_GA-1139,3115,5 ON/Off ,DPST-1-1,P-07BC-0_GR-12,AC ,"{""Id"": ""P-07BC-0_GA-1139"", ""Address"": ""3115"", ""Name"": ""5 ON/Off "", ""DatapointType"": ""DPST-1-1"", ""Puid"": ""1171""}"
P-07BC-0_GA-1140,3116,5 ON/Off Info ,DPST-1-1,P-07BC-0_GR-12,AC ,"{""Id"": ""P-07BC-0_GA-1140"", ""Address"": ""3116"", ""Name"": ""5 ON/Off Info "", ""DatapointType"": ""DPST-1-1"", ""Puid"": ""1172""}"
P-07BC-0_GA-1141,3117,5 Fan ,DPST-5-1,P-07BC-0_GR-12,AC ,"{""Id"": ""P-07BC-0_GA-1141"", ""Address"": ""3117"", ""Name"": ""5 Fan "", ""DatapointType"": ""DPST-5-1"", ""Puid"": ""1173""}"
P-07BC-0_GA-1142,3118,5 Fan Info ,DPST-5-1,P-07BC-0_GR-12,AC ,"{""Id"": ""P-07BC-0_GA-1142"", ""Address"": ""3118"", ""Name"": ""5 Fan Info "", ""DatapointType"": ""DPST-5-1"", ""Puid"": ""1174""}"
P-07BC-0_GA-1143,3119,5 Set Point ,DPST-9-1,P-07BC-0_GR-12,AC ,"{""Id"": ""P-07BC-0_GA-1143"", ""Address"": ""3119"", ""Name"": ""5 Set Point "", ""DatapointType"": ""DPST-9-1"", ""Puid"": ""1175""}"
P-07BC-0_GA-1144,3120,5 Set Point Info ,DPST-9-1,P-07BC-0_GR-12,AC ,"{""Id"": ""P-07BC-0_GA-1144"", ""Address"": ""3120"", ""Name"": ""5 Set Point Info "", ""DatapointType"": ""DPST-9-1"", ""Puid"": ""1176""}"
P-07BC-0_GA-1145,3121,5 Temp.,DPST-9-1,P-07BC-0_GR-12,AC ,"{""Id"": ""P-07BC-0_GA-1145"", ""Address"": ""3121"", ""Name"": ""5 Temp."", ""DatapointType"": ""DPST-9-1"", ""Puid"": ""1177""}"
P-07BC-0_GA-1146,3122,5 Error Code ,DPST-16-0,P-07BC-0_GR-12,AC ,"{""Id"": ""P-07BC-0_GA-1146"", ""Address"": ""3122"", ""Name"": ""5 Error Code "", ""DatapointType"": ""DPST-16-0"", ""Puid"": ""1178""}"
P-07BC-0_GA-1147,3123,6 Mode ,DPST-20-105,P-07BC-0_GR-12,AC ,"{""Id"": ""P-07BC-0_GA-1147"", ""Address"": ""3123"", ""Name"": ""6 Mode "", ""DatapointType"": ""DPST-20-105"", ""Puid"": ""1179""}"
P-07BC-0_GA-1148,3124,6 Mode Info ,DPST-20-105,P-07BC-0_GR-12,AC ,"{""Id"": ""P-07BC-0_GA-1148"", ""Address"": ""3124"", ""Name"": ""6 Mode Info "", ""DatapointType"": ""DPST-20-105"", ""Puid"": ""1180""}"
P-07BC-0_GA-1149,3125,6 ON/Off ,DPST-1-1,P-07BC-0_GR-12,AC ,"{""Id"": ""P-07BC-0_GA-1149"", ""Address"": ""3125"", ""Name"": ""6 ON/Off "", ""DatapointType"": ""DPST-1-1"", ""Puid"": ""1181""}"
P-07BC-0_GA-1150,3126,6 ON/Off Info ,DPST-1-1,P-07BC-0_GR-12,AC ,"{""Id"": ""P-07BC-0_GA-1150"", ""Address"": ""3126"", ""Name"": ""6 ON/Off Info "", ""DatapointType"": ""DPST-1-1"", ""Puid"": ""1182""}"
P-07BC-0_GA-1151,3127,6 Fan ,DPST-5-1,P-07BC-0_GR-12,AC ,"{""Id"": ""P-07BC-0_GA-1151"", ""Address"": ""3127"", ""Name"": ""6 Fan "", ""DatapointType"": ""DPST-5-1"", ""Puid"": ""1183""}"
P-07BC-0_GA-1152,3128,6 Fan Info ,DPST-5-1,P-07BC-0_GR-12,AC ,"{""Id"": ""P-07BC-0_GA-1152"", ""Address"": ""3128"", ""Name"": ""6 Fan Info "", ""DatapointType"": ""DPST-5-1"", ""Puid"": ""1184""}"
P-07BC-0_GA-1153,3129,6 Set Point ,DPST-9-1,P-07BC-0_GR-12,AC ,"{""Id"": ""P-07BC-0_GA-1153"", ""Address"": ""3129"", ""Name"": ""6 Set Point "", ""DatapointType"": ""DPST-9-1"", ""Puid"": ""1185""}"
P-07BC-0_GA-1154,3130,6 Set Point Info ,DPST-9-1,P-07BC-0_GR-12,AC ,"{""Id"": ""P-07BC-0_GA-1154"", ""Address"": ""3130"", ""Name"": ""6 Set Point Info "", ""DatapointType"": ""DPST-9-1"", ""Puid"": ""1186""}"
P-07BC-0_GA-1155,3131,6 Temp.,DPST-9-1,P-07BC-0_GR-12,AC ,"{""Id"": ""P-07BC-0_GA-1155"", ""Address"": ""3131"", ""Name"": ""6 Temp."", ""DatapointType"": ""DPST-9-1"", ""Puid"": ""1187""}"
P-07BC-0_GA-1156,3132,6 Error Code ,DPST-16-0,P-07BC-0_GR-12,AC ,"{""Id"": ""P-07BC-0_GA-1156"", ""Address"": ""3132"", ""Name"": ""6 Error Code "", ""DatapointType"": ""DPST-16-0"", ""Puid"": ""1188""}"
P-07BC-0_GA-1157,3133,7 Mode ,DPST-20-105,P-07BC-0_GR-12,AC ,"{""Id"": ""P-07BC-0_GA-1157"", ""Address"": ""3133"", ""Name"": ""7 Mode "", ""DatapointType"": ""DPST-20-105"", ""Puid"": ""1189""}"
P-07BC-0_GA-1158,3134,7 Mode Info ,DPST-20-105,P-07BC-0_GR-12,AC ,"{""Id"": ""P-07BC-0_GA-1158"", ""Address"": ""3134"", ""Name"": ""7 Mode Info "", ""DatapointType"": ""DPST-20-105"", ""Puid"": ""1190""}"
P-07BC-0_GA-1159,3135,7 ON/Off ,DPST-1-1,P-07BC-0_GR-12,AC ,"{""Id"": ""P-07BC-0_GA-1159"", ""Address"": ""3135"", ""Name"": ""7 ON/Off "", ""DatapointType"": ""DPST-1-1"", ""Puid"": ""1191""}"
P-07BC-0_GA-1160,3136,7 ON/Off Info ,DPST-1-1,P-07BC-0_GR-12,AC ,"{""Id"": ""P-07BC-0_GA-1160"", ""Address"": ""3136"", ""Name"": ""7 ON/Off Info "", ""DatapointType"": ""DPST-1-1"", ""Puid"": ""1192""}"
P-07BC-0_GA-1161,3137,7 Fan ,DPST-5-1,P-07BC-0_GR-12,AC ,"{""Id"": ""P-07BC-0_GA-1161"", ""Address"": ""3137"", ""Name"": ""7 Fan "", ""DatapointType"": ""DPST-5-1"", ""Puid"": ""1193""}"
P-07BC-0_GA-1162,3138,7 Fan Info ,DPST-5-1,P-07BC-0_GR-12,AC ,"{""Id"": ""P-07BC-0_GA-1162"", ""Address"": ""3138"", ""Name"": ""7 Fan Info "", ""DatapointType"": ""DPST-5-1"", ""Puid"": ""1194""}"
P-07BC-0_GA-1163,3139,7 Set Point ,DPST-9-1,P-07BC-0_GR-12,AC ,"{""Id"": ""P-07BC-0_GA-1163"", ""Address"": ""3139"", ""Name"": ""7 Set Point "", ""DatapointType"": ""DPST-9-1"", ""Puid"": ""1195""}"
P-07BC-0_GA-1164,3140,7 Set Point Info ,DPST-9-1,P-07BC-0_GR-12,AC ,"{""Id"": ""P-07BC-0_GA-1164"", ""Address"": ""3140"", ""Name"": ""7 Set Point Info "", ""DatapointType"": ""DPST-9-1"", ""Puid"": ""1196""}"
P-07BC-0_GA-1165,3141,7 Temp.,DPST-9-1,P-07BC-0_GR-12,AC ,"{""Id"": ""P-07BC-0_GA-1165"", ""Address"": ""3141"", ""Name"": ""7 Temp."", ""DatapointType"": ""DPST-9-1"", ""Puid"": ""1197""}"
P-07BC-0_GA-1166,3142,7 Error Code ,DPST-16-0,P-07BC-0_GR-12,AC ,"{""Id"": ""P-07BC-0_GA-1166"", ""Address"": ""3142"", ""Name"": ""7 Error Code "", ""DatapointType"": ""DPST-16-0"", ""Puid"": ""1198""}"
P-07BC-0_GA-1167,3143,8 Mode ,DPST-20-105,P-07BC-0_GR-12,AC ,"{""Id"": ""P-07BC-0_GA-1167"", ""Address"": ""3143"", ""Name"": ""8 Mode "", ""DatapointType"": ""DPST-20-105"", ""Puid"": ""1199""}"
P-07BC-0_GA-1168,3144,8 Mode Info ,DPST-20-105,P-07BC-0_GR-12,AC ,"{""Id"": ""P-07BC-0_GA-1168"", ""Address"": ""3144"", ""Name"": ""8 Mode Info "", ""DatapointType"": ""DPST-20-105"", ""Puid"": ""1200""}"
P-07BC-0_GA-1169,3145,8 ON/Off ,DPST-1-1,P-07BC-0_GR-12,AC ,"{""Id"": ""P-07BC-0_GA-1169"", ""Address"": ""3145"", ""Name"": ""8 ON/Off "", ""DatapointType"": ""DPST-1-1"", ""Puid"": ""1201""}"
P-07BC-0_GA-1170,3146,8 ON/Off Info ,DPST-1-1,P-07BC-0_GR-12,AC ,"{""Id"": ""P-07BC-0_GA-1170"", ""Address"": ""3146"", ""Name"": ""8 ON/Off Info "", ""DatapointType"": ""DPST-1-1"", ""Puid"": ""1202""}"
P-07BC-0_GA-1171,3147,8 Fan ,DPST-5-1,P-07BC-0_GR-12,AC ,"{""Id"": ""P-07BC-0_GA-1171"", ""Address"": ""3147"", ""Name"": ""8 Fan "", ""DatapointType"": ""DPST-5-1"", ""Puid"": ""1203""}"
P-07BC-0_GA-1172,3148,8 Fan Info ,DPST-5-1,P-07BC-0_GR-12,AC ,"{""Id"": ""P-07BC-0_GA-1172"", ""Address"": ""3148"", ""Name"": ""8 Fan Info "", ""DatapointType"": ""DPST-5-1"", ""Puid"": ""1204""}"
P-07BC-0_GA-1173,3149,8 Set Point ,DPST-9-1,P-07BC-0_GR-12,AC ,"{""Id"": ""P-07BC-0_GA-1173"", ""Address"": ""3149"", ""Name"": ""8 Set Point "", ""DatapointType"": ""DPST-9-1"", ""Puid"": ""1205""}"
P-07BC-0_GA-1174,3150,8 Set Point Info ,DPST-9-1,P-07BC-0_GR-12,AC ,"{""Id"": ""P-07BC-0_GA-1174"", ""Address"": ""3150"", ""Name"": ""8 Set Point Info "", ""DatapointType"": ""DPST-9-1"", ""Puid"": ""1206""}"
P-07BC-0_GA-1175,3151,8 Temp.,DPST-9-1,P-07BC-0_GR-12,AC ,"{""Id"": ""P-07BC-0_GA-1175"", ""Address"": ""3151"", ""Name"": ""8 Temp."", ""DatapointType"": ""DPST-9-1"", ""Puid"": ""1207""}"
P-07BC-0_GA-1176,3152,8 Error Code ,DPST-16-0,P-07BC-0_GR-12,AC ,"{""Id"": ""P-07BC-0_GA-1176"", ""Address"": ""3152"", ""Name"": ""8 Error Code "", ""DatapointType"": ""DPST-16-0"", ""Puid"": ""1208""}"
P-07BC-0_GA-1177,3153,9 Mode ,DPST-20-105,P-07BC-0_GR-12,AC ,"{""Id"": ""P-07BC-0_GA-1177"", ""Address"": ""3153"", ""Name"": ""9 Mode "", ""DatapointType"": ""DPST-20-105"", ""Puid"": ""1209""}"
P-07BC-0_GA-1178,3154,9 Mode Info ,DPST-20-105,P-07BC-0_GR-12,AC ,"{""Id"": ""P-07BC-0_GA-1178"", ""Address"": ""3154"", ""Name"": ""9 Mode Info "", ""DatapointType"": ""DPST-20-105"", ""Puid"": ""1210""}"
P-07BC-0_GA-1179,3155,9 ON/Off ,DPST-1-1,P-07BC-0_GR-12,AC ,"{""Id"": ""P-07BC-0_GA-1179"", ""Address"": ""3155"", ""Name"": ""9 ON/Off "", ""DatapointType"": ""DPST-1-1"", ""Puid"": ""1211""}"
P-07BC-0_GA-1180,3156,9 ON/Off Info ,DPST-1-1,P-07BC-0_GR-12,AC ,"{""Id"": ""P-07BC-0_GA-1180"", ""Address"": ""3156"", ""Name"": ""9 ON/Off Info "", ""DatapointType"": ""DPST-1-1"", ""Puid"": ""1212""}"
P-07BC-0_GA-1181,3157,9 Fan ,DPST-5-1,P-07BC-0_GR-12,AC ,"{""Id"": ""P-07BC-0_GA-1181"", ""Address"": ""3157"", ""Name"": ""9 Fan "", ""DatapointType"": ""DPST-5-1"", ""Puid"": ""1213""}"
P-07BC-0_GA-1182,3158,9 Fan Info ,DPST-5-1,P-07BC-0_GR-12,AC ,"{""Id"": ""P-07BC-0_GA-1182"", ""Address"": ""3158"", ""Name"": ""9 Fan Info "", ""DatapointType"": ""DPST-5-1"", ""Puid"": ""1214""}"
P-07BC-0_GA-1183,3159,9 Set Point ,DPST-9-1,P-07BC-0_GR-12,AC ,"{""Id"": ""P-07BC-0_GA-1183"", ""Address"": ""3159"", ""Name"": ""9 Set Point "", ""DatapointType"": ""DPST-9-1"", ""Puid"": ""1215""}"
P-07BC-0_GA-1184,3160,9 Set Point Info ,DPST-9-1,P-07BC-0_GR-12,AC ,"{""Id"": ""P-07BC-0_GA-1184"", ""Address"": ""3160"", ""Name"": ""9 Set Point Info "", ""DatapointType"": ""DPST-9-1"", ""Puid"": ""1216""}"
P-07BC-0_GA-1185,3161,9 Temp.,DPST-9-1,P-07BC-0_GR-12,AC ,"{""Id"": ""P-07BC-0_GA-1185"", ""Address"": ""3161"", ""Name"": ""9 Temp."", ""DatapointType"": ""DPST-9-1"", ""Puid"": ""1217""}"
P-07BC-0_GA-1186,3162,9 Error Code ,DPST-16-0,P-07BC-0_GR-12,AC ,"{""Id"": ""P-07BC-0_GA-1186"", ""Address"": ""3162"", ""Name"": ""9 Error Code "", ""DatapointType"": ""DPST-16-0"", ""Puid"": ""1218""}"
P-07BC-0_GA-1187,3163,10 Mode ,DPST-20-105,P-07BC-0_GR-12,AC ,"{""Id"": ""P-07BC-0_GA-1187"", ""Address"": ""3163"", ""Name"": ""10 Mode "", ""DatapointType"": ""DPST-20-105"", ""Puid"": ""1219""}"
P-07BC-0_GA-1188,3164,10 Mode Info ,DPST-20-105,P-07BC-0_GR-12,AC ,"{""Id"": ""P-07BC-0_GA-1188"", ""Address"": ""3164"", ""Name"": ""10 Mode Info "", ""DatapointType"": ""DPST-20-105"", ""Puid"": ""1220""}"
P-07BC-0_GA-1189,3165,10 ON/Off ,DPST-1-1,P-07BC-0_GR-12,AC ,"{""Id"": ""P-07BC-0_GA-1189"", ""Address"": ""3165"", ""Name"": ""10 ON/Off "", ""DatapointType"": ""DPST-1-1"", ""Puid"": ""1221""}"
P-07BC-0_GA-1190,3166,10 ON/Off Info ,DPST-1-1,P-07BC-0_GR-12,AC ,"{""Id"": ""P-07BC-0_GA-1190"", ""Address"": ""3166"", ""Name"": ""10 ON/Off Info "", ""DatapointType"": ""DPST-1-1"", ""Puid"": ""1222""}"
P-07BC-0_GA-1191,3167,10 Fan ,DPST-5-1,P-07BC-0_GR-12,AC ,"{""Id"": ""P-07BC-0_GA-1191"", ""Address"": ""3167"", ""Name"": ""10 Fan "", ""DatapointType"": ""DPST-5-1"", ""Puid"": ""1223""}"
P-07BC-0_GA-1192,3168,10 Fan Info ,DPST-5-1,P-07BC-0_GR-12,AC ,"{""Id"": ""P-07BC-0_GA-1192"", ""Address"": ""3168"", ""Name"": ""10 Fan Info "", ""DatapointType"": ""DPST-5-1"", ""Puid"": ""1224""}"
P-07BC-0_GA-1193,3169,10 Set Point ,DPST-9-1,P-07BC-0_GR-12,AC ,"{""Id"": ""P-07BC-0_GA-1193"", ""Address"": ""3169"", ""Name"": ""10 Set Point "", ""DatapointType"": ""DPST-9-1"", ""Puid"": ""1225""}"
P-07BC-0_GA-1194,3170,10 Set Point Info ,DPST-9-1,P-07BC-0_GR-12,AC ,"{""Id"": ""P-07BC-0_GA-1194"", ""Address"": ""3170"", ""Name"": ""10 Set Point Info "", ""DatapointType"": ""DPST-9-1"", ""Puid"": ""1226""}"
P-07BC-0_GA-1195,3171,10 Temp.,DPST-9-1,P-07BC-0_GR-12,AC ,"{""Id"": ""P-07BC-0_GA-1195"", ""Address"": ""3171"", ""Name"": ""10 Temp."", ""DatapointType"": ""DPST-9-1"", ""Puid"": ""1227""}"
P-07BC-0_GA-1196,3172,10 Error Code ,DPST-16-0,P-07BC-0_GR-12,AC ,"{""Id"": ""P-07BC-0_GA-1196"", ""Address"": ""3172"", ""Name"": ""10 Error Code "", ""DatapointType"": ""DPST-16-0"", ""Puid"": ""1228""}"
P-07BC-0_GA-1197,3173,11 Mode ,DPST-20-105,P-07BC-0_GR-12,AC ,"{""Id"": ""P-07BC-0_GA-1197"", ""Address"": ""3173"", ""Name"": ""11 Mode "", ""DatapointType"": ""DPST-20-105"", ""Puid"": ""1229""}"
P-07BC-0_GA-1198,3174,11 Mode Info ,,P-07BC-0_GR-12,AC ,"{""Id"": ""P-07BC-0_GA-1198"", ""Address"": ""3174"", ""Name"": ""11 Mode Info "", ""Puid"": ""1230""}"
P-07BC-0_GA-1199,3175,11 ON/Off ,DPST-1-1,P-07BC-0_GR-12,AC ,"{""Id"": ""P-07BC-0_GA-1199"", ""Address"": ""3175"", ""Name"": ""11 ON/Off "", ""DatapointType"": ""DPST-1-1"", ""Puid"": ""1231""}"
P-07BC-0_GA-1200,3176,11 ON/Off Info ,,P-07BC-0_GR-12,AC ,"{""Id"": ""P-07BC-0_GA-1200"", ""Address"": ""3176"", ""Name"": ""11 ON/Off Info "", ""Puid"": ""1232""}"
P-07BC-0_GA-1201,3177,11 Fan ,DPST-5-1,P-07BC-0_GR-12,AC ,"{""Id"": ""P-07BC-0_GA-1201"", ""Address"": ""3177"", ""Name"": ""11 Fan "", ""DatapointType"": ""DPST-5-1"", ""Puid"": ""1233""}"
P-07BC-0_GA-1202,3178,11 Fan Info ,,P-07BC-0_GR-12,AC ,"{""Id"": ""P-07BC-0_GA-1202"", ""Address"": ""3178"", ""Name"": ""11 Fan Info "", ""Puid"": ""1234""}"
P-07BC-0_GA-1203,3179,11 Set Point ,DPST-9-1,P-07BC-0_GR-12,AC ,"{""Id"": ""P-07BC-0_GA-1203"", ""Address"": ""3179"", ""Name"": ""11 Set Point "", ""DatapointType"": ""DPST-9-1"", ""Puid"": ""1235""}"
P-07BC-0_GA-1204,3180,11 Set Point Info ,,P-07BC-0_GR-12,AC ,"{""Id"": ""P-07BC-0_GA-1204"", ""Address"": ""3180"", ""Name"": ""11 Set Point Info "", ""Puid"": ""1236""}"
P-07BC-0_GA-1205,3181,11 Temp.,DPST-9-1,P-07BC-0_GR-12,AC ,"{""Id"": ""P-07BC-0_GA-1205"", ""Address"": ""3181"", ""Name"": ""11 Temp."", ""DatapointType"": ""DPST-9-1"", ""Puid"": ""1237""}"
P-07BC-0_GA-1206,3182,11 Error Code ,,P-07BC-0_GR-12,AC ,"{""Id"": ""P-07BC-0_GA-1206"", ""Address"": ""3182"", ""Name"": ""11 Error Code "", ""Puid"": ""1238""}"
P-07BC-0_GA-1207,3183,12 Mode ,DPST-20-105,P-07BC-0_GR-12,AC ,"{""Id"": ""P-07BC-0_GA-1207"", ""Address"": ""3183"", ""Name"": ""12 Mode "", ""DatapointType"": ""DPST-20-105"", ""Puid"": ""1239""}"
P-07BC-0_GA-1208,3184,12 Mode Info ,,P-07BC-0_GR-12,AC ,"{""Id"": ""P-07BC-0_GA-1208"", ""Address"": ""3184"", ""Name"": ""12 Mode Info "", ""Puid"": ""1240""}"
P-07BC-0_GA-1209,3185,12 ON/Off ,DPST-1-1,P-07BC-0_GR-12,AC ,"{""Id"": ""P-07BC-0_GA-1209"", ""Address"": ""3185"", ""Name"": ""12 ON/Off "", ""DatapointType"": ""DPST-1-1"", ""Puid"": ""1241""}"
P-07BC-0_GA-1210,3186,12 ON/Off Info ,,P-07BC-0_GR-12,AC ,"{""Id"": ""P-07BC-0_GA-1210"", ""Address"": ""3186"", ""Name"": ""12 ON/Off Info "", ""Puid"": ""1242""}"
P-07BC-0_GA-1211,3187,12 Fan ,DPST-5-1,P-07BC-0_GR-12,AC ,"{""Id"": ""P-07BC-0_GA-1211"", ""Address"": ""3187"", ""Name"": ""12 Fan "", ""DatapointType"": ""DPST-5-1"", ""Puid"": ""1243""}"
P-07BC-0_GA-1212,3188,12 Fan Info ,,P-07BC-0_GR-12,AC ,"{""Id"": ""P-07BC-0_GA-1212"", ""Address"": ""3188"", ""Name"": ""12 Fan Info "", ""Puid"": ""1244""}"
P-07BC-0_GA-1213,3189,12 Set Point ,DPST-9-1,P-07BC-0_GR-12,AC ,"{""Id"": ""P-07BC-0_GA-1213"", ""Address"": ""3189"", ""Name"": ""12 Set Point "", ""DatapointType"": ""DPST-9-1"", ""Puid"": ""1245""}"
P-07BC-0_GA-1214,3190,12 Set Point Info ,,P-07BC-0_GR-12,AC ,"{""Id"": ""P-07BC-0_GA-1214"", ""Address"": ""3190"", ""Name"": ""12 Set Point Info "", ""Puid"": ""1246""}"
P-07BC-0_GA-1215,3191,12 Temp.,DPST-9-1,P-07BC-0_GR-12,AC ,"{""Id"": ""P-07BC-0_GA-1215"", ""Address"": ""3191"", ""Name"": ""12 Temp."", ""DatapointType"": ""DPST-9-1"", ""Puid"": ""1247""}"
P-07BC-0_GA-1216,3192,12 Error Code ,,P-07BC-0_GR-12,AC ,"{""Id"": ""P-07BC-0_GA-1216"", ""Address"": ""3192"", ""Name"": ""12 Error Code "", ""Puid"": ""1248""}"
P-07BC-0_GA-1217,3193,13 Mode ,DPST-20-105,P-07BC-0_GR-12,AC ,"{""Id"": ""P-07BC-0_GA-1217"", ""Address"": ""3193"", ""Name"": ""13 Mode "", ""DatapointType"": ""DPST-20-105"", ""Puid"": ""1249""}"
P-07BC-0_GA-1218,3194,13 Mode Info ,,P-07BC-0_GR-12,AC ,"{""Id"": ""P-07BC-0_GA-1218"", ""Address"": ""3194"", ""Name"": ""13 Mode Info "", ""Puid"": ""1250""}"
P-07BC-0_GA-1219,3195,13 ON/Off ,DPST-1-1,P-07BC-0_GR-12,AC ,"{""Id"": ""P-07BC-0_GA-1219"", ""Address"": ""3195"", ""Name"": ""13 ON/Off "", ""DatapointType"": ""DPST-1-1"", ""Puid"": ""1251""}"
P-07BC-0_GA-1220,3196,13 ON/Off Info ,,P-07BC-0_GR-12,AC ,"{""Id"": ""P-07BC-0_GA-1220"", ""Address"": ""3196"", ""Name"": ""13 ON/Off Info "", ""Puid"": ""1252""}"
P-07BC-0_GA-1221,3197,13 Fan ,DPST-5-1,P-07BC-0_GR-12,AC ,"{""Id"": ""P-07BC-0_GA-1221"", ""Address"": ""3197"", ""Name"": ""13 Fan "", ""DatapointType"": ""DPST-5-1"", ""Puid"": ""1253""}"
P-07BC-0_GA-1222,3198,13 Fan Info ,,P-07BC-0_GR-12,AC ,"{""Id"": ""P-07BC-0_GA-1222"", ""Address"": ""3198"", ""Name"": ""13 Fan Info "", ""Puid"": ""1254""}"
P-07BC-0_GA-1223,3199,13 Set Point ,DPST-9-1,P-07BC-0_GR-12,AC ,"{""Id"": ""P-07BC-0_GA-1223"", ""Address"": ""3199"", ""Name"": ""13 Set Point "", ""DatapointType"": ""DPST-9-1"", ""Puid"": ""1255""}"
P-07BC-0_GA-1224,3200,13 Set Point Info ,,P-07BC-0_GR-12,AC ,"{""Id"": ""P-07BC-0_GA-1224"", ""Address"": ""3200"", ""Name"": ""13 Set Point Info "", ""Puid"": ""1256""}"
P-07BC-0_GA-1225,3201,13 Temp.,DPST-9-1,P-07BC-0_GR-12,AC ,"{""Id"": ""P-07BC-0_GA-1225"", ""Address"": ""3201"", ""Name"": ""13 Temp."", ""DatapointType"": ""DPST-9-1"", ""Puid"": ""1257""}"
P-07BC-0_GA-1226,3202,13 Error Code ,,P-07BC-0_GR-12,AC ,"{""Id"": ""P-07BC-0_GA-1226"", ""Address"": ""3202"", ""Name"": ""13 Error Code "", ""Puid"": ""1258""}"
P-07BC-0_GA-1227,3203,14 Mode ,DPST-20-105,P-07BC-0_GR-12,AC ,"{""Id"": ""P-07BC-0_GA-1227"", ""Address"": ""3203"", ""Name"": ""14 Mode "", ""DatapointType"": ""DPST-20-105"", ""Puid"": ""1259""}"
P-07BC-0_GA-1228,3204,14 Mode Info ,,P-07BC-0_GR-12,AC ,"{""Id"": ""P-07BC-0_GA-1228"", ""Address"": ""3204"", ""Name"": ""14 Mode Info "", ""Puid"": ""1260""}"
P-07BC-0_GA-1229,3205,14 ON/Off ,DPST-1-1,P-07BC-0_GR-12,AC ,"{""Id"": ""P-07BC-0_GA-1229"", ""Address"": ""3205"", ""Name"": ""14 ON/Off "", ""DatapointType"": ""DPST-1-1"", ""Puid"": ""1261""}"
P-07BC-0_GA-1230,3206,14 ON/Off Info ,,P-07BC-0_GR-12,AC ,"{""Id"": ""P-07BC-0_GA-1230"", ""Address"": ""3206"", ""Name"": ""14 ON/Off Info "", ""Puid"": ""1262""}"
P-07BC-0_GA-1231,3207,14 Fan ,DPST-5-1,P-07BC-0_GR-12,AC ,"{""Id"": ""P-07BC-0_GA-1231"", ""Address"": ""3207"", ""Name"": ""14 Fan "", ""DatapointType"": ""DPST-5-1"", ""Puid"": ""1263""}"
P-07BC-0_GA-1232,3208,14 Fan Info ,,P-07BC-0_GR-12,AC ,"{""Id"": ""P-07BC-0_GA-1232"", ""Address"": ""3208"", ""Name"": ""14 Fan Info "", ""Puid"": ""1264""}"
P-07BC-0_GA-1233,3209,14 Set Point ,DPST-9-1,P-07BC-0_GR-12,AC ,"{""Id"": ""P-07BC-0_GA-1233"", ""Address"": ""3209"", ""Name"": ""14 Set Point "", ""DatapointType"": ""DPST-9-1"", ""Puid"": ""1265""}"
P-07BC-0_GA-1234,3210,14 Set Point Info ,,P-07BC-0_GR-12,AC ,"{""Id"": ""P-07BC-0_GA-1234"", ""Address"": ""3210"", ""Name"": ""14 Set Point Info "", ""Puid"": ""1266""}"
P-07BC-0_GA-1235,3211,14 Temp.,,P-07BC-0_GR-12,AC ,"{""Id"": ""P-07BC-0_GA-1235"", ""Address"": ""3211"", ""Name"": ""14 Temp."", ""Puid"": ""1267""}"
P-07BC-0_GA-1236,3212,14 Error Code ,,P-07BC-0_GR-12,AC ,"{""Id"": ""P-07BC-0_GA-1236"", ""Address"": ""3212"", ""Name"": ""14 Error Code "", ""Puid"": ""1268""}"
