DeviceId,DeviceAddress,Tag,Id,RefId,Links,GroupAddressRefId,ChannelId,DatapointType,Name,Attributes
P-07BC-0_DI-14,4,ComObjectInstanceRef,,O-28_R-33,GA-623,,CH-79,,,"{""RefId"": ""O-28_R-33"", ""ChannelId"": ""CH-79"", ""Links"": ""GA-623""}"
P-07BC-0_DI-14,4,ComObjectInstanceRef,,O-29_R-35,GA-624,,CH-79,,,"{""RefId"": ""O-29_R-35"", ""ChannelId"": ""CH-79"", ""Links"": ""GA-624""}"
P-07BC-0_DI-14,4,ComObjectInstanceRef,,O-39_R-46,GA-625,,CH-79,,,"{""RefId"": ""O-39_R-46"", ""ChannelId"": ""CH-79"", ""Links"": ""GA-625""}"
P-07BC-0_DI-14,4,ComObjectInstanceRef,,O-40_R-48,GA-626,,CH-79,,,"{""RefId"": ""O-40_R-48"", ""ChannelId"": ""CH-79"", ""Links"": ""GA-626""}"
P-07BC-0_DI-14,4,ComObjectInstanceRef,,O-50_R-59,GA-627,,CH-79,,,"{""RefId"": ""O-50_R-59"", ""ChannelId"": ""CH-79"", ""Links"": ""GA-627""}"
P-07BC-0_DI-14,4,ComObjectInstanceRef,,O-51_R-61,GA-628,,CH-79,,,"{""RefId"": ""O-51_R-61"", ""ChannelId"": ""CH-79"", ""Links"": ""GA-628""}"
P-07BC-0_DI-14,4,ComObjectInstanceRef,,O-61_R-72,GA-629,,CH-79,,,"{""RefId"": ""O-61_R-72"", ""ChannelId"": ""CH-79"", ""Links"": ""GA-629""}"
P-07BC-0_DI-14,4,ComObjectInstanceRef,,O-62_R-74,GA-630,,CH-79,,,"{""RefId"": ""O-62_R-74"", ""ChannelId"": ""CH-79"", ""Links"": ""GA-630""}"
P-07BC-0_DI-14,4,ComObjectInstanceRef,,O-72_R-85,GA-631,,CH-79,,,"{""RefId"": ""O-72_R-85"", ""ChannelId"": ""CH-79"", ""Links"": ""GA-631""}"
P-07BC-0_DI-14,4,ComObjectInstanceRef,,O-73_R-87,GA-632,,CH-79,,,"{""RefId"": ""O-73_R-87"", ""ChannelId"": ""CH-79"", ""Links"": ""GA-632""}"
P-07BC-0_DI-14,4,ComObjectInstanceRef,,O-83_R-98,GA-633,,CH-79,,,"{""RefId"": ""O-83_R-98"", ""ChannelId"": ""CH-79"", ""Links"": ""GA-633""}"
P-07BC-0_DI-14,4,ComObjectInstanceRef,,O-84_R-100,GA-634,,CH-79,,,"{""RefId"": ""O-84_R-100"", ""ChannelId"": ""CH-79"", ""Links"": ""GA-634""}"
P-07BC-0_DI-14,4,ComObjectInstanceRef,,O-271_R-2743,GA-621,,CH-79,,,"{""RefId"": ""O-271_R-2743"", ""ChannelId"": ""CH-79"", ""Links"": ""GA-621""}"
P-07BC-0_DI-14,4,ComObjectInstanceRef,,O-270_R-2741,GA-619,,CH-79,,,"{""RefId"": ""O-270_R-2741"", ""ChannelId"": ""CH-79"", ""Links"": ""GA-619""}"
P-07BC-0_DI-14,4,ComObjectInstanceRef,,O-282_R-2752,GA-622,,CH-79,,,"{""RefId"": ""O-282_R-2752"", ""ChannelId"": ""CH-79"", ""Links"": ""GA-622""}"
P-07BC-0_DI-14,4,ComObjectInstanceRef,,O-283_R-2753,GA-619,,CH-79,,,"{""RefId"": ""O-283_R-2753"", ""ChannelId"": ""CH-79"", ""Links"": ""GA-619""}"
P-07BC-0_DI-15,5,ComObjectInstanceRef,,O-6_R-7,GA-635,,CH-79,,,"{""RefId"": ""O-6_R-7"", ""ChannelId"": ""CH-79"", ""Links"": ""GA-635""}"
P-07BC-0_DI-15,5,ComObjectInstanceRef,,O-7_R-9,GA-636,,CH-79,,,"{""RefId"": ""O-7_R-9"", ""ChannelId"": ""CH-79"", ""Links"": ""GA-636""}"
P-07BC-0_DI-15,5,ComObjectInstanceRef,,O-17_R-20,GA-637,,CH-79,,,"{""RefId"": ""O-17_R-20"", ""ChannelId"": ""CH-79"", ""Links"": ""GA-637""}"
P-07BC-0_DI-15,5,ComObjectInstanceRef,,O-18_R-22,GA-638,,CH-79,,,"{""RefId"": ""O-18_R-22"", ""ChannelId"": ""CH-79"", ""Links"": ""GA-638""}"
P-07BC-0_DI-15,5,ComObjectInstanceRef,,O-28_R-33,GA-639,,CH-79,,,"{""RefId"": ""O-28_R-33"", ""ChannelId"": ""CH-79"", ""Links"": ""GA-639""}"
P-07BC-0_DI-15,5,ComObjectInstanceRef,,O-29_R-35,GA-640,,CH-79,,,"{""RefId"": ""O-29_R-35"", ""ChannelId"": ""CH-79"", ""Links"": ""GA-640""}"
P-07BC-0_DI-15,5,ComObjectInstanceRef,,O-39_R-46,GA-641,,CH-79,,,"{""RefId"": ""O-39_R-46"", ""ChannelId"": ""CH-79"", ""Links"": ""GA-641""}"
P-07BC-0_DI-15,5,ComObjectInstanceRef,,O-40_R-48,GA-642,,CH-79,,,"{""RefId"": ""O-40_R-48"", ""ChannelId"": ""CH-79"", ""Links"": ""GA-642""}"
P-07BC-0_DI-15,5,ComObjectInstanceRef,,O-50_R-59,GA-643,,CH-79,,,"{""RefId"": ""O-50_R-59"", ""ChannelId"": ""CH-79"", ""Links"": ""GA-643""}"
P-07BC-0_DI-15,5,ComObjectInstanceRef,,O-51_R-61,GA-644,,CH-79,,,"{""RefId"": ""O-51_R-61"", ""ChannelId"": ""CH-79"", ""Links"": ""GA-644""}"
P-07BC-0_DI-15,5,ComObjectInstanceRef,,O-61_R-72,GA-645,,CH-79,,,"{""RefId"": ""O-61_R-72"", ""ChannelId"": ""CH-79"", ""Links"": ""GA-645""}"
P-07BC-0_DI-15,5,ComObjectInstanceRef,,O-62_R-74,GA-646,,CH-79,,,"{""RefId"": ""O-62_R-74"", ""ChannelId"": ""CH-79"", ""Links"": ""GA-646""}"
P-07BC-0_DI-15,5,ComObjectInstanceRef,,O-72_R-85,GA-647,,CH-79,,,"{""RefId"": ""O-72_R-85"", ""ChannelId"": ""CH-79"", ""Links"": ""GA-647""}"
P-07BC-0_DI-15,5,ComObjectInstanceRef,,O-73_R-87,GA-648,,CH-79,,,"{""RefId"": ""O-73_R-87"", ""ChannelId"": ""CH-79"", ""Links"": ""GA-648""}"
P-07BC-0_DI-15,5,ComObjectInstanceRef,,O-83_R-98,GA-649,,CH-79,,,"{""RefId"": ""O-83_R-98"", ""ChannelId"": ""CH-79"", ""Links"": ""GA-649""}"
P-07BC-0_DI-15,5,ComObjectInstanceRef,,O-84_R-100,GA-650,,CH-79,,,"{""RefId"": ""O-84_R-100"", ""ChannelId"": ""CH-79"", ""Links"": ""GA-650""}"
P-07BC-0_DI-16,6,ComObjectInstanceRef,,O-6_R-7,GA-651,,CH-79,,,"{""RefId"": ""O-6_R-7"", ""ChannelId"": ""CH-79"", ""Links"": ""GA-651""}"
P-07BC-0_DI-16,6,ComObjectInstanceRef,,O-7_R-9,GA-652,,CH-79,,,"{""RefId"": ""O-7_R-9"", ""ChannelId"": ""CH-79"", ""Links"": ""GA-652""}"
P-07BC-0_DI-16,6,ComObjectInstanceRef,,O-17_R-20,GA-653,,CH-79,,,"{""RefId"": ""O-17_R-20"", ""ChannelId"": ""CH-79"", ""Links"": ""GA-653""}"
P-07BC-0_DI-16,6,ComObjectInstanceRef,,O-18_R-22,GA-654,,CH-79,,,"{""RefId"": ""O-18_R-22"", ""ChannelId"": ""CH-79"", ""Links"": ""GA-654""}"
P-07BC-0_DI-16,6,ComObjectInstanceRef,,O-28_R-33,GA-655,,CH-79,,,"{""RefId"": ""O-28_R-33"", ""ChannelId"": ""CH-79"", ""Links"": ""GA-655""}"
P-07BC-0_DI-16,6,ComObjectInstanceRef,,O-29_R-35,GA-656,,CH-79,,,"{""RefId"": ""O-29_R-35"", ""ChannelId"": ""CH-79"", ""Links"": ""GA-656""}"
P-07BC-0_DI-16,6,ComObjectInstanceRef,,O-39_R-46,GA-657,,CH-79,,,"{""RefId"": ""O-39_R-46"", ""ChannelId"": ""CH-79"", ""Links"": ""GA-657""}"
P-07BC-0_DI-16,6,ComObjectInstanceRef,,O-40_R-48,GA-658,,CH-79,,,"{""RefId"": ""O-40_R-48"", ""ChannelId"": ""CH-79"", ""Links"": ""GA-658""}"
P-07BC-0_DI-16,6,ComObjectInstanceRef,,O-50_R-59,GA-659,,CH-79,,,"{""RefId"": ""O-50_R-59"", ""ChannelId"": ""CH-79"", ""Links"": ""GA-659""}"
P-07BC-0_DI-16,6,ComObjectInstanceRef,,O-51_R-61,GA-660,,CH-79,,,"{""RefId"": ""O-51_R-61"", ""ChannelId"": ""CH-79"", ""Links"": ""GA-660""}"
P-07BC-0_DI-16,6,ComObjectInstanceRef,,O-61_R-72,GA-661,,CH-79,,,"{""RefId"": ""O-61_R-72"", ""ChannelId"": ""CH-79"", ""Links"": ""GA-661""}"
P-07BC-0_DI-16,6,ComObjectInstanceRef,,O-62_R-74,GA-662,,CH-79,,,"{""RefId"": ""O-62_R-74"", ""ChannelId"": ""CH-79"", ""Links"": ""GA-662""}"
P-07BC-0_DI-16,6,ComObjectInstanceRef,,O-72_R-85,GA-663,,CH-79,,,"{""RefId"": ""O-72_R-85"", ""ChannelId"": ""CH-79"", ""Links"": ""GA-663""}"
P-07BC-0_DI-16,6,ComObjectInstanceRef,,O-73_R-87,GA-664,,CH-79,,,"{""RefId"": ""O-73_R-87"", ""ChannelId"": ""CH-79"", ""Links"": ""GA-664""}"
P-07BC-0_DI-16,6,ComObjectInstanceRef,,O-83_R-98,GA-665,,CH-79,,,"{""RefId"": ""O-83_R-98"", ""ChannelId"": ""CH-79"", ""Links"": ""GA-665""}"
P-07BC-0_DI-16,6,ComObjectInstanceRef,,O-84_R-100,GA-666,,CH-79,,,"{""RefId"": ""O-84_R-100"", ""ChannelId"": ""CH-79"", ""Links"": ""GA-666""}"
P-07BC-0_DI-16,6,ComObjectInstanceRef,,O-94_R-111,GA-667,,CH-79,,,"{""RefId"": ""O-94_R-111"", ""ChannelId"": ""CH-79"", ""Links"": ""GA-667""}"
P-07BC-0_DI-16,6,ComObjectInstanceRef,,O-95_R-113,GA-668,,CH-79,,,"{""RefId"": ""O-95_R-113"", ""ChannelId"": ""CH-79"", ""Links"": ""GA-668""}"
P-07BC-0_DI-16,6,ComObjectInstanceRef,,O-105_R-124,GA-669,,CH-79,,,"{""RefId"": ""O-105_R-124"", ""ChannelId"": ""CH-79"", ""Links"": ""GA-669""}"
P-07BC-0_DI-16,6,ComObjectInstanceRef,,O-106_R-126,GA-670,,CH-79,,,"{""RefId"": ""O-106_R-126"", ""ChannelId"": ""CH-79"", ""Links"": ""GA-670""}"
P-07BC-0_DI-16,6,ComObjectInstanceRef,,O-116_R-137,GA-671,,CH-79,,,"{""RefId"": ""O-116_R-137"", ""ChannelId"": ""CH-79"", ""Links"": ""GA-671""}"
P-07BC-0_DI-16,6,ComObjectInstanceRef,,O-117_R-139,GA-672,,CH-79,,,"{""RefId"": ""O-117_R-139"", ""ChannelId"": ""CH-79"", ""Links"": ""GA-672""}"
P-07BC-0_DI-16,6,ComObjectInstanceRef,,O-127_R-150,GA-673,,CH-79,,,"{""RefId"": ""O-127_R-150"", ""ChannelId"": ""CH-79"", ""Links"": ""GA-673""}"
P-07BC-0_DI-16,6,ComObjectInstanceRef,,O-128_R-152,GA-674,,CH-79,,,"{""RefId"": ""O-128_R-152"", ""ChannelId"": ""CH-79"", ""Links"": ""GA-674""}"
P-07BC-0_DI-16,6,ComObjectInstanceRef,,O-138_R-163,GA-675,,CH-79,,,"{""RefId"": ""O-138_R-163"", ""ChannelId"": ""CH-79"", ""Links"": ""GA-675""}"
P-07BC-0_DI-16,6,ComObjectInstanceRef,,O-139_R-165,GA-676,,CH-79,,,"{""RefId"": ""O-139_R-165"", ""ChannelId"": ""CH-79"", ""Links"": ""GA-676""}"
P-07BC-0_DI-16,6,ComObjectInstanceRef,,O-149_R-176,GA-677,,CH-79,,,"{""RefId"": ""O-149_R-176"", ""ChannelId"": ""CH-79"", ""Links"": ""GA-677""}"
P-07BC-0_DI-16,6,ComObjectInstanceRef,,O-150_R-178,GA-678,,CH-79,,,"{""RefId"": ""O-150_R-178"", ""ChannelId"": ""CH-79"", ""Links"": ""GA-678""}"
P-07BC-0_DI-16,6,ComObjectInstanceRef,,O-160_R-189,GA-679,,CH-79,,,"{""RefId"": ""O-160_R-189"", ""ChannelId"": ""CH-79"", ""Links"": ""GA-679""}"
P-07BC-0_DI-16,6,ComObjectInstanceRef,,O-161_R-191,GA-680,,CH-79,,,"{""RefId"": ""O-161_R-191"", ""ChannelId"": ""CH-79"", ""Links"": ""GA-680""}"
P-07BC-0_DI-16,6,ComObjectInstanceRef,,O-171_R-202,GA-681,,CH-79,,,"{""RefId"": ""O-171_R-202"", ""ChannelId"": ""CH-79"", ""Links"": ""GA-681""}"
P-07BC-0_DI-16,6,ComObjectInstanceRef,,O-172_R-204,GA-682,,CH-79,,,"{""RefId"": ""O-172_R-204"", ""ChannelId"": ""CH-79"", ""Links"": ""GA-682""}"
P-07BC-0_DI-17,7,ComObjectInstanceRef,,O-6_R-7,GA-683,,CH-79,,,"{""RefId"": ""O-6_R-7"", ""ChannelId"": ""CH-79"", ""Links"": ""GA-683""}"
P-07BC-0_DI-17,7,ComObjectInstanceRef,,O-7_R-9,GA-684,,CH-79,,,"{""RefId"": ""O-7_R-9"", ""ChannelId"": ""CH-79"", ""Links"": ""GA-684""}"
P-07BC-0_DI-17,7,ComObjectInstanceRef,,O-17_R-20,GA-685,,CH-79,,,"{""RefId"": ""O-17_R-20"", ""ChannelId"": ""CH-79"", ""Links"": ""GA-685""}"
P-07BC-0_DI-17,7,ComObjectInstanceRef,,O-18_R-22,GA-686,,CH-79,,,"{""RefId"": ""O-18_R-22"", ""ChannelId"": ""CH-79"", ""Links"": ""GA-686""}"
P-07BC-0_DI-17,7,ComObjectInstanceRef,,O-28_R-33,GA-687,,CH-79,,,"{""RefId"": ""O-28_R-33"", ""ChannelId"": ""CH-79"", ""Links"": ""GA-687""}"
P-07BC-0_DI-17,7,ComObjectInstanceRef,,O-29_R-35,GA-688,,CH-79,,,"{""RefId"": ""O-29_R-35"", ""ChannelId"": ""CH-79"", ""Links"": ""GA-688""}"
P-07BC-0_DI-17,7,ComObjectInstanceRef,,O-39_R-46,GA-689,,CH-79,,,"{""RefId"": ""O-39_R-46"", ""ChannelId"": ""CH-79"", ""Links"": ""GA-689""}"
P-07BC-0_DI-17,7,ComObjectInstanceRef,,O-40_R-48,GA-690,,CH-79,,,"{""RefId"": ""O-40_R-48"", ""ChannelId"": ""CH-79"", ""Links"": ""GA-690""}"
P-07BC-0_DI-17,7,ComObjectInstanceRef,,O-50_R-59,GA-691,,CH-79,,,"{""RefId"": ""O-50_R-59"", ""ChannelId"": ""CH-79"", ""Links"": ""GA-691""}"
P-07BC-0_DI-17,7,ComObjectInstanceRef,,O-51_R-61,GA-692,,CH-79,,,"{""RefId"": ""O-51_R-61"", ""ChannelId"": ""CH-79"", ""Links"": ""GA-692""}"
P-07BC-0_DI-17,7,ComObjectInstanceRef,,O-61_R-72,GA-693,,CH-79,,,"{""RefId"": ""O-61_R-72"", ""ChannelId"": ""CH-79"", ""Links"": ""GA-693""}"
P-07BC-0_DI-17,7,ComObjectInstanceRef,,O-62_R-74,GA-694,,CH-79,,,"{""RefId"": ""O-62_R-74"", ""ChannelId"": ""CH-79"", ""Links"": ""GA-694""}"
P-07BC-0_DI-17,7,ComObjectInstanceRef,,O-72_R-85,GA-695,,CH-79,,,"{""RefId"": ""O-72_R-85"", ""ChannelId"": ""CH-79"", ""Links"": ""GA-695""}"
P-07BC-0_DI-17,7,ComObjectInstanceRef,,O-73_R-87,GA-696,,CH-79,,,"{""RefId"": ""O-73_R-87"", ""ChannelId"": ""CH-79"", ""Links"": ""GA-696""}"
P-07BC-0_DI-17,7,ComObjectInstanceRef,,O-83_R-98,GA-697,,CH-79,,,"{""RefId"": ""O-83_R-98"", ""ChannelId"": ""CH-79"", ""Links"": ""GA-697""}"
P-07BC-0_DI-17,7,ComObjectInstanceRef,,O-84_R-100,GA-698,,CH-79,,,"{""RefId"": ""O-84_R-100"", ""ChannelId"": ""CH-79"", ""Links"": ""GA-698""}"
P-07BC-0_DI-17,7,ComObjectInstanceRef,,O-94_R-111,GA-699,,CH-79,,,"{""RefId"": ""O-94_R-111"", ""ChannelId"": ""CH-79"", ""Links"": ""GA-699""}"
P-07BC-0_DI-17,7,ComObjectInstanceRef,,O-95_R-113,GA-700,,CH-79,,,"{""RefId"": ""O-95_R-113"", ""ChannelId"": ""CH-79"", ""Links"": ""GA-700""}"
P-07BC-0_DI-17,7,ComObjectInstanceRef,,O-105_R-124,GA-701,,CH-79,,,"{""RefId"": ""O-105_R-124"", ""ChannelId"": ""CH-79"", ""Links"": ""GA-701""}"
P-07BC-0_DI-17,7,ComObjectInstanceRef,,O-106_R-126,GA-702,,CH-79,,,"{""RefId"": ""O-106_R-126"", ""ChannelId"": ""CH-79"", ""Links"": ""GA-702""}"
P-07BC-0_DI-17,7,ComObjectInstanceRef,,O-116_R-137,GA-703,,CH-79,,,"{""RefId"": ""O-116_R-137"", ""ChannelId"": ""CH-79"", ""Links"": ""GA-703""}"
P-07BC-0_DI-17,7,ComObjectInstanceRef,,O-117_R-139,GA-704,,CH-79,,,"{""RefId"": ""O-117_R-139"", ""ChannelId"": ""CH-79"", ""Links"": ""GA-704""}"
P-07BC-0_DI-17,7,ComObjectInstanceRef,,O-127_R-150,GA-705,,CH-79,,,"{""RefId"": ""O-127_R-150"", ""ChannelId"": ""CH-79"", ""Links"": ""GA-705""}"
P-07BC-0_DI-17,7,ComObjectInstanceRef,,O-128_R-152,GA-706,,CH-79,,,"{""RefId"": ""O-128_R-152"", ""ChannelId"": ""CH-79"", ""Links"": ""GA-706""}"
P-07BC-0_DI-17,7,ComObjectInstanceRef,,O-138_R-163,GA-707,,CH-79,,,"{""RefId"": ""O-138_R-163"", ""ChannelId"": ""CH-79"", ""Links"": ""GA-707""}"
P-07BC-0_DI-17,7,ComObjectInstanceRef,,O-139_R-165,GA-708,,CH-79,,,"{""RefId"": ""O-139_R-165"", ""ChannelId"": ""CH-79"", ""Links"": ""GA-708""}"
P-07BC-0_DI-17,7,ComObjectInstanceRef,,O-149_R-176,GA-709,,CH-79,,,"{""RefId"": ""O-149_R-176"", ""ChannelId"": ""CH-79"", ""Links"": ""GA-709""}"
P-07BC-0_DI-17,7,ComObjectInstanceRef,,O-150_R-178,GA-710,,CH-79,,,"{""RefId"": ""O-150_R-178"", ""ChannelId"": ""CH-79"", ""Links"": ""GA-710""}"
P-07BC-0_DI-17,7,ComObjectInstanceRef,,O-160_R-189,GA-711,,CH-79,,,"{""RefId"": ""O-160_R-189"", ""ChannelId"": ""CH-79"", ""Links"": ""GA-711""}"
P-07BC-0_DI-17,7,ComObjectInstanceRef,,O-161_R-191,GA-712,,CH-79,,,"{""RefId"": ""O-161_R-191"", ""ChannelId"": ""CH-79"", ""Links"": ""GA-712""}"
P-07BC-0_DI-17,7,ComObjectInstanceRef,,O-171_R-202,GA-713,,CH-79,,,"{""RefId"": ""O-171_R-202"", ""ChannelId"": ""CH-79"", ""Links"": ""GA-713""}"
P-07BC-0_DI-17,7,ComObjectInstanceRef,,O-172_R-204,GA-714,,CH-79,,,"{""RefId"": ""O-172_R-204"", ""ChannelId"": ""CH-79"", ""Links"": ""GA-714""}"
P-07BC-0_DI-18,8,ComObjectInstanceRef,,O-6_R-7,GA-715,,CH-79,,,"{""RefId"": ""O-6_R-7"", ""ChannelId"": ""CH-79"", ""Links"": ""GA-715""}"
P-07BC-0_DI-18,8,ComObjectInstanceRef,,O-7_R-9,GA-716,,CH-79,,,"{""RefId"": ""O-7_R-9"", ""ChannelId"": ""CH-79"", ""Links"": ""GA-716""}"
P-07BC-0_DI-18,8,ComObjectInstanceRef,,O-17_R-20,GA-717,,CH-79,,,"{""RefId"": ""O-17_R-20"", ""ChannelId"": ""CH-79"", ""Links"": ""GA-717""}"
P-07BC-0_DI-18,8,ComObjectInstanceRef,,O-18_R-22,GA-718,,CH-79,,,"{""RefId"": ""O-18_R-22"", ""ChannelId"": ""CH-79"", ""Links"": ""GA-718""}"
P-07BC-0_DI-18,8,ComObjectInstanceRef,,O-28_R-33,GA-719,,CH-79,,,"{""RefId"": ""O-28_R-33"", ""ChannelId"": ""CH-79"", ""Links"": ""GA-719""}"
P-07BC-0_DI-18,8,ComObjectInstanceRef,,O-29_R-35,GA-720,,CH-79,,,"{""RefId"": ""O-29_R-35"", ""ChannelId"": ""CH-79"", ""Links"": ""GA-720""}"
P-07BC-0_DI-18,8,ComObjectInstanceRef,,O-39_R-46,GA-721,,CH-79,,,"{""RefId"": ""O-39_R-46"", ""ChannelId"": ""CH-79"", ""Links"": ""GA-721""}"
P-07BC-0_DI-18,8,ComObjectInstanceRef,,O-40_R-48,GA-722,,CH-79,,,"{""RefId"": ""O-40_R-48"", ""ChannelId"": ""CH-79"", ""Links"": ""GA-722""}"
P-07BC-0_DI-18,8,ComObjectInstanceRef,,O-50_R-59,GA-723,,CH-79,,,"{""RefId"": ""O-50_R-59"", ""ChannelId"": ""CH-79"", ""Links"": ""GA-723""}"
P-07BC-0_DI-18,8,ComObjectInstanceRef,,O-51_R-61,GA-724,,CH-79,,,"{""RefId"": ""O-51_R-61"", ""ChannelId"": ""CH-79"", ""Links"": ""GA-724""}"
P-07BC-0_DI-18,8,ComObjectInstanceRef,,O-61_R-72,GA-725,,CH-79,,,"{""RefId"": ""O-61_R-72"", ""ChannelId"": ""CH-79"", ""Links"": ""GA-725""}"
P-07BC-0_DI-18,8,ComObjectInstanceRef,,O-62_R-74,GA-726,,CH-79,,,"{""RefId"": ""O-62_R-74"", ""ChannelId"": ""CH-79"", ""Links"": ""GA-726""}"
P-07BC-0_DI-18,8,ComObjectInstanceRef,,O-72_R-85,GA-727,,CH-79,,,"{""RefId"": ""O-72_R-85"", ""ChannelId"": ""CH-79"", ""Links"": ""GA-727""}"
P-07BC-0_DI-18,8,ComObjectInstanceRef,,O-73_R-87,GA-728,,CH-79,,,"{""RefId"": ""O-73_R-87"", ""ChannelId"": ""CH-79"", ""Links"": ""GA-728""}"
P-07BC-0_DI-18,8,ComObjectInstanceRef,,O-83_R-98,GA-729,,CH-79,,,"{""RefId"": ""O-83_R-98"", ""ChannelId"": ""CH-79"", ""Links"": ""GA-729""}"
P-07BC-0_DI-18,8,ComObjectInstanceRef,,O-84_R-100,GA-730,,CH-79,,,"{""RefId"": ""O-84_R-100"", ""ChannelId"": ""CH-79"", ""Links"": ""GA-730""}"
P-07BC-0_DI-18,8,ComObjectInstanceRef,,O-94_R-111,GA-731,,CH-79,,,"{""RefId"": ""O-94_R-111"", ""ChannelId"": ""CH-79"", ""Links"": ""GA-731""}"
P-07BC-0_DI-18,8,ComObjectInstanceRef,,O-95_R-113,GA-732,,CH-79,,,"{""RefId"": ""O-95_R-113"", ""ChannelId"": ""CH-79"", ""Links"": ""GA-732""}"
P-07BC-0_DI-18,8,ComObjectInstanceRef,,O-105_R-124,GA-733,,CH-79,,,"{""RefId"": ""O-105_R-124"", ""ChannelId"": ""CH-79"", ""Links"": ""GA-733""}"
P-07BC-0_DI-18,8,ComObjectInstanceRef,,O-106_R-126,GA-734,,CH-79,,,"{""RefId"": ""O-106_R-126"", ""ChannelId"": ""CH-79"", ""Links"": ""GA-734""}"
P-07BC-0_DI-18,8,ComObjectInstanceRef,,O-116_R-137,GA-735,,CH-79,,,"{""RefId"": ""O-116_R-137"", ""ChannelId"": ""CH-79"", ""Links"": ""GA-735""}"
P-07BC-0_DI-18,8,ComObjectInstanceRef,,O-117_R-139,GA-736,,CH-79,,,"{""RefId"": ""O-117_R-139"", ""ChannelId"": ""CH-79"", ""Links"": ""GA-736""}"
P-07BC-0_DI-18,8,ComObjectInstanceRef,,O-127_R-150,GA-737,,CH-79,,,"{""RefId"": ""O-127_R-150"", ""ChannelId"": ""CH-79"", ""Links"": ""GA-737""}"
P-07BC-0_DI-18,8,ComObjectInstanceRef,,O-128_R-152,GA-738,,CH-79,,,"{""RefId"": ""O-128_R-152"", ""ChannelId"": ""CH-79"", ""Links"": ""GA-738""}"
P-07BC-0_DI-18,8,ComObjectInstanceRef,,O-138_R-163,GA-739,,CH-79,,,"{""RefId"": ""O-138_R-163"", ""ChannelId"": ""CH-79"", ""Links"": ""GA-739""}"
P-07BC-0_DI-18,8,ComObjectInstanceRef,,O-139_R-165,GA-740,,CH-79,,,"{""RefId"": ""O-139_R-165"", ""ChannelId"": ""CH-79"", ""Links"": ""GA-740""}"
P-07BC-0_DI-18,8,ComObjectInstanceRef,,O-149_R-176,GA-741,,CH-79,,,"{""RefId"": ""O-149_R-176"", ""ChannelId"": ""CH-79"", ""Links"": ""GA-741""}"
P-07BC-0_DI-18,8,ComObjectInstanceRef,,O-150_R-178,GA-742,,CH-79,,,"{""RefId"": ""O-150_R-178"", ""ChannelId"": ""CH-79"", ""Links"": ""GA-742""}"
P-07BC-0_DI-18,8,ComObjectInstanceRef,,O-160_R-189,GA-743,,CH-79,,,"{""RefId"": ""O-160_R-189"", ""ChannelId"": ""CH-79"", ""Links"": ""GA-743""}"
P-07BC-0_DI-18,8,ComObjectInstanceRef,,O-161_R-191,GA-744,,CH-79,,,"{""RefId"": ""O-161_R-191"", ""ChannelId"": ""CH-79"", ""Links"": ""GA-744""}"
P-07BC-0_DI-18,8,ComObjectInstanceRef,,O-171_R-202,GA-745,,CH-79,,,"{""RefId"": ""O-171_R-202"", ""ChannelId"": ""CH-79"", ""Links"": ""GA-745""}"
P-07BC-0_DI-18,8,ComObjectInstanceRef,,O-172_R-204,GA-746,,CH-79,,,"{""RefId"": ""O-172_R-204"", ""ChannelId"": ""CH-79"", ""Links"": ""GA-746""}"
P-07BC-0_DI-18,8,ComObjectInstanceRef,,O-182_R-215,GA-747,,CH-79,,,"{""RefId"": ""O-182_R-215"", ""ChannelId"": ""CH-79"", ""Links"": ""GA-747""}"
P-07BC-0_DI-18,8,ComObjectInstanceRef,,O-183_R-217,GA-748,,CH-79,,,"{""RefId"": ""O-183_R-217"", ""ChannelId"": ""CH-79"", ""Links"": ""GA-748""}"
P-07BC-0_DI-18,8,ComObjectInstanceRef,,O-193_R-228,GA-749,,CH-79,,,"{""RefId"": ""O-193_R-228"", ""ChannelId"": ""CH-79"", ""Links"": ""GA-749""}"
P-07BC-0_DI-18,8,ComObjectInstanceRef,,O-194_R-230,GA-750,,CH-79,,,"{""RefId"": ""O-194_R-230"", ""ChannelId"": ""CH-79"", ""Links"": ""GA-750""}"
P-07BC-0_DI-18,8,ComObjectInstanceRef,,O-204_R-241,GA-751,,CH-79,,,"{""RefId"": ""O-204_R-241"", ""ChannelId"": ""CH-79"", ""Links"": ""GA-751""}"
P-07BC-0_DI-18,8,ComObjectInstanceRef,,O-205_R-243,GA-752,,CH-79,,,"{""RefId"": ""O-205_R-243"", ""ChannelId"": ""CH-79"", ""Links"": ""GA-752""}"
P-07BC-0_DI-18,8,ComObjectInstanceRef,,O-215_R-254,GA-753,,CH-79,,,"{""RefId"": ""O-215_R-254"", ""ChannelId"": ""CH-79"", ""Links"": ""GA-753""}"
P-07BC-0_DI-18,8,ComObjectInstanceRef,,O-216_R-256,GA-754,,CH-79,,,"{""RefId"": ""O-216_R-256"", ""ChannelId"": ""CH-79"", ""Links"": ""GA-754""}"
P-07BC-0_DI-18,8,ComObjectInstanceRef,,O-226_R-267,GA-755,,CH-79,,,"{""RefId"": ""O-226_R-267"", ""ChannelId"": ""CH-79"", ""Links"": ""GA-755""}"
P-07BC-0_DI-18,8,ComObjectInstanceRef,,O-227_R-269,GA-756,,CH-79,,,"{""RefId"": ""O-227_R-269"", ""ChannelId"": ""CH-79"", ""Links"": ""GA-756""}"
P-07BC-0_DI-18,8,ComObjectInstanceRef,,O-237_R-280,GA-757,,CH-79,,,"{""RefId"": ""O-237_R-280"", ""ChannelId"": ""CH-79"", ""Links"": ""GA-757""}"
P-07BC-0_DI-18,8,ComObjectInstanceRef,,O-238_R-282,GA-758,,CH-79,,,"{""RefId"": ""O-238_R-282"", ""ChannelId"": ""CH-79"", ""Links"": ""GA-758""}"
P-07BC-0_DI-18,8,ComObjectInstanceRef,,O-248_R-293,GA-759,,CH-79,,,"{""RefId"": ""O-248_R-293"", ""ChannelId"": ""CH-79"", ""Links"": ""GA-759""}"
P-07BC-0_DI-18,8,ComObjectInstanceRef,,O-249_R-295,GA-760,,CH-79,,,"{""RefId"": ""O-249_R-295"", ""ChannelId"": ""CH-79"", ""Links"": ""GA-760""}"
P-07BC-0_DI-18,8,ComObjectInstanceRef,,O-259_R-306,GA-761,,CH-79,,,"{""RefId"": ""O-259_R-306"", ""ChannelId"": ""CH-79"", ""Links"": ""GA-761""}"
P-07BC-0_DI-18,8,ComObjectInstanceRef,,O-260_R-308,GA-762,,CH-79,,,"{""RefId"": ""O-260_R-308"", ""ChannelId"": ""CH-79"", ""Links"": ""GA-762""}"
P-07BC-0_DI-19,9,ComObjectInstanceRef,,O-271_R-2743,GA-1044,,CH-79,,,"{""RefId"": ""O-271_R-2743"", ""ChannelId"": ""CH-79"", ""Links"": ""GA-1044""}"
P-07BC-0_DI-19,9,ComObjectInstanceRef,,O-270_R-2741,GA-1043,,CH-79,,,"{""RefId"": ""O-270_R-2741"", ""ChannelId"": ""CH-79"", ""Links"": ""GA-1043""}"
P-07BC-0_DI-19,9,ComObjectInstanceRef,,O-303_R-2786,GA-1047,,CH-79,,,"{""RefId"": ""O-303_R-2786"", ""ChannelId"": ""CH-79"", ""Links"": ""GA-1047""}"
P-07BC-0_DI-19,9,ComObjectInstanceRef,,O-302_R-2784,GA-1046,,CH-79,,,"{""RefId"": ""O-302_R-2784"", ""ChannelId"": ""CH-79"", ""Links"": ""GA-1046""}"
P-07BC-0_DI-19,9,ComObjectInstanceRef,,O-335_R-2829,GA-1050,,CH-79,,,"{""RefId"": ""O-335_R-2829"", ""ChannelId"": ""CH-79"", ""Links"": ""GA-1050""}"
P-07BC-0_DI-19,9,ComObjectInstanceRef,,O-334_R-2827,GA-1049,,CH-79,,,"{""RefId"": ""O-334_R-2827"", ""ChannelId"": ""CH-79"", ""Links"": ""GA-1049""}"
P-07BC-0_DI-19,9,ComObjectInstanceRef,,O-367_R-2872,GA-1053,,CH-79,,,"{""RefId"": ""O-367_R-2872"", ""ChannelId"": ""CH-79"", ""Links"": ""GA-1053""}"
P-07BC-0_DI-19,9,ComObjectInstanceRef,,O-366_R-2870,GA-1052,,CH-79,,,"{""RefId"": ""O-366_R-2870"", ""ChannelId"": ""CH-79"", ""Links"": ""GA-1052""}"
P-07BC-0_DI-19,9,ComObjectInstanceRef,,O-399_R-2915,GA-1056,,CH-79,,,"{""RefId"": ""O-399_R-2915"", ""ChannelId"": ""CH-79"", ""Links"": ""GA-1056""}"
P-07BC-0_DI-19,9,ComObjectInstanceRef,,O-398_R-2913,GA-1055,,CH-79,,,"{""RefId"": ""O-398_R-2913"", ""ChannelId"": ""CH-79"", ""Links"": ""GA-1055""}"
P-07BC-0_DI-19,9,ComObjectInstanceRef,,O-431_R-2958,GA-1059,,CH-79,,,"{""RefId"": ""O-431_R-2958"", ""ChannelId"": ""CH-79"", ""Links"": ""GA-1059""}"
P-07BC-0_DI-19,9,ComObjectInstanceRef,,O-430_R-2956,GA-1058,,CH-79,,,"{""RefId"": ""O-430_R-2956"", ""ChannelId"": ""CH-79"", ""Links"": ""GA-1058""}"
P-07BC-0_DI-19,9,ComObjectInstanceRef,,O-463_R-3001,GA-1062,,CH-79,,,"{""RefId"": ""O-463_R-3001"", ""ChannelId"": ""CH-79"", ""Links"": ""GA-1062""}"
P-07BC-0_DI-19,9,ComObjectInstanceRef,,O-462_R-2999,GA-1061,,CH-79,,,"{""RefId"": ""O-462_R-2999"", ""ChannelId"": ""CH-79"", ""Links"": ""GA-1061""}"
P-07BC-0_DI-19,9,ComObjectInstanceRef,,O-495_R-3044,GA-1065,,CH-79,,,"{""RefId"": ""O-495_R-3044"", ""ChannelId"": ""CH-79"", ""Links"": ""GA-1065""}"
P-07BC-0_DI-19,9,ComObjectInstanceRef,,O-494_R-3042,GA-1064,,CH-79,,,"{""RefId"": ""O-494_R-3042"", ""ChannelId"": ""CH-79"", ""Links"": ""GA-1064""}"
P-07BC-0_DI-19,9,ComObjectInstanceRef,,O-437_R-2962,GA-1060,,CH-79,,,"{""RefId"": ""O-437_R-2962"", ""ChannelId"": ""CH-79"", ""Links"": ""GA-1060""}"
P-07BC-0_DI-19,9,ComObjectInstanceRef,,O-341_R-2833,GA-1051,,CH-79,,,"{""RefId"": ""O-341_R-2833"", ""ChannelId"": ""CH-79"", ""Links"": ""GA-1051""}"
P-07BC-0_DI-19,9,ComObjectInstanceRef,,O-469_R-3005,GA-1063,,CH-79,,,"{""RefId"": ""O-469_R-3005"", ""ChannelId"": ""CH-79"", ""Links"": ""GA-1063""}"
P-07BC-0_DI-19,9,ComObjectInstanceRef,,O-309_R-2790,GA-1048,,CH-79,,,"{""RefId"": ""O-309_R-2790"", ""ChannelId"": ""CH-79"", ""Links"": ""GA-1048""}"
P-07BC-0_DI-19,9,ComObjectInstanceRef,,O-405_R-2919,GA-1057,,CH-79,,,"{""RefId"": ""O-405_R-2919"", ""ChannelId"": ""CH-79"", ""Links"": ""GA-1057""}"
P-07BC-0_DI-19,9,ComObjectInstanceRef,,O-277_R-2747,GA-1045,,CH-79,,,"{""RefId"": ""O-277_R-2747"", ""ChannelId"": ""CH-79"", ""Links"": ""GA-1045""}"
P-07BC-0_DI-19,9,ComObjectInstanceRef,,O-501_R-3048,GA-1066,,CH-79,,,"{""RefId"": ""O-501_R-3048"", ""ChannelId"": ""CH-79"", ""Links"": ""GA-1066""}"
P-07BC-0_DI-19,9,ComObjectInstanceRef,,O-373_R-2876,GA-1054,,CH-79,,,"{""RefId"": ""O-373_R-2876"", ""ChannelId"": ""CH-79"", ""Links"": ""GA-1054""}"
P-07BC-0_DI-20,10,ComObjectInstanceRef,,O-271_R-2743,GA-1068,,CH-79,,,"{""RefId"": ""O-271_R-2743"", ""ChannelId"": ""CH-79"", ""Links"": ""GA-1068""}"
P-07BC-0_DI-20,10,ComObjectInstanceRef,,O-270_R-2741,GA-1067,,CH-79,,,"{""RefId"": ""O-270_R-2741"", ""ChannelId"": ""CH-79"", ""Links"": ""GA-1067""}"
P-07BC-0_DI-20,10,ComObjectInstanceRef,,O-303_R-2786,GA-1071,,CH-79,,,"{""RefId"": ""O-303_R-2786"", ""ChannelId"": ""CH-79"", ""Links"": ""GA-1071""}"
P-07BC-0_DI-20,10,ComObjectInstanceRef,,O-302_R-2784,GA-1070,,CH-79,,,"{""RefId"": ""O-302_R-2784"", ""ChannelId"": ""CH-79"", ""Links"": ""GA-1070""}"
P-07BC-0_DI-20,10,ComObjectInstanceRef,,O-335_R-2829,GA-1074,,CH-79,,,"{""RefId"": ""O-335_R-2829"", ""ChannelId"": ""CH-79"", ""Links"": ""GA-1074""}"
P-07BC-0_DI-20,10,ComObjectInstanceRef,,O-334_R-2827,GA-1073,,CH-79,,,"{""RefId"": ""O-334_R-2827"", ""ChannelId"": ""CH-79"", ""Links"": ""GA-1073""}"
P-07BC-0_DI-20,10,ComObjectInstanceRef,,O-367_R-2872,GA-1077,,CH-79,,,"{""RefId"": ""O-367_R-2872"", ""ChannelId"": ""CH-79"", ""Links"": ""GA-1077""}"
P-07BC-0_DI-20,10,ComObjectInstanceRef,,O-366_R-2870,GA-1076,,CH-79,,,"{""RefId"": ""O-366_R-2870"", ""ChannelId"": ""CH-79"", ""Links"": ""GA-1076""}"
P-07BC-0_DI-20,10,ComObjectInstanceRef,,O-399_R-2915,GA-1080,,CH-79,,,"{""RefId"": ""O-399_R-2915"", ""ChannelId"": ""CH-79"", ""Links"": ""GA-1080""}"
P-07BC-0_DI-20,10,ComObjectInstanceRef,,O-398_R-2913,GA-1079,,CH-79,,,"{""RefId"": ""O-398_R-2913"", ""ChannelId"": ""CH-79"", ""Links"": ""GA-1079""}"
P-07BC-0_DI-20,10,ComObjectInstanceRef,,O-431_R-2958,GA-1083,,CH-79,,,"{""RefId"": ""O-431_R-2958"", ""ChannelId"": ""CH-79"", ""Links"": ""GA-1083""}"
P-07BC-0_DI-20,10,ComObjectInstanceRef,,O-430_R-2956,GA-1082,,CH-79,,,"{""RefId"": ""O-430_R-2956"", ""ChannelId"": ""CH-79"", ""Links"": ""GA-1082""}"
P-07BC-0_DI-20,10,ComObjectInstanceRef,,O-463_R-3001,GA-1086,,CH-79,,,"{""RefId"": ""O-463_R-3001"", ""ChannelId"": ""CH-79"", ""Links"": ""GA-1086""}"
P-07BC-0_DI-20,10,ComObjectInstanceRef,,O-462_R-2999,GA-1085,,CH-79,,,"{""RefId"": ""O-462_R-2999"", ""ChannelId"": ""CH-79"", ""Links"": ""GA-1085""}"
P-07BC-0_DI-20,10,ComObjectInstanceRef,,O-495_R-3044,GA-1089,,CH-79,,,"{""RefId"": ""O-495_R-3044"", ""ChannelId"": ""CH-79"", ""Links"": ""GA-1089""}"
P-07BC-0_DI-20,10,ComObjectInstanceRef,,O-494_R-3042,GA-1088,,CH-79,,,"{""RefId"": ""O-494_R-3042"", ""ChannelId"": ""CH-79"", ""Links"": ""GA-1088""}"
P-07BC-0_DI-20,10,ComObjectInstanceRef,,O-437_R-2962,GA-1084,,CH-79,,,"{""RefId"": ""O-437_R-2962"", ""ChannelId"": ""CH-79"", ""Links"": ""GA-1084""}"
P-07BC-0_DI-20,10,ComObjectInstanceRef,,O-341_R-2833,GA-1075,,CH-79,,,"{""RefId"": ""O-341_R-2833"", ""ChannelId"": ""CH-79"", ""Links"": ""GA-1075""}"
P-07BC-0_DI-20,10,ComObjectInstanceRef,,O-469_R-3005,GA-1087,,CH-79,,,"{""RefId"": ""O-469_R-3005"", ""ChannelId"": ""CH-79"", ""Links"": ""GA-1087""}"
P-07BC-0_DI-20,10,ComObjectInstanceRef,,O-309_R-2790,GA-1072,,CH-79,,,"{""RefId"": ""O-309_R-2790"", ""ChannelId"": ""CH-79"", ""Links"": ""GA-1072""}"
P-07BC-0_DI-20,10,ComObjectInstanceRef,,O-405_R-2919,GA-1081,,CH-79,,,"{""RefId"": ""O-405_R-2919"", ""ChannelId"": ""CH-79"", ""Links"": ""GA-1081""}"
P-07BC-0_DI-20,10,ComObjectInstanceRef,,O-277_R-2747,GA-1069,,CH-79,,,"{""RefId"": ""O-277_R-2747"", ""ChannelId"": ""CH-79"", ""Links"": ""GA-1069""}"
P-07BC-0_DI-20,10,ComObjectInstanceRef,,O-501_R-3048,GA-1090,,CH-79,,,"{""RefId"": ""O-501_R-3048"", ""ChannelId"": ""CH-79"", ""Links"": ""GA-1090""}"
P-07BC-0_DI-20,10,ComObjectInstanceRef,,O-373_R-2876,GA-1078,,CH-79,,,"{""RefId"": ""O-373_R-2876"", ""ChannelId"": ""CH-79"", ""Links"": ""GA-1078""}"
P-07BC-0_DI-21,11,ComObjectInstanceRef,,O-271_R-2743,GA-1092,,CH-79,,,"{""RefId"": ""O-271_R-2743"", ""ChannelId"": ""CH-79"", ""Links"": ""GA-1092""}"
P-07BC-0_DI-21,11,ComObjectInstanceRef,,O-270_R-2741,GA-1091,,CH-79,,,"{""RefId"": ""O-270_R-2741"", ""ChannelId"": ""CH-79"", ""Links"": ""GA-1091""}"
P-07BC-0_DI-21,11,ComObjectInstanceRef,,O-303_R-2786,GA-1095,,CH-79,,,"{""RefId"": ""O-303_R-2786"", ""ChannelId"": ""CH-79"", ""Links"": ""GA-1095""}"
P-07BC-0_DI-21,11,ComObjectInstanceRef,,O-302_R-2784,GA-1094,,CH-79,,,"{""RefId"": ""O-302_R-2784"", ""ChannelId"": ""CH-79"", ""Links"": ""GA-1094""}"
P-07BC-0_DI-21,11,ComObjectInstanceRef,,O-309_R-2790,GA-1096,,CH-79,,,"{""RefId"": ""O-309_R-2790"", ""ChannelId"": ""CH-79"", ""Links"": ""GA-1096""}"
P-07BC-0_DI-21,11,ComObjectInstanceRef,,O-277_R-2747,GA-1093,,CH-79,,,"{""RefId"": ""O-277_R-2747"", ""ChannelId"": ""CH-79"", ""Links"": ""GA-1093""}"
P-07BC-0_DI-22,12,ComObjectInstanceRef,,O-236_R-841,GA-1105,,CH-34,,,"{""RefId"": ""O-236_R-841"", ""ChannelId"": ""CH-34"", ""Links"": ""GA-1105""}"
P-07BC-0_DI-22,12,ComObjectInstanceRef,,O-204_R-824,GA-1097,,CH-34,,,"{""RefId"": ""O-204_R-824"", ""ChannelId"": ""CH-34"", ""Links"": ""GA-1097""}"
P-07BC-0_DI-22,12,ComObjectInstanceRef,,O-205_R-825,GA-1098,,CH-34,,,"{""RefId"": ""O-205_R-825"", ""ChannelId"": ""CH-34"", ""Links"": ""GA-1098""}"
P-07BC-0_DI-22,12,ComObjectInstanceRef,,O-228_R-851,GA-1103,,CH-34,,,"{""RefId"": ""O-228_R-851"", ""ChannelId"": ""CH-34"", ""Links"": ""GA-1103""}"
P-07BC-0_DI-22,12,ComObjectInstanceRef,,O-229_R-852,GA-1104,,CH-34,,,"{""RefId"": ""O-229_R-852"", ""ChannelId"": ""CH-34"", ""Links"": ""GA-1104""}"
P-07BC-0_DI-22,12,ComObjectInstanceRef,,O-215_R-867,GA-1102,,CH-34,,,"{""RefId"": ""O-215_R-867"", ""ChannelId"": ""CH-34"", ""Links"": ""GA-1102""}"
P-07BC-0_DI-22,12,ComObjectInstanceRef,,O-214_R-868,GA-1101,,CH-34,,,"{""RefId"": ""O-214_R-868"", ""ChannelId"": ""CH-34"", ""Links"": ""GA-1101""}"
P-07BC-0_DI-22,12,ComObjectInstanceRef,,O-208_R-828,GA-1099,,CH-34,,,"{""RefId"": ""O-208_R-828"", ""ChannelId"": ""CH-34"", ""Links"": ""GA-1099""}"
P-07BC-0_DI-22,12,ComObjectInstanceRef,,O-209_R-829,GA-1100,,CH-34,,,"{""RefId"": ""O-209_R-829"", ""ChannelId"": ""CH-34"", ""Links"": ""GA-1100""}"
P-07BC-0_DI-22,12,ComObjectInstanceRef,,O-213_R-833,GA-1106,,CH-34,,,"{""RefId"": ""O-213_R-833"", ""ChannelId"": ""CH-34"", ""Links"": ""GA-1106""}"
P-07BC-0_DI-24,13,ComObjectInstanceRef,,O-236_R-841,GA-1115,,CH-34,,,"{""RefId"": ""O-236_R-841"", ""ChannelId"": ""CH-34"", ""Links"": ""GA-1115""}"
P-07BC-0_DI-24,13,ComObjectInstanceRef,,O-204_R-824,GA-1107,,CH-34,,,"{""RefId"": ""O-204_R-824"", ""ChannelId"": ""CH-34"", ""Links"": ""GA-1107""}"
P-07BC-0_DI-24,13,ComObjectInstanceRef,,O-205_R-825,GA-1108,,CH-34,,,"{""RefId"": ""O-205_R-825"", ""ChannelId"": ""CH-34"", ""Links"": ""GA-1108""}"
P-07BC-0_DI-24,13,ComObjectInstanceRef,,O-228_R-851,GA-1113,,CH-34,,,"{""RefId"": ""O-228_R-851"", ""ChannelId"": ""CH-34"", ""Links"": ""GA-1113""}"
P-07BC-0_DI-24,13,ComObjectInstanceRef,,O-229_R-852,GA-1114,,CH-34,,,"{""RefId"": ""O-229_R-852"", ""ChannelId"": ""CH-34"", ""Links"": ""GA-1114""}"
P-07BC-0_DI-24,13,ComObjectInstanceRef,,O-215_R-867,GA-1112,,CH-34,,,"{""RefId"": ""O-215_R-867"", ""ChannelId"": ""CH-34"", ""Links"": ""GA-1112""}"
P-07BC-0_DI-24,13,ComObjectInstanceRef,,O-214_R-868,GA-1111,,CH-34,,,"{""RefId"": ""O-214_R-868"", ""ChannelId"": ""CH-34"", ""Links"": ""GA-1111""}"
P-07BC-0_DI-24,13,ComObjectInstanceRef,,O-208_R-828,GA-1109,,CH-34,,,"{""RefId"": ""O-208_R-828"", ""ChannelId"": ""CH-34"", ""Links"": ""GA-1109""}"
P-07BC-0_DI-24,13,ComObjectInstanceRef,,O-209_R-829,GA-1110,,CH-34,,,"{""RefId"": ""O-209_R-829"", ""ChannelId"": ""CH-34"", ""Links"": ""GA-1110""}"
P-07BC-0_DI-24,13,ComObjectInstanceRef,,O-213_R-833,GA-1116,,CH-34,,,"{""RefId"": ""O-213_R-833"", ""ChannelId"": ""CH-34"", ""Links"": ""GA-1116""}"
P-07BC-0_DI-25,14,ComObjectInstanceRef,,O-236_R-841,GA-1125,,CH-34,,,"{""RefId"": ""O-236_R-841"", ""ChannelId"": ""CH-34"", ""Links"": ""GA-1125""}"
P-07BC-0_DI-25,14,ComObjectInstanceRef,,O-204_R-824,GA-1117,,CH-34,,,"{""RefId"": ""O-204_R-824"", ""ChannelId"": ""CH-34"", ""Links"": ""GA-1117""}"
P-07BC-0_DI-25,14,ComObjectInstanceRef,,O-205_R-825,GA-1118,,CH-34,,,"{""RefId"": ""O-205_R-825"", ""ChannelId"": ""CH-34"", ""Links"": ""GA-1118""}"
P-07BC-0_DI-25,14,ComObjectInstanceRef,,O-228_R-851,GA-1123,,CH-34,,,"{""RefId"": ""O-228_R-851"", ""ChannelId"": ""CH-34"", ""Links"": ""GA-1123""}"
P-07BC-0_DI-25,14,ComObjectInstanceRef,,O-229_R-852,GA-1124,,CH-34,,,"{""RefId"": ""O-229_R-852"", ""ChannelId"": ""CH-34"", ""Links"": ""GA-1124""}"
P-07BC-0_DI-25,14,ComObjectInstanceRef,,O-215_R-867,GA-1122,,CH-34,,,"{""RefId"": ""O-215_R-867"", ""ChannelId"": ""CH-34"", ""Links"": ""GA-1122""}"
P-07BC-0_DI-25,14,ComObjectInstanceRef,,O-214_R-868,GA-1121,,CH-34,,,"{""RefId"": ""O-214_R-868"", ""ChannelId"": ""CH-34"", ""Links"": ""GA-1121""}"
P-07BC-0_DI-25,14,ComObjectInstanceRef,,O-208_R-828,GA-1119,,CH-34,,,"{""RefId"": ""O-208_R-828"", ""ChannelId"": ""CH-34"", ""Links"": ""GA-1119""}"
P-07BC-0_DI-25,14,ComObjectInstanceRef,,O-209_R-829,GA-1120,,CH-34,,,"{""RefId"": ""O-209_R-829"", ""ChannelId"": ""CH-34"", ""Links"": ""GA-1120""}"
P-07BC-0_DI-25,14,ComObjectInstanceRef,,O-213_R-833,GA-1126,,CH-34,,,"{""RefId"": ""O-213_R-833"", ""ChannelId"": ""CH-34"", ""Links"": ""GA-1126""}"
P-07BC-0_DI-26,15,ComObjectInstanceRef,,O-236_R-841,GA-1135,,CH-34,,,"{""RefId"": ""O-236_R-841"", ""ChannelId"": ""CH-34"", ""Links"": ""GA-1135""}"
P-07BC-0_DI-26,15,ComObjectInstanceRef,,O-204_R-824,GA-1127,,CH-34,,,"{""RefId"": ""O-204_R-824"", ""ChannelId"": ""CH-34"", ""Links"": ""GA-1127""}"
P-07BC-0_DI-26,15,ComObjectInstanceRef,,O-205_R-825,GA-1128,,CH-34,,,"{""RefId"": ""O-205_R-825"", ""ChannelId"": ""CH-34"", ""Links"": ""GA-1128""}"
P-07BC-0_DI-26,15,ComObjectInstanceRef,,O-228_R-851,GA-1133,,CH-34,,,"{""RefId"": ""O-228_R-851"", ""ChannelId"": ""CH-34"", ""Links"": ""GA-1133""}"
P-07BC-0_DI-26,15,ComObjectInstanceRef,,O-229_R-852,GA-1134,,CH-34,,,"{""RefId"": ""O-229_R-852"", ""ChannelId"": ""CH-34"", ""Links"": ""GA-1134""}"
P-07BC-0_DI-26,15,ComObjectInstanceRef,,O-215_R-867,GA-1132,,CH-34,,,"{""RefId"": ""O-215_R-867"", ""ChannelId"": ""CH-34"", ""Links"": ""GA-1132""}"
P-07BC-0_DI-26,15,ComObjectInstanceRef,,O-214_R-868,GA-1131,,CH-34,,,"{""RefId"": ""O-214_R-868"", ""ChannelId"": ""CH-34"", ""Links"": ""GA-1131""}"
P-07BC-0_DI-26,15,ComObjectInstanceRef,,O-208_R-828,GA-1129,,CH-34,,,"{""RefId"": ""O-208_R-828"", ""ChannelId"": ""CH-34"", ""Links"": ""GA-1129""}"
P-07BC-0_DI-26,15,ComObjectInstanceRef,,O-209_R-829,GA-1130,,CH-34,,,"{""RefId"": ""O-209_R-829"", ""ChannelId"": ""CH-34"", ""Links"": ""GA-1130""}"
P-07BC-0_DI-26,15,ComObjectInstanceRef,,O-213_R-833,GA-1136,,CH-34,,,"{""RefId"": ""O-213_R-833"", ""ChannelId"": ""CH-34"", ""Links"": ""GA-1136""}"
P-07BC-0_DI-27,16,ComObjectInstanceRef,,O-236_R-841,GA-1145,,CH-34,,,"{""RefId"": ""O-236_R-841"", ""ChannelId"": ""CH-34"", ""Links"": ""GA-1145""}"
P-07BC-0_DI-27,16,ComObjectInstanceRef,,O-204_R-824,GA-1137,,CH-34,,,"{""RefId"": ""O-204_R-824"", ""ChannelId"": ""CH-34"", ""Links"": ""GA-1137""}"
P-07BC-0_DI-27,16,ComObjectInstanceRef,,O-205_R-825,GA-1138,,CH-34,,,"{""RefId"": ""O-205_R-825"", ""ChannelId"": ""CH-34"", ""Links"": ""GA-1138""}"
P-07BC-0_DI-27,16,ComObjectInstanceRef,,O-228_R-851,GA-1143,,CH-34,,,"{""RefId"": ""O-228_R-851"", ""ChannelId"": ""CH-34"", ""Links"": ""GA-1143""}"
P-07BC-0_DI-27,16,ComObjectInstanceRef,,O-229_R-852,GA-1144,,CH-34,,,"{""RefId"": ""O-229_R-852"", ""ChannelId"": ""CH-34"", ""Links"": ""GA-1144""}"
P-07BC-0_DI-27,16,ComObjectInstanceRef,,O-215_R-867,GA-1142,,CH-34,,,"{""RefId"": ""O-215_R-867"", ""ChannelId"": ""CH-34"", ""Links"": ""GA-1142""}"
P-07BC-0_DI-27,16,ComObjectInstanceRef,,O-214_R-868,GA-1141,,CH-34,,,"{""RefId"": ""O-214_R-868"", ""ChannelId"": ""CH-34"", ""Links"": ""GA-1141""}"
P-07BC-0_DI-27,16,ComObjectInstanceRef,,O-208_R-828,GA-1139,,CH-34,,,"{""RefId"": ""O-208_R-828"", ""ChannelId"": ""CH-34"", ""Links"": ""GA-1139""}"
P-07BC-0_DI-27,16,ComObjectInstanceRef,,O-209_R-829,GA-1140,,CH-34,,,"{""RefId"": ""O-209_R-829"", ""ChannelId"": ""CH-34"", ""Links"": ""GA-1140""}"
P-07BC-0_DI-27,16,ComObjectInstanceRef,,O-213_R-833,GA-1146,,CH-34,,,"{""RefId"": ""O-213_R-833"", ""ChannelId"": ""CH-34"", ""Links"": ""GA-1146""}"
P-07BC-0_DI-28,17,ComObjectInstanceRef,,O-236_R-841,GA-1155,,CH-34,,,"{""RefId"": ""O-236_R-841"", ""ChannelId"": ""CH-34"", ""Links"": ""GA-1155""}"
P-07BC-0_DI-28,17,ComObjectInstanceRef,,O-204_R-824,GA-1147,,CH-34,,,"{""RefId"": ""O-204_R-824"", ""ChannelId"": ""CH-34"", ""Links"": ""GA-1147""}"
P-07BC-0_DI-28,17,ComObjectInstanceRef,,O-205_R-825,GA-1148,,CH-34,,,"{""RefId"": ""O-205_R-825"", ""ChannelId"": ""CH-34"", ""Links"": ""GA-1148""}"
P-07BC-0_DI-28,17,ComObjectInstanceRef,,O-228_R-851,GA-1153,,CH-34,,,"{""RefId"": ""O-228_R-851"", ""ChannelId"": ""CH-34"", ""Links"": ""GA-1153""}"
P-07BC-0_DI-28,17,ComObjectInstanceRef,,O-229_R-852,GA-1154,,CH-34,,,"{""RefId"": ""O-229_R-852"", ""ChannelId"": ""CH-34"", ""Links"": ""GA-1154""}"
P-07BC-0_DI-28,17,ComObjectInstanceRef,,O-215_R-867,GA-1152,,CH-34,,,"{""RefId"": ""O-215_R-867"", ""ChannelId"": ""CH-34"", ""Links"": ""GA-1152""}"
P-07BC-0_DI-28,17,ComObjectInstanceRef,,O-214_R-868,GA-1151,,CH-34,,,"{""RefId"": ""O-214_R-868"", ""ChannelId"": ""CH-34"", ""Links"": ""GA-1151""}"
P-07BC-0_DI-28,17,ComObjectInstanceRef,,O-208_R-828,GA-1149,,CH-34,,,"{""RefId"": ""O-208_R-828"", ""ChannelId"": ""CH-34"", ""Links"": ""GA-1149""}"
P-07BC-0_DI-28,17,ComObjectInstanceRef,,O-209_R-829,GA-1150,,CH-34,,,"{""RefId"": ""O-209_R-829"", ""ChannelId"": ""CH-34"", ""Links"": ""GA-1150""}"
P-07BC-0_DI-28,17,ComObjectInstanceRef,,O-213_R-833,GA-1156,,CH-34,,,"{""RefId"": ""O-213_R-833"", ""ChannelId"": ""CH-34"", ""Links"": ""GA-1156""}"
P-07BC-0_DI-29,18,ComObjectInstanceRef,,O-236_R-841,GA-1165,,CH-34,,,"{""RefId"": ""O-236_R-841"", ""ChannelId"": ""CH-34"", ""Links"": ""GA-1165""}"
P-07BC-0_DI-29,18,ComObjectInstanceRef,,O-204_R-824,GA-1157,,CH-34,,,"{""RefId"": ""O-204_R-824"", ""ChannelId"": ""CH-34"", ""Links"": ""GA-1157""}"
P-07BC-0_DI-29,18,ComObjectInstanceRef,,O-205_R-825,GA-1158,,CH-34,,,"{""RefId"": ""O-205_R-825"", ""ChannelId"": ""CH-34"", ""Links"": ""GA-1158""}"
P-07BC-0_DI-29,18,ComObjectInstanceRef,,O-228_R-851,GA-1163,,CH-34,,,"{""RefId"": ""O-228_R-851"", ""ChannelId"": ""CH-34"", ""Links"": ""GA-1163""}"
P-07BC-0_DI-29,18,ComObjectInstanceRef,,O-229_R-852,GA-1164,,CH-34,,,"{""RefId"": ""O-229_R-852"", ""ChannelId"": ""CH-34"", ""Links"": ""GA-1164""}"
P-07BC-0_DI-29,18,ComObjectInstanceRef,,O-215_R-867,GA-1162,,CH-34,,,"{""RefId"": ""O-215_R-867"", ""ChannelId"": ""CH-34"", ""Links"": ""GA-1162""}"
P-07BC-0_DI-29,18,ComObjectInstanceRef,,O-214_R-868,GA-1161,,CH-34,,,"{""RefId"": ""O-214_R-868"", ""ChannelId"": ""CH-34"", ""Links"": ""GA-1161""}"
P-07BC-0_DI-29,18,ComObjectInstanceRef,,O-208_R-828,GA-1159,,CH-34,,,"{""RefId"": ""O-208_R-828"", ""ChannelId"": ""CH-34"", ""Links"": ""GA-1159""}"
P-07BC-0_DI-29,18,ComObjectInstanceRef,,O-209_R-829,GA-1160,,CH-34,,,"{""RefId"": ""O-209_R-829"", ""ChannelId"": ""CH-34"", ""Links"": ""GA-1160""}"
P-07BC-0_DI-29,18,ComObjectInstanceRef,,O-213_R-833,GA-1166,,CH-34,,,"{""RefId"": ""O-213_R-833"", ""ChannelId"": ""CH-34"", ""Links"": ""GA-1166""}"
P-07BC-0_DI-30,19,ComObjectInstanceRef,,O-236_R-841,GA-1175,,CH-34,,,"{""RefId"": ""O-236_R-841"", ""ChannelId"": ""CH-34"", ""Links"": ""GA-1175""}"
P-07BC-0_DI-30,19,ComObjectInstanceRef,,O-204_R-824,GA-1167,,CH-34,,,"{""RefId"": ""O-204_R-824"", ""ChannelId"": ""CH-34"", ""Links"": ""GA-1167""}"
P-07BC-0_DI-30,19,ComObjectInstanceRef,,O-205_R-825,GA-1168,,CH-34,,,"{""RefId"": ""O-205_R-825"", ""ChannelId"": ""CH-34"", ""Links"": ""GA-1168""}"
P-07BC-0_DI-30,19,ComObjectInstanceRef,,O-228_R-851,GA-1173,,CH-34,,,"{""RefId"": ""O-228_R-851"", ""ChannelId"": ""CH-34"", ""Links"": ""GA-1173""}"
P-07BC-0_DI-30,19,ComObjectInstanceRef,,O-229_R-852,GA-1174,,CH-34,,,"{""RefId"": ""O-229_R-852"", ""ChannelId"": ""CH-34"", ""Links"": ""GA-1174""}"
P-07BC-0_DI-30,19,ComObjectInstanceRef,,O-215_R-867,GA-1172,,CH-34,,,"{""RefId"": ""O-215_R-867"", ""ChannelId"": ""CH-34"", ""Links"": ""GA-1172""}"
P-07BC-0_DI-30,19,ComObjectInstanceRef,,O-214_R-868,GA-1171,,CH-34,,,"{""RefId"": ""O-214_R-868"", ""ChannelId"": ""CH-34"", ""Links"": ""GA-1171""}"
P-07BC-0_DI-30,19,ComObjectInstanceRef,,O-208_R-828,GA-1169,,CH-34,,,"{""RefId"": ""O-208_R-828"", ""ChannelId"": ""CH-34"", ""Links"": ""GA-1169""}"
P-07BC-0_DI-30,19,ComObjectInstanceRef,,O-209_R-829,GA-1170,,CH-34,,,"{""RefId"": ""O-209_R-829"", ""ChannelId"": ""CH-34"", ""Links"": ""GA-1170""}"
P-07BC-0_DI-30,19,ComObjectInstanceRef,,O-213_R-833,GA-1176,,CH-34,,,"{""RefId"": ""O-213_R-833"", ""ChannelId"": ""CH-34"", ""Links"": ""GA-1176""}"
P-07BC-0_DI-38,20,ComObjectInstanceRef,,O-236_R-841,GA-1185,,CH-34,,,"{""RefId"": ""O-236_R-841"", ""ChannelId"": ""CH-34"", ""Links"": ""GA-1185""}"
P-07BC-0_DI-38,20,ComObjectInstanceRef,,O-204_R-824,GA-1177,,CH-34,,,"{""RefId"": ""O-204_R-824"", ""ChannelId"": ""CH-34"", ""Links"": ""GA-1177""}"
P-07BC-0_DI-38,20,ComObjectInstanceRef,,O-205_R-825,GA-1178,,CH-34,,,"{""RefId"": ""O-205_R-825"", ""ChannelId"": ""CH-34"", ""Links"": ""GA-1178""}"
P-07BC-0_DI-38,20,ComObjectInstanceRef,,O-228_R-851,GA-1183,,CH-34,,,"{""RefId"": ""O-228_R-851"", ""ChannelId"": ""CH-34"", ""Links"": ""GA-1183""}"
P-07BC-0_DI-38,20,ComObjectInstanceRef,,O-229_R-852,GA-1184,,CH-34,,,"{""RefId"": ""O-229_R-852"", ""ChannelId"": ""CH-34"", ""Links"": ""GA-1184""}"
P-07BC-0_DI-38,20,ComObjectInstanceRef,,O-215_R-867,GA-1182,,CH-34,,,"{""RefId"": ""O-215_R-867"", ""ChannelId"": ""CH-34"", ""Links"": ""GA-1182""}"
P-07BC-0_DI-38,20,ComObjectInstanceRef,,O-214_R-868,GA-1181,,CH-34,,,"{""RefId"": ""O-214_R-868"", ""ChannelId"": ""CH-34"", ""Links"": ""GA-1181""}"
P-07BC-0_DI-38,20,ComObjectInstanceRef,,O-208_R-828,GA-1179,,CH-34,,,"{""RefId"": ""O-208_R-828"", ""ChannelId"": ""CH-34"", ""Links"": ""GA-1179""}"
P-07BC-0_DI-38,20,ComObjectInstanceRef,,O-209_R-829,GA-1180,,CH-34,,,"{""RefId"": ""O-209_R-829"", ""ChannelId"": ""CH-34"", ""Links"": ""GA-1180""}"
P-07BC-0_DI-38,20,ComObjectInstanceRef,,O-213_R-833,GA-1186,,CH-34,,,"{""RefId"": ""O-213_R-833"", ""ChannelId"": ""CH-34"", ""Links"": ""GA-1186""}"
P-07BC-0_DI-57,27,ComObjectInstanceRef,,O-28_R-987,,,CH-15,,,"{""RefId"": ""O-28_R-987"", ""ReadFlag"": ""Enabled"", ""ChannelId"": ""CH-15""}"
P-07BC-0_DI-85,43,ComObjectInstanceRef,,O-1017_R-660,GA-1105,,CH-1,,,"{""RefId"": ""O-1017_R-660"", ""ChannelId"": ""CH-1"", ""Links"": ""GA-1105""}"
P-07BC-0_DI-85,43,ComObjectInstanceRef,,O-1171_R-6411,GA-1097,,CH-10,,,"{""RefId"": ""O-1171_R-6411"", ""ChannelId"": ""CH-10"", ""Links"": ""GA-1097""}"
P-07BC-0_DI-85,43,ComObjectInstanceRef,,O-1178_R-6422,GA-1098,,CH-10,,,"{""RefId"": ""O-1178_R-6422"", ""ChannelId"": ""CH-10"", ""Links"": ""GA-1098""}"
P-07BC-0_DI-85,43,ComObjectInstanceRef,,O-1168_R-6408,GA-1105,,CH-10,,,"{""RefId"": ""O-1168_R-6408"", ""ChannelId"": ""CH-10"", ""Links"": ""GA-1105""}"
P-07BC-0_DI-85,43,ComObjectInstanceRef,,O-1182_R-6427,GA-1104,,CH-10,,,"{""RefId"": ""O-1182_R-6427"", ""ChannelId"": ""CH-10"", ""Links"": ""GA-1104""}"
P-07BC-0_DI-85,43,ComObjectInstanceRef,,O-1179_R-6424,GA-1103,,CH-10,,,"{""RefId"": ""O-1179_R-6424"", ""ChannelId"": ""CH-10"", ""Links"": ""GA-1103""}"
P-07BC-0_DI-85,43,ComObjectInstanceRef,,MD-2_M-8_MI-1_O-4-10_R-118,GA-1098,,CH-2,,,"{""RefId"": ""MD-2_M-8_MI-1_O-4-10_R-118"", ""ChannelId"": ""CH-2"", ""Links"": ""GA-1098""}"
P-07BC-0_DI-85,43,ComObjectInstanceRef,,MD-2_M-8_MI-1_O-4-4_R-45,GA-1097,,CH-2,,,"{""RefId"": ""MD-2_M-8_MI-1_O-4-4_R-45"", ""ChannelId"": ""CH-2"", ""Links"": ""GA-1097""}"
P-07BC-0_DI-85,43,ComObjectInstanceRef,,MD-2_M-8_MI-10_O-4-2_R-39,GA-787,,CH-2,,,"{""RefId"": ""MD-2_M-8_MI-10_O-4-2_R-39"", ""ChannelId"": ""CH-2"", ""Links"": ""GA-787""}"
P-07BC-0_DI-85,43,ComObjectInstanceRef,,MD-2_M-8_MI-10_O-4-4_R-23,GA-786,,CH-2,,,"{""RefId"": ""MD-2_M-8_MI-10_O-4-4_R-23"", ""ChannelId"": ""CH-2"", ""Links"": ""GA-786""}"
P-07BC-0_DI-85,43,ComObjectInstanceRef,,MD-2_M-8_MI-10_O-4-10_R-113,GA-785,,CH-2,,,"{""RefId"": ""MD-2_M-8_MI-10_O-4-10_R-113"", ""ChannelId"": ""CH-2"", ""Links"": ""GA-785""}"
P-07BC-0_DI-85,43,ComObjectInstanceRef,,MD-2_M-8_MI-10_O-4-0_R-12,GA-784,,CH-2,,,"{""RefId"": ""MD-2_M-8_MI-10_O-4-0_R-12"", ""ChannelId"": ""CH-2"", ""Links"": ""GA-784""}"
P-07BC-0_DI-85,43,ComObjectInstanceRef,,MD-2_M-8_MI-11_O-4-9_R-104,GA-666,,CH-2,,,"{""RefId"": ""MD-2_M-8_MI-11_O-4-9_R-104"", ""ChannelId"": ""CH-2"", ""Links"": ""GA-666""}"
P-07BC-0_DI-85,43,ComObjectInstanceRef,,MD-2_M-8_MI-11_O-4-0_R-6,GA-665,,CH-2,,,"{""RefId"": ""MD-2_M-8_MI-11_O-4-0_R-6"", ""ChannelId"": ""CH-2"", ""Links"": ""GA-665""}"
P-07BC-0_DI-85,43,ComObjectInstanceRef,,MD-2_M-8_MI-12_O-4-9_R-104,GA-668,,CH-2,,,"{""RefId"": ""MD-2_M-8_MI-12_O-4-9_R-104"", ""ChannelId"": ""CH-2"", ""Links"": ""GA-668""}"
P-07BC-0_DI-85,43,ComObjectInstanceRef,,MD-2_M-8_MI-12_O-4-0_R-6,GA-667,,CH-2,,,"{""RefId"": ""MD-2_M-8_MI-12_O-4-0_R-6"", ""ChannelId"": ""CH-2"", ""Links"": ""GA-667""}"
P-07BC-0_DI-85,43,ComObjectInstanceRef,,MD-2_M-8_MI-13_O-4-9_R-104,GA-670,,CH-2,,,"{""RefId"": ""MD-2_M-8_MI-13_O-4-9_R-104"", ""ChannelId"": ""CH-2"", ""Links"": ""GA-670""}"
P-07BC-0_DI-85,43,ComObjectInstanceRef,,MD-2_M-8_MI-13_O-4-0_R-6,GA-669,,CH-2,,,"{""RefId"": ""MD-2_M-8_MI-13_O-4-0_R-6"", ""ChannelId"": ""CH-2"", ""Links"": ""GA-669""}"
P-07BC-0_DI-85,43,ComObjectInstanceRef,,MD-2_M-8_MI-14_O-4-9_R-104,GA-672,,CH-2,,,"{""RefId"": ""MD-2_M-8_MI-14_O-4-9_R-104"", ""ChannelId"": ""CH-2"", ""Links"": ""GA-672""}"
P-07BC-0_DI-85,43,ComObjectInstanceRef,,MD-2_M-8_MI-14_O-4-0_R-6,GA-671,,CH-2,,,"{""RefId"": ""MD-2_M-8_MI-14_O-4-0_R-6"", ""ChannelId"": ""CH-2"", ""Links"": ""GA-671""}"
P-07BC-0_DI-85,43,ComObjectInstanceRef,,MD-2_M-8_MI-15_O-4-0_R-6,GA-673,,CH-2,,,"{""RefId"": ""MD-2_M-8_MI-15_O-4-0_R-6"", ""ChannelId"": ""CH-2"", ""Links"": ""GA-673""}"
P-07BC-0_DI-85,43,ComObjectInstanceRef,,MD-2_M-8_MI-15_O-4-9_R-104,GA-674,,CH-2,,,"{""RefId"": ""MD-2_M-8_MI-15_O-4-9_R-104"", ""ChannelId"": ""CH-2"", ""Links"": ""GA-674""}"
P-07BC-0_DI-85,43,ComObjectInstanceRef,,MD-2_M-8_MI-16_O-4-4_R-81,GA-1045,,CH-2,,,"{""RefId"": ""MD-2_M-8_MI-16_O-4-4_R-81"", ""ChannelId"": ""CH-2"", ""Links"": ""GA-1045""}"
P-07BC-0_DI-85,43,ComObjectInstanceRef,,MD-2_M-8_MI-16_O-4-0_R-13,GA-1043,,CH-2,,,"{""RefId"": ""MD-2_M-8_MI-16_O-4-0_R-13"", ""ChannelId"": ""CH-2"", ""Links"": ""GA-1043""}"
P-07BC-0_DI-85,43,ComObjectInstanceRef,,MD-2_M-8_MI-16_O-4-1_R-30,GA-1044,,CH-2,,,"{""RefId"": ""MD-2_M-8_MI-16_O-4-1_R-30"", ""ChannelId"": ""CH-2"", ""Links"": ""GA-1044""}"
P-07BC-0_DI-85,43,ComObjectInstanceRef,,MD-2_M-8_MI-17_O-4-4_R-81,GA-1048,,CH-2,,,"{""RefId"": ""MD-2_M-8_MI-17_O-4-4_R-81"", ""ChannelId"": ""CH-2"", ""Links"": ""GA-1048""}"
P-07BC-0_DI-85,43,ComObjectInstanceRef,,MD-2_M-8_MI-17_O-4-0_R-13,GA-1046,,CH-2,,,"{""RefId"": ""MD-2_M-8_MI-17_O-4-0_R-13"", ""ChannelId"": ""CH-2"", ""Links"": ""GA-1046""}"
P-07BC-0_DI-85,43,ComObjectInstanceRef,,MD-2_M-8_MI-17_O-4-1_R-30,GA-1047,,CH-2,,,"{""RefId"": ""MD-2_M-8_MI-17_O-4-1_R-30"", ""ChannelId"": ""CH-2"", ""Links"": ""GA-1047""}"
P-07BC-0_DI-85,43,ComObjectInstanceRef,,MD-2_M-8_MI-2_O-4-4_R-48,GA-1101,,CH-2,,,"{""RefId"": ""MD-2_M-8_MI-2_O-4-4_R-48"", ""ChannelId"": ""CH-2"", ""Links"": ""GA-1101""}"
P-07BC-0_DI-85,43,ComObjectInstanceRef,,MD-2_M-8_MI-2_O-4-10_R-115,GA-1102,,CH-2,,,"{""RefId"": ""MD-2_M-8_MI-2_O-4-10_R-115"", ""ChannelId"": ""CH-2"", ""Links"": ""GA-1102""}"
P-07BC-0_DI-85,43,ComObjectInstanceRef,,MD-2_M-8_MI-3_O-4-11_R-133,GA-1104,,CH-2,,,"{""RefId"": ""MD-2_M-8_MI-3_O-4-11_R-133"", ""ChannelId"": ""CH-2"", ""Links"": ""GA-1104""}"
P-07BC-0_DI-85,43,ComObjectInstanceRef,,MD-2_M-8_MI-3_O-4-8_R-99,GA-1103,,CH-2,,,"{""RefId"": ""MD-2_M-8_MI-3_O-4-8_R-99"", ""ChannelId"": ""CH-2"", ""Links"": ""GA-1103""}"
P-07BC-0_DI-85,43,ComObjectInstanceRef,,MD-2_M-8_MI-4_O-4-11_R-129,GA-1105,,CH-2,,,"{""RefId"": ""MD-2_M-8_MI-4_O-4-11_R-129"", ""ChannelId"": ""CH-2"", ""Links"": ""GA-1105""}"
P-07BC-0_DI-85,43,ComObjectInstanceRef,,MD-2_M-8_MI-5_O-4-4_R-23,GA-766,,CH-2,,,"{""RefId"": ""MD-2_M-8_MI-5_O-4-4_R-23"", ""ChannelId"": ""CH-2"", ""Links"": ""GA-766""}"
P-07BC-0_DI-85,43,ComObjectInstanceRef,,MD-2_M-8_MI-5_O-4-2_R-39,GA-767,,CH-2,,,"{""RefId"": ""MD-2_M-8_MI-5_O-4-2_R-39"", ""ChannelId"": ""CH-2"", ""Links"": ""GA-767""}"
P-07BC-0_DI-85,43,ComObjectInstanceRef,,MD-2_M-8_MI-5_O-4-10_R-113,GA-765,,CH-2,,,"{""RefId"": ""MD-2_M-8_MI-5_O-4-10_R-113"", ""ChannelId"": ""CH-2"", ""Links"": ""GA-765""}"
P-07BC-0_DI-85,43,ComObjectInstanceRef,,MD-2_M-8_MI-5_O-4-0_R-12,GA-764,,CH-2,,,"{""RefId"": ""MD-2_M-8_MI-5_O-4-0_R-12"", ""ChannelId"": ""CH-2"", ""Links"": ""GA-764""}"
P-07BC-0_DI-85,43,ComObjectInstanceRef,,MD-2_M-8_MI-6_O-4-10_R-113,GA-769,,CH-2,,,"{""RefId"": ""MD-2_M-8_MI-6_O-4-10_R-113"", ""ChannelId"": ""CH-2"", ""Links"": ""GA-769""}"
P-07BC-0_DI-85,43,ComObjectInstanceRef,,MD-2_M-8_MI-6_O-4-2_R-39,GA-771,,CH-2,,,"{""RefId"": ""MD-2_M-8_MI-6_O-4-2_R-39"", ""ChannelId"": ""CH-2"", ""Links"": ""GA-771""}"
P-07BC-0_DI-85,43,ComObjectInstanceRef,,MD-2_M-8_MI-6_O-4-4_R-23,GA-770,,CH-2,,,"{""RefId"": ""MD-2_M-8_MI-6_O-4-4_R-23"", ""ChannelId"": ""CH-2"", ""Links"": ""GA-770""}"
P-07BC-0_DI-85,43,ComObjectInstanceRef,,MD-2_M-8_MI-6_O-4-0_R-12,GA-768,,CH-2,,,"{""RefId"": ""MD-2_M-8_MI-6_O-4-0_R-12"", ""ChannelId"": ""CH-2"", ""Links"": ""GA-768""}"
P-07BC-0_DI-85,43,ComObjectInstanceRef,,MD-2_M-8_MI-7_O-4-4_R-23,GA-774,,CH-2,,,"{""RefId"": ""MD-2_M-8_MI-7_O-4-4_R-23"", ""ChannelId"": ""CH-2"", ""Links"": ""GA-774""}"
P-07BC-0_DI-85,43,ComObjectInstanceRef,,MD-2_M-8_MI-7_O-4-2_R-39,GA-775,,CH-2,,,"{""RefId"": ""MD-2_M-8_MI-7_O-4-2_R-39"", ""ChannelId"": ""CH-2"", ""Links"": ""GA-775""}"
P-07BC-0_DI-85,43,ComObjectInstanceRef,,MD-2_M-8_MI-7_O-4-10_R-113,GA-773,,CH-2,,,"{""RefId"": ""MD-2_M-8_MI-7_O-4-10_R-113"", ""ChannelId"": ""CH-2"", ""Links"": ""GA-773""}"
P-07BC-0_DI-85,43,ComObjectInstanceRef,,MD-2_M-8_MI-7_O-4-0_R-12,GA-772,,CH-2,,,"{""RefId"": ""MD-2_M-8_MI-7_O-4-0_R-12"", ""ChannelId"": ""CH-2"", ""Links"": ""GA-772""}"
P-07BC-0_DI-85,43,ComObjectInstanceRef,,MD-2_M-8_MI-8_O-4-2_R-39,GA-779,,CH-2,,,"{""RefId"": ""MD-2_M-8_MI-8_O-4-2_R-39"", ""ChannelId"": ""CH-2"", ""Links"": ""GA-779""}"
P-07BC-0_DI-85,43,ComObjectInstanceRef,,MD-2_M-8_MI-8_O-4-4_R-23,GA-778,,CH-2,,,"{""RefId"": ""MD-2_M-8_MI-8_O-4-4_R-23"", ""ChannelId"": ""CH-2"", ""Links"": ""GA-778""}"
P-07BC-0_DI-85,43,ComObjectInstanceRef,,MD-2_M-8_MI-8_O-4-10_R-113,GA-777,,CH-2,,,"{""RefId"": ""MD-2_M-8_MI-8_O-4-10_R-113"", ""ChannelId"": ""CH-2"", ""Links"": ""GA-777""}"
P-07BC-0_DI-85,43,ComObjectInstanceRef,,MD-2_M-8_MI-8_O-4-0_R-12,GA-776,,CH-2,,,"{""RefId"": ""MD-2_M-8_MI-8_O-4-0_R-12"", ""ChannelId"": ""CH-2"", ""Links"": ""GA-776""}"
P-07BC-0_DI-85,43,ComObjectInstanceRef,,MD-2_M-8_MI-9_O-4-2_R-39,GA-783,,CH-2,,,"{""RefId"": ""MD-2_M-8_MI-9_O-4-2_R-39"", ""ChannelId"": ""CH-2"", ""Links"": ""GA-783""}"
P-07BC-0_DI-85,43,ComObjectInstanceRef,,MD-2_M-8_MI-9_O-4-4_R-23,GA-782,,CH-2,,,"{""RefId"": ""MD-2_M-8_MI-9_O-4-4_R-23"", ""ChannelId"": ""CH-2"", ""Links"": ""GA-782""}"
P-07BC-0_DI-85,43,ComObjectInstanceRef,,MD-2_M-8_MI-9_O-4-10_R-113,GA-781,,CH-2,,,"{""RefId"": ""MD-2_M-8_MI-9_O-4-10_R-113"", ""ChannelId"": ""CH-2"", ""Links"": ""GA-781""}"
P-07BC-0_DI-85,43,ComObjectInstanceRef,,MD-2_M-8_MI-9_O-4-0_R-12,GA-780,,CH-2,,,"{""RefId"": ""MD-2_M-8_MI-9_O-4-0_R-12"", ""ChannelId"": ""CH-2"", ""Links"": ""GA-780""}"
P-07BC-0_DI-86,42,ComObjectInstanceRef,,O-1017_R-660,GA-1115,,CH-1,,,"{""RefId"": ""O-1017_R-660"", ""ChannelId"": ""CH-1"", ""Links"": ""GA-1115""}"
P-07BC-0_DI-86,42,ComObjectInstanceRef,,O-1171_R-6411,GA-1107,,CH-10,,,"{""RefId"": ""O-1171_R-6411"", ""ChannelId"": ""CH-10"", ""Links"": ""GA-1107""}"
P-07BC-0_DI-86,42,ComObjectInstanceRef,,O-1178_R-6422,GA-1108,,CH-10,,,"{""RefId"": ""O-1178_R-6422"", ""ChannelId"": ""CH-10"", ""Links"": ""GA-1108""}"
P-07BC-0_DI-86,42,ComObjectInstanceRef,,O-1168_R-6408,GA-1115,,CH-10,,,"{""RefId"": ""O-1168_R-6408"", ""ChannelId"": ""CH-10"", ""Links"": ""GA-1115""}"
P-07BC-0_DI-86,42,ComObjectInstanceRef,,O-1182_R-6427,GA-1114,,CH-10,,,"{""RefId"": ""O-1182_R-6427"", ""ChannelId"": ""CH-10"", ""Links"": ""GA-1114""}"
P-07BC-0_DI-86,42,ComObjectInstanceRef,,O-1179_R-6424,GA-1113,,CH-10,,,"{""RefId"": ""O-1179_R-6424"", ""ChannelId"": ""CH-10"", ""Links"": ""GA-1113""}"
P-07BC-0_DI-86,42,ComObjectInstanceRef,,MD-2_M-8_MI-1_O-4-10_R-118,GA-1108,,CH-2,,,"{""RefId"": ""MD-2_M-8_MI-1_O-4-10_R-118"", ""ChannelId"": ""CH-2"", ""Links"": ""GA-1108""}"
P-07BC-0_DI-86,42,ComObjectInstanceRef,,MD-2_M-8_MI-1_O-4-4_R-45,GA-1107,,CH-2,,,"{""RefId"": ""MD-2_M-8_MI-1_O-4-4_R-45"", ""ChannelId"": ""CH-2"", ""Links"": ""GA-1107""}"
P-07BC-0_DI-86,42,ComObjectInstanceRef,,MD-2_M-8_MI-10_O-4-9_R-104,GA-676,,CH-2,,,"{""RefId"": ""MD-2_M-8_MI-10_O-4-9_R-104"", ""ChannelId"": ""CH-2"", ""Links"": ""GA-676""}"
P-07BC-0_DI-86,42,ComObjectInstanceRef,,MD-2_M-8_MI-10_O-4-0_R-6,GA-675,,CH-2,,,"{""RefId"": ""MD-2_M-8_MI-10_O-4-0_R-6"", ""ChannelId"": ""CH-2"", ""Links"": ""GA-675""}"
P-07BC-0_DI-86,42,ComObjectInstanceRef,,MD-2_M-8_MI-11_O-4-9_R-104,GA-678,,CH-2,,,"{""RefId"": ""MD-2_M-8_MI-11_O-4-9_R-104"", ""ChannelId"": ""CH-2"", ""Links"": ""GA-678""}"
P-07BC-0_DI-86,42,ComObjectInstanceRef,,MD-2_M-8_MI-11_O-4-0_R-6,GA-677,,CH-2,,,"{""RefId"": ""MD-2_M-8_MI-11_O-4-0_R-6"", ""ChannelId"": ""CH-2"", ""Links"": ""GA-677""}"
P-07BC-0_DI-86,42,ComObjectInstanceRef,,MD-2_M-8_MI-12_O-4-9_R-104,GA-680,,CH-2,,,"{""RefId"": ""MD-2_M-8_MI-12_O-4-9_R-104"", ""ChannelId"": ""CH-2"", ""Links"": ""GA-680""}"
P-07BC-0_DI-86,42,ComObjectInstanceRef,,MD-2_M-8_MI-12_O-4-0_R-6,GA-679,,CH-2,,,"{""RefId"": ""MD-2_M-8_MI-12_O-4-0_R-6"", ""ChannelId"": ""CH-2"", ""Links"": ""GA-679""}"
P-07BC-0_DI-86,42,ComObjectInstanceRef,,MD-2_M-8_MI-13_O-4-10_R-114,GA-1054,,CH-2,,,"{""RefId"": ""MD-2_M-8_MI-13_O-4-10_R-114"", ""ChannelId"": ""CH-2"", ""Links"": ""GA-1054""}"
P-07BC-0_DI-86,42,ComObjectInstanceRef,,MD-2_M-8_MI-13_O-4-0_R-13,GA-1052,,CH-2,,,"{""RefId"": ""MD-2_M-8_MI-13_O-4-0_R-13"", ""ChannelId"": ""CH-2"", ""Links"": ""GA-1052""}"
P-07BC-0_DI-86,42,ComObjectInstanceRef,,MD-2_M-8_MI-13_O-4-1_R-30,GA-1053,,CH-2,,,"{""RefId"": ""MD-2_M-8_MI-13_O-4-1_R-30"", ""ChannelId"": ""CH-2"", ""Links"": ""GA-1053""}"
P-07BC-0_DI-86,42,ComObjectInstanceRef,,MD-2_M-8_MI-14_O-4-10_R-114,GA-1057,,CH-2,,,"{""RefId"": ""MD-2_M-8_MI-14_O-4-10_R-114"", ""ChannelId"": ""CH-2"", ""Links"": ""GA-1057""}"
P-07BC-0_DI-86,42,ComObjectInstanceRef,,MD-2_M-8_MI-14_O-4-0_R-13,GA-1055,,CH-2,,,"{""RefId"": ""MD-2_M-8_MI-14_O-4-0_R-13"", ""ChannelId"": ""CH-2"", ""Links"": ""GA-1055""}"
P-07BC-0_DI-86,42,ComObjectInstanceRef,,MD-2_M-8_MI-14_O-4-1_R-30,GA-1056,,CH-2,,,"{""RefId"": ""MD-2_M-8_MI-14_O-4-1_R-30"", ""ChannelId"": ""CH-2"", ""Links"": ""GA-1056""}"
P-07BC-0_DI-86,42,ComObjectInstanceRef,,MD-2_M-8_MI-15_O-4-10_R-114,GA-1060,,CH-2,,,"{""RefId"": ""MD-2_M-8_MI-15_O-4-10_R-114"", ""ChannelId"": ""CH-2"", ""Links"": ""GA-1060""}"
P-07BC-0_DI-86,42,ComObjectInstanceRef,,MD-2_M-8_MI-15_O-4-0_R-13,GA-1058,,CH-2,,,"{""RefId"": ""MD-2_M-8_MI-15_O-4-0_R-13"", ""ChannelId"": ""CH-2"", ""Links"": ""GA-1058""}"
P-07BC-0_DI-86,42,ComObjectInstanceRef,,MD-2_M-8_MI-15_O-4-1_R-30,GA-1059,,CH-2,,,"{""RefId"": ""MD-2_M-8_MI-15_O-4-1_R-30"", ""ChannelId"": ""CH-2"", ""Links"": ""GA-1059""}"
P-07BC-0_DI-86,42,ComObjectInstanceRef,,MD-2_M-8_MI-2_O-4-4_R-48,GA-1111,,CH-2,,,"{""RefId"": ""MD-2_M-8_MI-2_O-4-4_R-48"", ""ChannelId"": ""CH-2"", ""Links"": ""GA-1111""}"
P-07BC-0_DI-86,42,ComObjectInstanceRef,,MD-2_M-8_MI-2_O-4-10_R-115,GA-1112,,CH-2,,,"{""RefId"": ""MD-2_M-8_MI-2_O-4-10_R-115"", ""ChannelId"": ""CH-2"", ""Links"": ""GA-1112""}"
P-07BC-0_DI-86,42,ComObjectInstanceRef,,MD-2_M-8_MI-3_O-4-11_R-133,GA-1114,,CH-2,,,"{""RefId"": ""MD-2_M-8_MI-3_O-4-11_R-133"", ""ChannelId"": ""CH-2"", ""Links"": ""GA-1114""}"
P-07BC-0_DI-86,42,ComObjectInstanceRef,,MD-2_M-8_MI-3_O-4-8_R-99,GA-1113,,CH-2,,,"{""RefId"": ""MD-2_M-8_MI-3_O-4-8_R-99"", ""ChannelId"": ""CH-2"", ""Links"": ""GA-1113""}"
P-07BC-0_DI-86,42,ComObjectInstanceRef,,MD-2_M-8_MI-4_O-4-11_R-129,GA-1115,,CH-2,,,"{""RefId"": ""MD-2_M-8_MI-4_O-4-11_R-129"", ""ChannelId"": ""CH-2"", ""Links"": ""GA-1115""}"
P-07BC-0_DI-86,42,ComObjectInstanceRef,,MD-2_M-8_MI-5_O-4-4_R-23,GA-790,,CH-2,,,"{""RefId"": ""MD-2_M-8_MI-5_O-4-4_R-23"", ""ChannelId"": ""CH-2"", ""Links"": ""GA-790""}"
P-07BC-0_DI-86,42,ComObjectInstanceRef,,MD-2_M-8_MI-5_O-4-2_R-39,GA-791,,CH-2,,,"{""RefId"": ""MD-2_M-8_MI-5_O-4-2_R-39"", ""ChannelId"": ""CH-2"", ""Links"": ""GA-791""}"
P-07BC-0_DI-86,42,ComObjectInstanceRef,,MD-2_M-8_MI-5_O-4-10_R-113,GA-789,,CH-2,,,"{""RefId"": ""MD-2_M-8_MI-5_O-4-10_R-113"", ""ChannelId"": ""CH-2"", ""Links"": ""GA-789""}"
P-07BC-0_DI-86,42,ComObjectInstanceRef,,MD-2_M-8_MI-5_O-4-0_R-12,GA-788,,CH-2,,,"{""RefId"": ""MD-2_M-8_MI-5_O-4-0_R-12"", ""ChannelId"": ""CH-2"", ""Links"": ""GA-788""}"
P-07BC-0_DI-86,42,ComObjectInstanceRef,,MD-2_M-8_MI-6_O-4-10_R-113,GA-793,,CH-2,,,"{""RefId"": ""MD-2_M-8_MI-6_O-4-10_R-113"", ""ChannelId"": ""CH-2"", ""Links"": ""GA-793""}"
P-07BC-0_DI-86,42,ComObjectInstanceRef,,MD-2_M-8_MI-6_O-4-2_R-39,GA-795,,CH-2,,,"{""RefId"": ""MD-2_M-8_MI-6_O-4-2_R-39"", ""ChannelId"": ""CH-2"", ""Links"": ""GA-795""}"
P-07BC-0_DI-86,42,ComObjectInstanceRef,,MD-2_M-8_MI-6_O-4-4_R-23,GA-794,,CH-2,,,"{""RefId"": ""MD-2_M-8_MI-6_O-4-4_R-23"", ""ChannelId"": ""CH-2"", ""Links"": ""GA-794""}"
P-07BC-0_DI-86,42,ComObjectInstanceRef,,MD-2_M-8_MI-6_O-4-0_R-12,GA-792,,CH-2,,,"{""RefId"": ""MD-2_M-8_MI-6_O-4-0_R-12"", ""ChannelId"": ""CH-2"", ""Links"": ""GA-792""}"
P-07BC-0_DI-86,42,ComObjectInstanceRef,,MD-2_M-8_MI-7_O-4-4_R-23,GA-798,,CH-2,,,"{""RefId"": ""MD-2_M-8_MI-7_O-4-4_R-23"", ""ChannelId"": ""CH-2"", ""Links"": ""GA-798""}"
P-07BC-0_DI-86,42,ComObjectInstanceRef,,MD-2_M-8_MI-7_O-4-2_R-39,GA-799,,CH-2,,,"{""RefId"": ""MD-2_M-8_MI-7_O-4-2_R-39"", ""ChannelId"": ""CH-2"", ""Links"": ""GA-799""}"
P-07BC-0_DI-86,42,ComObjectInstanceRef,,MD-2_M-8_MI-7_O-4-10_R-113,GA-797,,CH-2,,,"{""RefId"": ""MD-2_M-8_MI-7_O-4-10_R-113"", ""ChannelId"": ""CH-2"", ""Links"": ""GA-797""}"
P-07BC-0_DI-86,42,ComObjectInstanceRef,,MD-2_M-8_MI-7_O-4-0_R-12,GA-796,,CH-2,,,"{""RefId"": ""MD-2_M-8_MI-7_O-4-0_R-12"", ""ChannelId"": ""CH-2"", ""Links"": ""GA-796""}"
P-07BC-0_DI-86,42,ComObjectInstanceRef,,MD-2_M-8_MI-8_O-4-2_R-39,GA-803,,CH-2,,,"{""RefId"": ""MD-2_M-8_MI-8_O-4-2_R-39"", ""ChannelId"": ""CH-2"", ""Links"": ""GA-803""}"
P-07BC-0_DI-86,42,ComObjectInstanceRef,,MD-2_M-8_MI-8_O-4-10_R-113,GA-801,,CH-2,,,"{""RefId"": ""MD-2_M-8_MI-8_O-4-10_R-113"", ""ChannelId"": ""CH-2"", ""Links"": ""GA-801""}"
P-07BC-0_DI-86,42,ComObjectInstanceRef,,MD-2_M-8_MI-8_O-4-4_R-23,GA-802,,CH-2,,,"{""RefId"": ""MD-2_M-8_MI-8_O-4-4_R-23"", ""ChannelId"": ""CH-2"", ""Links"": ""GA-802""}"
P-07BC-0_DI-86,42,ComObjectInstanceRef,,MD-2_M-8_MI-8_O-4-0_R-12,GA-800,,CH-2,,,"{""RefId"": ""MD-2_M-8_MI-8_O-4-0_R-12"", ""ChannelId"": ""CH-2"", ""Links"": ""GA-800""}"
P-07BC-0_DI-86,42,ComObjectInstanceRef,,MD-2_M-8_MI-9_O-4-4_R-23,GA-806,,CH-2,,,"{""RefId"": ""MD-2_M-8_MI-9_O-4-4_R-23"", ""ChannelId"": ""CH-2"", ""Links"": ""GA-806""}"
P-07BC-0_DI-86,42,ComObjectInstanceRef,,MD-2_M-8_MI-9_O-4-2_R-39,GA-807,,CH-2,,,"{""RefId"": ""MD-2_M-8_MI-9_O-4-2_R-39"", ""ChannelId"": ""CH-2"", ""Links"": ""GA-807""}"
P-07BC-0_DI-86,42,ComObjectInstanceRef,,MD-2_M-8_MI-9_O-4-10_R-113,GA-805,,CH-2,,,"{""RefId"": ""MD-2_M-8_MI-9_O-4-10_R-113"", ""ChannelId"": ""CH-2"", ""Links"": ""GA-805""}"
P-07BC-0_DI-86,42,ComObjectInstanceRef,,MD-2_M-8_MI-9_O-4-0_R-12,GA-804,,CH-2,,,"{""RefId"": ""MD-2_M-8_MI-9_O-4-0_R-12"", ""ChannelId"": ""CH-2"", ""Links"": ""GA-804""}"
P-07BC-0_DI-87,44,ComObjectInstanceRef,,O-1017_R-660,GA-1125,,CH-1,,,"{""RefId"": ""O-1017_R-660"", ""ChannelId"": ""CH-1"", ""Links"": ""GA-1125""}"
P-07BC-0_DI-87,44,ComObjectInstanceRef,,O-1171_R-6411,GA-1117,,CH-10,,,"{""RefId"": ""O-1171_R-6411"", ""ChannelId"": ""CH-10"", ""Links"": ""GA-1117""}"
P-07BC-0_DI-87,44,ComObjectInstanceRef,,O-1178_R-6422,GA-1118,,CH-10,,,"{""RefId"": ""O-1178_R-6422"", ""ChannelId"": ""CH-10"", ""Links"": ""GA-1118""}"
P-07BC-0_DI-87,44,ComObjectInstanceRef,,O-1168_R-6408,GA-1125,,CH-10,,,"{""RefId"": ""O-1168_R-6408"", ""ChannelId"": ""CH-10"", ""Links"": ""GA-1125""}"
P-07BC-0_DI-87,44,ComObjectInstanceRef,,O-1182_R-6427,GA-1124,,CH-10,,,"{""RefId"": ""O-1182_R-6427"", ""ChannelId"": ""CH-10"", ""Links"": ""GA-1124""}"
P-07BC-0_DI-87,44,ComObjectInstanceRef,,O-1179_R-6424,GA-1123,,CH-10,,,"{""RefId"": ""O-1179_R-6424"", ""ChannelId"": ""CH-10"", ""Links"": ""GA-1123""}"
P-07BC-0_DI-87,44,ComObjectInstanceRef,,MD-2_M-8_MI-1_O-4-10_R-118,GA-1118,,CH-2,,,"{""RefId"": ""MD-2_M-8_MI-1_O-4-10_R-118"", ""ChannelId"": ""CH-2"", ""Links"": ""GA-1118""}"
P-07BC-0_DI-87,44,ComObjectInstanceRef,,MD-2_M-8_MI-1_O-4-4_R-45,GA-1117,,CH-2,,,"{""RefId"": ""MD-2_M-8_MI-1_O-4-4_R-45"", ""ChannelId"": ""CH-2"", ""Links"": ""GA-1117""}"
P-07BC-0_DI-87,44,ComObjectInstanceRef,,MD-2_M-8_MI-2_O-4-4_R-48,GA-1121,,CH-2,,,"{""RefId"": ""MD-2_M-8_MI-2_O-4-4_R-48"", ""ChannelId"": ""CH-2"", ""Links"": ""GA-1121""}"
P-07BC-0_DI-87,44,ComObjectInstanceRef,,MD-2_M-8_MI-2_O-4-10_R-115,GA-1122,,CH-2,,,"{""RefId"": ""MD-2_M-8_MI-2_O-4-10_R-115"", ""ChannelId"": ""CH-2"", ""Links"": ""GA-1122""}"
P-07BC-0_DI-87,44,ComObjectInstanceRef,,MD-2_M-8_MI-3_O-4-11_R-133,GA-1124,,CH-2,,,"{""RefId"": ""MD-2_M-8_MI-3_O-4-11_R-133"", ""ChannelId"": ""CH-2"", ""Links"": ""GA-1124""}"
P-07BC-0_DI-87,44,ComObjectInstanceRef,,MD-2_M-8_MI-3_O-4-8_R-99,GA-1123,,CH-2,,,"{""RefId"": ""MD-2_M-8_MI-3_O-4-8_R-99"", ""ChannelId"": ""CH-2"", ""Links"": ""GA-1123""}"
P-07BC-0_DI-87,44,ComObjectInstanceRef,,MD-2_M-8_MI-4_O-4-11_R-129,GA-1125,,CH-2,,,"{""RefId"": ""MD-2_M-8_MI-4_O-4-11_R-129"", ""ChannelId"": ""CH-2"", ""Links"": ""GA-1125""}"
P-07BC-0_DI-87,44,ComObjectInstanceRef,,MD-2_M-8_MI-5_O-4-10_R-114,GA-1063,,CH-2,,,"{""RefId"": ""MD-2_M-8_MI-5_O-4-10_R-114"", ""ChannelId"": ""CH-2"", ""Links"": ""GA-1063""}"
P-07BC-0_DI-87,44,ComObjectInstanceRef,,MD-2_M-8_MI-5_O-4-0_R-13,GA-1061,,CH-2,,,"{""RefId"": ""MD-2_M-8_MI-5_O-4-0_R-13"", ""ChannelId"": ""CH-2"", ""Links"": ""GA-1061""}"
P-07BC-0_DI-87,44,ComObjectInstanceRef,,MD-2_M-8_MI-5_O-4-1_R-30,GA-1062,,CH-2,,,"{""RefId"": ""MD-2_M-8_MI-5_O-4-1_R-30"", ""ChannelId"": ""CH-2"", ""Links"": ""GA-1062""}"
P-07BC-0_DI-87,44,ComObjectInstanceRef,,MD-2_M-8_MI-6_O-4-10_R-113,GA-817,,CH-2,,,"{""RefId"": ""MD-2_M-8_MI-6_O-4-10_R-113"", ""ChannelId"": ""CH-2"", ""Links"": ""GA-817""}"
P-07BC-0_DI-87,44,ComObjectInstanceRef,,MD-2_M-8_MI-6_O-4-2_R-39,GA-819,,CH-2,,,"{""RefId"": ""MD-2_M-8_MI-6_O-4-2_R-39"", ""ChannelId"": ""CH-2"", ""Links"": ""GA-819""}"
P-07BC-0_DI-87,44,ComObjectInstanceRef,,MD-2_M-8_MI-6_O-4-4_R-23,GA-818,,CH-2,,,"{""RefId"": ""MD-2_M-8_MI-6_O-4-4_R-23"", ""ChannelId"": ""CH-2"", ""Links"": ""GA-818""}"
P-07BC-0_DI-87,44,ComObjectInstanceRef,,MD-2_M-8_MI-6_O-4-0_R-12,GA-816,,CH-2,,,"{""RefId"": ""MD-2_M-8_MI-6_O-4-0_R-12"", ""ChannelId"": ""CH-2"", ""Links"": ""GA-816""}"
P-07BC-0_DI-87,44,ComObjectInstanceRef,,MD-2_M-8_MI-7_O-4-4_R-23,GA-822,,CH-2,,,"{""RefId"": ""MD-2_M-8_MI-7_O-4-4_R-23"", ""ChannelId"": ""CH-2"", ""Links"": ""GA-822""}"
P-07BC-0_DI-87,44,ComObjectInstanceRef,,MD-2_M-8_MI-7_O-4-2_R-39,GA-823,,CH-2,,,"{""RefId"": ""MD-2_M-8_MI-7_O-4-2_R-39"", ""ChannelId"": ""CH-2"", ""Links"": ""GA-823""}"
P-07BC-0_DI-87,44,ComObjectInstanceRef,,MD-2_M-8_MI-7_O-4-10_R-113,GA-821,,CH-2,,,"{""RefId"": ""MD-2_M-8_MI-7_O-4-10_R-113"", ""ChannelId"": ""CH-2"", ""Links"": ""GA-821""}"
P-07BC-0_DI-87,44,ComObjectInstanceRef,,MD-2_M-8_MI-7_O-4-0_R-12,GA-820,,CH-2,,,"{""RefId"": ""MD-2_M-8_MI-7_O-4-0_R-12"", ""ChannelId"": ""CH-2"", ""Links"": ""GA-820""}"
P-07BC-0_DI-88,45,ComObjectInstanceRef,,O-1017_R-660,GA-1135,,CH-1,,,"{""RefId"": ""O-1017_R-660"", ""ChannelId"": ""CH-1"", ""Links"": ""GA-1135""}"
P-07BC-0_DI-88,45,ComObjectInstanceRef,,O-1171_R-6411,GA-1127,,CH-10,,,"{""RefId"": ""O-1171_R-6411"", ""ChannelId"": ""CH-10"", ""Links"": ""GA-1127""}"
P-07BC-0_DI-88,45,ComObjectInstanceRef,,O-1178_R-6422,GA-1128,,CH-10,,,"{""RefId"": ""O-1178_R-6422"", ""ChannelId"": ""CH-10"", ""Links"": ""GA-1128""}"
P-07BC-0_DI-88,45,ComObjectInstanceRef,,O-1168_R-6408,GA-1135,,CH-10,,,"{""RefId"": ""O-1168_R-6408"", ""ChannelId"": ""CH-10"", ""Links"": ""GA-1135""}"
P-07BC-0_DI-88,45,ComObjectInstanceRef,,O-1182_R-6427,GA-1134,,CH-10,,,"{""RefId"": ""O-1182_R-6427"", ""ChannelId"": ""CH-10"", ""Links"": ""GA-1134""}"
P-07BC-0_DI-88,45,ComObjectInstanceRef,,O-1179_R-6424,GA-1133,,CH-10,,,"{""RefId"": ""O-1179_R-6424"", ""ChannelId"": ""CH-10"", ""Links"": ""GA-1133""}"
P-07BC-0_DI-88,45,ComObjectInstanceRef,,MD-2_M-8_MI-1_O-4-10_R-118,GA-1128,,CH-2,,,"{""RefId"": ""MD-2_M-8_MI-1_O-4-10_R-118"", ""ChannelId"": ""CH-2"", ""Links"": ""GA-1128""}"
P-07BC-0_DI-88,45,ComObjectInstanceRef,,MD-2_M-8_MI-1_O-4-4_R-45,GA-1127,,CH-2,,,"{""RefId"": ""MD-2_M-8_MI-1_O-4-4_R-45"", ""ChannelId"": ""CH-2"", ""Links"": ""GA-1127""}"
P-07BC-0_DI-88,45,ComObjectInstanceRef,,MD-2_M-8_MI-10_O-4-4_R-23,GA-846,,CH-2,,,"{""RefId"": ""MD-2_M-8_MI-10_O-4-4_R-23"", ""ChannelId"": ""CH-2"", ""Links"": ""GA-846""}"
P-07BC-0_DI-88,45,ComObjectInstanceRef,,MD-2_M-8_MI-10_O-4-2_R-39,GA-847,,CH-2,,,"{""RefId"": ""MD-2_M-8_MI-10_O-4-2_R-39"", ""ChannelId"": ""CH-2"", ""Links"": ""GA-847""}"
P-07BC-0_DI-88,45,ComObjectInstanceRef,,MD-2_M-8_MI-10_O-4-10_R-113,GA-845,,CH-2,,,"{""RefId"": ""MD-2_M-8_MI-10_O-4-10_R-113"", ""ChannelId"": ""CH-2"", ""Links"": ""GA-845""}"
P-07BC-0_DI-88,45,ComObjectInstanceRef,,MD-2_M-8_MI-10_O-4-0_R-12,GA-844,,CH-2,,,"{""RefId"": ""MD-2_M-8_MI-10_O-4-0_R-12"", ""ChannelId"": ""CH-2"", ""Links"": ""GA-844""}"
P-07BC-0_DI-88,45,ComObjectInstanceRef,,MD-2_M-8_MI-11_O-4-4_R-23,GA-850,,CH-2,,,"{""RefId"": ""MD-2_M-8_MI-11_O-4-4_R-23"", ""ChannelId"": ""CH-2"", ""Links"": ""GA-850""}"
P-07BC-0_DI-88,45,ComObjectInstanceRef,,MD-2_M-8_MI-11_O-4-2_R-39,GA-851,,CH-2,,,"{""RefId"": ""MD-2_M-8_MI-11_O-4-2_R-39"", ""ChannelId"": ""CH-2"", ""Links"": ""GA-851""}"
P-07BC-0_DI-88,45,ComObjectInstanceRef,,MD-2_M-8_MI-11_O-4-10_R-113,GA-849,,CH-2,,,"{""RefId"": ""MD-2_M-8_MI-11_O-4-10_R-113"", ""ChannelId"": ""CH-2"", ""Links"": ""GA-849""}"
P-07BC-0_DI-88,45,ComObjectInstanceRef,,MD-2_M-8_MI-11_O-4-0_R-12,GA-848,,CH-2,,,"{""RefId"": ""MD-2_M-8_MI-11_O-4-0_R-12"", ""ChannelId"": ""CH-2"", ""Links"": ""GA-848""}"
P-07BC-0_DI-88,45,ComObjectInstanceRef,,MD-2_M-8_MI-12_O-4-0_R-6,GA-697,,CH-2,,,"{""RefId"": ""MD-2_M-8_MI-12_O-4-0_R-6"", ""ChannelId"": ""CH-2"", ""Links"": ""GA-697""}"
P-07BC-0_DI-88,45,ComObjectInstanceRef,,MD-2_M-8_MI-12_O-4-9_R-104,GA-698,,CH-2,,,"{""RefId"": ""MD-2_M-8_MI-12_O-4-9_R-104"", ""ChannelId"": ""CH-2"", ""Links"": ""GA-698""}"
P-07BC-0_DI-88,45,ComObjectInstanceRef,,MD-2_M-8_MI-13_O-4-9_R-104,GA-700,,CH-2,,,"{""RefId"": ""MD-2_M-8_MI-13_O-4-9_R-104"", ""ChannelId"": ""CH-2"", ""Links"": ""GA-700""}"
P-07BC-0_DI-88,45,ComObjectInstanceRef,,MD-2_M-8_MI-13_O-4-0_R-6,GA-699,,CH-2,,,"{""RefId"": ""MD-2_M-8_MI-13_O-4-0_R-6"", ""ChannelId"": ""CH-2"", ""Links"": ""GA-699""}"
P-07BC-0_DI-88,45,ComObjectInstanceRef,,MD-2_M-8_MI-14_O-4-9_R-104,GA-702,,CH-2,,,"{""RefId"": ""MD-2_M-8_MI-14_O-4-9_R-104"", ""ChannelId"": ""CH-2"", ""Links"": ""GA-702""}"
P-07BC-0_DI-88,45,ComObjectInstanceRef,,MD-2_M-8_MI-14_O-4-0_R-6,GA-701,,CH-2,,,"{""RefId"": ""MD-2_M-8_MI-14_O-4-0_R-6"", ""ChannelId"": ""CH-2"", ""Links"": ""GA-701""}"
P-07BC-0_DI-88,45,ComObjectInstanceRef,,MD-2_M-8_MI-15_O-4-1_R-30,GA-1068,,CH-2,,,"{""RefId"": ""MD-2_M-8_MI-15_O-4-1_R-30"", ""ChannelId"": ""CH-2"", ""Links"": ""GA-1068""}"
P-07BC-0_DI-88,45,ComObjectInstanceRef,,MD-2_M-8_MI-15_O-4-0_R-13,GA-1067,,CH-2,,,"{""RefId"": ""MD-2_M-8_MI-15_O-4-0_R-13"", ""ChannelId"": ""CH-2"", ""Links"": ""GA-1067""}"
P-07BC-0_DI-88,45,ComObjectInstanceRef,,MD-2_M-8_MI-15_O-4-10_R-114,GA-1069,,CH-2,,,"{""RefId"": ""MD-2_M-8_MI-15_O-4-10_R-114"", ""ChannelId"": ""CH-2"", ""Links"": ""GA-1069""}"
P-07BC-0_DI-88,45,ComObjectInstanceRef,,MD-2_M-8_MI-2_O-4-4_R-48,GA-1131,,CH-2,,,"{""RefId"": ""MD-2_M-8_MI-2_O-4-4_R-48"", ""ChannelId"": ""CH-2"", ""Links"": ""GA-1131""}"
P-07BC-0_DI-88,45,ComObjectInstanceRef,,MD-2_M-8_MI-2_O-4-10_R-115,GA-1132,,CH-2,,,"{""RefId"": ""MD-2_M-8_MI-2_O-4-10_R-115"", ""ChannelId"": ""CH-2"", ""Links"": ""GA-1132""}"
P-07BC-0_DI-88,45,ComObjectInstanceRef,,MD-2_M-8_MI-3_O-4-11_R-133,GA-1134,,CH-2,,,"{""RefId"": ""MD-2_M-8_MI-3_O-4-11_R-133"", ""ChannelId"": ""CH-2"", ""Links"": ""GA-1134""}"
P-07BC-0_DI-88,45,ComObjectInstanceRef,,MD-2_M-8_MI-3_O-4-8_R-99,GA-1133,,CH-2,,,"{""RefId"": ""MD-2_M-8_MI-3_O-4-8_R-99"", ""ChannelId"": ""CH-2"", ""Links"": ""GA-1133""}"
P-07BC-0_DI-88,45,ComObjectInstanceRef,,MD-2_M-8_MI-4_O-4-11_R-129,GA-1135,,CH-2,,,"{""RefId"": ""MD-2_M-8_MI-4_O-4-11_R-129"", ""ChannelId"": ""CH-2"", ""Links"": ""GA-1135""}"
P-07BC-0_DI-88,45,ComObjectInstanceRef,,MD-2_M-8_MI-5_O-4-4_R-23,GA-826,,CH-2,,,"{""RefId"": ""MD-2_M-8_MI-5_O-4-4_R-23"", ""ChannelId"": ""CH-2"", ""Links"": ""GA-826""}"
P-07BC-0_DI-88,45,ComObjectInstanceRef,,MD-2_M-8_MI-5_O-4-2_R-39,GA-827,,CH-2,,,"{""RefId"": ""MD-2_M-8_MI-5_O-4-2_R-39"", ""ChannelId"": ""CH-2"", ""Links"": ""GA-827""}"
P-07BC-0_DI-88,45,ComObjectInstanceRef,,MD-2_M-8_MI-5_O-4-10_R-113,GA-825,,CH-2,,,"{""RefId"": ""MD-2_M-8_MI-5_O-4-10_R-113"", ""ChannelId"": ""CH-2"", ""Links"": ""GA-825""}"
P-07BC-0_DI-88,45,ComObjectInstanceRef,,MD-2_M-8_MI-5_O-4-0_R-12,GA-824,,CH-2,,,"{""RefId"": ""MD-2_M-8_MI-5_O-4-0_R-12"", ""ChannelId"": ""CH-2"", ""Links"": ""GA-824""}"
P-07BC-0_DI-88,45,ComObjectInstanceRef,,MD-2_M-8_MI-6_O-4-10_R-113,GA-829,,CH-2,,,"{""RefId"": ""MD-2_M-8_MI-6_O-4-10_R-113"", ""ChannelId"": ""CH-2"", ""Links"": ""GA-829""}"
P-07BC-0_DI-88,45,ComObjectInstanceRef,,MD-2_M-8_MI-6_O-4-2_R-39,GA-831,,CH-2,,,"{""RefId"": ""MD-2_M-8_MI-6_O-4-2_R-39"", ""ChannelId"": ""CH-2"", ""Links"": ""GA-831""}"
P-07BC-0_DI-88,45,ComObjectInstanceRef,,MD-2_M-8_MI-6_O-4-4_R-23,GA-830,,CH-2,,,"{""RefId"": ""MD-2_M-8_MI-6_O-4-4_R-23"", ""ChannelId"": ""CH-2"", ""Links"": ""GA-830""}"
P-07BC-0_DI-88,45,ComObjectInstanceRef,,MD-2_M-8_MI-6_O-4-0_R-12,GA-828,,CH-2,,,"{""RefId"": ""MD-2_M-8_MI-6_O-4-0_R-12"", ""ChannelId"": ""CH-2"", ""Links"": ""GA-828""}"
P-07BC-0_DI-88,45,ComObjectInstanceRef,,MD-2_M-8_MI-7_O-4-4_R-23,GA-834,,CH-2,,,"{""RefId"": ""MD-2_M-8_MI-7_O-4-4_R-23"", ""ChannelId"": ""CH-2"", ""Links"": ""GA-834""}"
P-07BC-0_DI-88,45,ComObjectInstanceRef,,MD-2_M-8_MI-7_O-4-2_R-39,GA-835,,CH-2,,,"{""RefId"": ""MD-2_M-8_MI-7_O-4-2_R-39"", ""ChannelId"": ""CH-2"", ""Links"": ""GA-835""}"
P-07BC-0_DI-88,45,ComObjectInstanceRef,,MD-2_M-8_MI-7_O-4-10_R-113,GA-833,,CH-2,,,"{""RefId"": ""MD-2_M-8_MI-7_O-4-10_R-113"", ""ChannelId"": ""CH-2"", ""Links"": ""GA-833""}"
P-07BC-0_DI-88,45,ComObjectInstanceRef,,MD-2_M-8_MI-7_O-4-0_R-12,GA-832,,CH-2,,,"{""RefId"": ""MD-2_M-8_MI-7_O-4-0_R-12"", ""ChannelId"": ""CH-2"", ""Links"": ""GA-832""}"
P-07BC-0_DI-88,45,ComObjectInstanceRef,,MD-2_M-8_MI-8_O-4-4_R-23,GA-838,,CH-2,,,"{""RefId"": ""MD-2_M-8_MI-8_O-4-4_R-23"", ""ChannelId"": ""CH-2"", ""Links"": ""GA-838""}"
P-07BC-0_DI-88,45,ComObjectInstanceRef,,MD-2_M-8_MI-8_O-4-2_R-39,GA-839,,CH-2,,,"{""RefId"": ""MD-2_M-8_MI-8_O-4-2_R-39"", ""ChannelId"": ""CH-2"", ""Links"": ""GA-839""}"
P-07BC-0_DI-88,45,ComObjectInstanceRef,,MD-2_M-8_MI-8_O-4-10_R-113,GA-837,,CH-2,,,"{""RefId"": ""MD-2_M-8_MI-8_O-4-10_R-113"", ""ChannelId"": ""CH-2"", ""Links"": ""GA-837""}"
P-07BC-0_DI-88,45,ComObjectInstanceRef,,MD-2_M-8_MI-8_O-4-0_R-12,GA-836,,CH-2,,,"{""RefId"": ""MD-2_M-8_MI-8_O-4-0_R-12"", ""ChannelId"": ""CH-2"", ""Links"": ""GA-836""}"
P-07BC-0_DI-88,45,ComObjectInstanceRef,,MD-2_M-8_MI-9_O-4-4_R-23,GA-842,,CH-2,,,"{""RefId"": ""MD-2_M-8_MI-9_O-4-4_R-23"", ""ChannelId"": ""CH-2"", ""Links"": ""GA-842""}"
P-07BC-0_DI-88,45,ComObjectInstanceRef,,MD-2_M-8_MI-9_O-4-2_R-39,GA-843,,CH-2,,,"{""RefId"": ""MD-2_M-8_MI-9_O-4-2_R-39"", ""ChannelId"": ""CH-2"", ""Links"": ""GA-843""}"
P-07BC-0_DI-88,45,ComObjectInstanceRef,,MD-2_M-8_MI-9_O-4-10_R-113,GA-841,,CH-2,,,"{""RefId"": ""MD-2_M-8_MI-9_O-4-10_R-113"", ""ChannelId"": ""CH-2"", ""Links"": ""GA-841""}"
P-07BC-0_DI-88,45,ComObjectInstanceRef,,MD-2_M-8_MI-9_O-4-0_R-12,GA-840,,CH-2,,,"{""RefId"": ""MD-2_M-8_MI-9_O-4-0_R-12"", ""ChannelId"": ""CH-2"", ""Links"": ""GA-840""}"
P-07BC-0_DI-89,46,ComObjectInstanceRef,,O-1017_R-660,GA-1155,,CH-1,,,"{""RefId"": ""O-1017_R-660"", ""ChannelId"": ""CH-1"", ""Links"": ""GA-1155""}"
P-07BC-0_DI-89,46,ComObjectInstanceRef,,O-1171_R-6411,GA-1147,,CH-10,,,"{""RefId"": ""O-1171_R-6411"", ""ChannelId"": ""CH-10"", ""Links"": ""GA-1147""}"
P-07BC-0_DI-89,46,ComObjectInstanceRef,,O-1178_R-6422,GA-1148,,CH-10,,,"{""RefId"": ""O-1178_R-6422"", ""ChannelId"": ""CH-10"", ""Links"": ""GA-1148""}"
P-07BC-0_DI-89,46,ComObjectInstanceRef,,O-1168_R-6408,GA-1155,,CH-10,,,"{""RefId"": ""O-1168_R-6408"", ""ChannelId"": ""CH-10"", ""Links"": ""GA-1155""}"
P-07BC-0_DI-89,46,ComObjectInstanceRef,,O-1182_R-6427,GA-1154,,CH-10,,,"{""RefId"": ""O-1182_R-6427"", ""ChannelId"": ""CH-10"", ""Links"": ""GA-1154""}"
P-07BC-0_DI-89,46,ComObjectInstanceRef,,O-1179_R-6424,GA-1153,,CH-10,,,"{""RefId"": ""O-1179_R-6424"", ""ChannelId"": ""CH-10"", ""Links"": ""GA-1153""}"
P-07BC-0_DI-89,46,ComObjectInstanceRef,,MD-2_M-8_MI-1_O-4-10_R-118,GA-1148,,CH-2,,,"{""RefId"": ""MD-2_M-8_MI-1_O-4-10_R-118"", ""ChannelId"": ""CH-2"", ""Links"": ""GA-1148""}"
P-07BC-0_DI-89,46,ComObjectInstanceRef,,MD-2_M-8_MI-1_O-4-4_R-45,GA-1147,,CH-2,,,"{""RefId"": ""MD-2_M-8_MI-1_O-4-4_R-45"", ""ChannelId"": ""CH-2"", ""Links"": ""GA-1147""}"
P-07BC-0_DI-89,46,ComObjectInstanceRef,,MD-2_M-8_MI-10_O-4-2_R-39,GA-891,,CH-2,,,"{""RefId"": ""MD-2_M-8_MI-10_O-4-2_R-39"", ""ChannelId"": ""CH-2"", ""Links"": ""GA-891""}"
P-07BC-0_DI-89,46,ComObjectInstanceRef,,MD-2_M-8_MI-10_O-4-4_R-23,GA-890,,CH-2,,,"{""RefId"": ""MD-2_M-8_MI-10_O-4-4_R-23"", ""ChannelId"": ""CH-2"", ""Links"": ""GA-890""}"
P-07BC-0_DI-89,46,ComObjectInstanceRef,,MD-2_M-8_MI-10_O-4-10_R-113,GA-889,,CH-2,,,"{""RefId"": ""MD-2_M-8_MI-10_O-4-10_R-113"", ""ChannelId"": ""CH-2"", ""Links"": ""GA-889""}"
P-07BC-0_DI-89,46,ComObjectInstanceRef,,MD-2_M-8_MI-10_O-4-0_R-12,GA-888,,CH-2,,,"{""RefId"": ""MD-2_M-8_MI-10_O-4-0_R-12"", ""ChannelId"": ""CH-2"", ""Links"": ""GA-888""}"
P-07BC-0_DI-89,46,ComObjectInstanceRef,,MD-2_M-8_MI-11_O-4-10_R-114,GA-1078,,CH-2,,,"{""RefId"": ""MD-2_M-8_MI-11_O-4-10_R-114"", ""ChannelId"": ""CH-2"", ""Links"": ""GA-1078""}"
P-07BC-0_DI-89,46,ComObjectInstanceRef,,MD-2_M-8_MI-11_O-4-0_R-13,GA-1076,,CH-2,,,"{""RefId"": ""MD-2_M-8_MI-11_O-4-0_R-13"", ""ChannelId"": ""CH-2"", ""Links"": ""GA-1076""}"
P-07BC-0_DI-89,46,ComObjectInstanceRef,,MD-2_M-8_MI-11_O-4-1_R-30,GA-1077,,CH-2,,,"{""RefId"": ""MD-2_M-8_MI-11_O-4-1_R-30"", ""ChannelId"": ""CH-2"", ""Links"": ""GA-1077""}"
P-07BC-0_DI-89,46,ComObjectInstanceRef,,MD-2_M-8_MI-2_O-4-4_R-48,GA-1151,,CH-2,,,"{""RefId"": ""MD-2_M-8_MI-2_O-4-4_R-48"", ""ChannelId"": ""CH-2"", ""Links"": ""GA-1151""}"
P-07BC-0_DI-89,46,ComObjectInstanceRef,,MD-2_M-8_MI-2_O-4-10_R-115,GA-1152,,CH-2,,,"{""RefId"": ""MD-2_M-8_MI-2_O-4-10_R-115"", ""ChannelId"": ""CH-2"", ""Links"": ""GA-1152""}"
P-07BC-0_DI-89,46,ComObjectInstanceRef,,MD-2_M-8_MI-3_O-4-11_R-133,GA-1154,,CH-2,,,"{""RefId"": ""MD-2_M-8_MI-3_O-4-11_R-133"", ""ChannelId"": ""CH-2"", ""Links"": ""GA-1154""}"
P-07BC-0_DI-89,46,ComObjectInstanceRef,,MD-2_M-8_MI-3_O-4-8_R-99,GA-1153,,CH-2,,,"{""RefId"": ""MD-2_M-8_MI-3_O-4-8_R-99"", ""ChannelId"": ""CH-2"", ""Links"": ""GA-1153""}"
P-07BC-0_DI-89,46,ComObjectInstanceRef,,MD-2_M-8_MI-4_O-4-11_R-129,GA-1155,,CH-2,,,"{""RefId"": ""MD-2_M-8_MI-4_O-4-11_R-129"", ""ChannelId"": ""CH-2"", ""Links"": ""GA-1155""}"
P-07BC-0_DI-89,46,ComObjectInstanceRef,,MD-2_M-8_MI-5_O-4-4_R-23,GA-870,,CH-2,,,"{""RefId"": ""MD-2_M-8_MI-5_O-4-4_R-23"", ""ChannelId"": ""CH-2"", ""Links"": ""GA-870""}"
P-07BC-0_DI-89,46,ComObjectInstanceRef,,MD-2_M-8_MI-5_O-4-2_R-39,GA-871,,CH-2,,,"{""RefId"": ""MD-2_M-8_MI-5_O-4-2_R-39"", ""ChannelId"": ""CH-2"", ""Links"": ""GA-871""}"
P-07BC-0_DI-89,46,ComObjectInstanceRef,,MD-2_M-8_MI-5_O-4-10_R-113,GA-869,,CH-2,,,"{""RefId"": ""MD-2_M-8_MI-5_O-4-10_R-113"", ""ChannelId"": ""CH-2"", ""Links"": ""GA-869""}"
P-07BC-0_DI-89,46,ComObjectInstanceRef,,MD-2_M-8_MI-5_O-4-0_R-12,GA-868,,CH-2,,,"{""RefId"": ""MD-2_M-8_MI-5_O-4-0_R-12"", ""ChannelId"": ""CH-2"", ""Links"": ""GA-868""}"
P-07BC-0_DI-89,46,ComObjectInstanceRef,,MD-2_M-8_MI-6_O-4-10_R-113,GA-873,,CH-2,,,"{""RefId"": ""MD-2_M-8_MI-6_O-4-10_R-113"", ""ChannelId"": ""CH-2"", ""Links"": ""GA-873""}"
P-07BC-0_DI-89,46,ComObjectInstanceRef,,MD-2_M-8_MI-6_O-4-2_R-39,GA-875,,CH-2,,,"{""RefId"": ""MD-2_M-8_MI-6_O-4-2_R-39"", ""ChannelId"": ""CH-2"", ""Links"": ""GA-875""}"
P-07BC-0_DI-89,46,ComObjectInstanceRef,,MD-2_M-8_MI-6_O-4-4_R-23,GA-874,,CH-2,,,"{""RefId"": ""MD-2_M-8_MI-6_O-4-4_R-23"", ""ChannelId"": ""CH-2"", ""Links"": ""GA-874""}"
P-07BC-0_DI-89,46,ComObjectInstanceRef,,MD-2_M-8_MI-6_O-4-0_R-12,GA-872,,CH-2,,,"{""RefId"": ""MD-2_M-8_MI-6_O-4-0_R-12"", ""ChannelId"": ""CH-2"", ""Links"": ""GA-872""}"
P-07BC-0_DI-89,46,ComObjectInstanceRef,,MD-2_M-8_MI-7_O-4-4_R-23,GA-878,,CH-2,,,"{""RefId"": ""MD-2_M-8_MI-7_O-4-4_R-23"", ""ChannelId"": ""CH-2"", ""Links"": ""GA-878""}"
P-07BC-0_DI-89,46,ComObjectInstanceRef,,MD-2_M-8_MI-7_O-4-2_R-39,GA-879,,CH-2,,,"{""RefId"": ""MD-2_M-8_MI-7_O-4-2_R-39"", ""ChannelId"": ""CH-2"", ""Links"": ""GA-879""}"
P-07BC-0_DI-89,46,ComObjectInstanceRef,,MD-2_M-8_MI-7_O-4-10_R-113,GA-877,,CH-2,,,"{""RefId"": ""MD-2_M-8_MI-7_O-4-10_R-113"", ""ChannelId"": ""CH-2"", ""Links"": ""GA-877""}"
P-07BC-0_DI-89,46,ComObjectInstanceRef,,MD-2_M-8_MI-7_O-4-0_R-12,GA-876,,CH-2,,,"{""RefId"": ""MD-2_M-8_MI-7_O-4-0_R-12"", ""ChannelId"": ""CH-2"", ""Links"": ""GA-876""}"
P-07BC-0_DI-89,46,ComObjectInstanceRef,,MD-2_M-8_MI-8_O-4-4_R-23,GA-882,,CH-2,,,"{""RefId"": ""MD-2_M-8_MI-8_O-4-4_R-23"", ""ChannelId"": ""CH-2"", ""Links"": ""GA-882""}"
P-07BC-0_DI-89,46,ComObjectInstanceRef,,MD-2_M-8_MI-8_O-4-2_R-39,GA-883,,CH-2,,,"{""RefId"": ""MD-2_M-8_MI-8_O-4-2_R-39"", ""ChannelId"": ""CH-2"", ""Links"": ""GA-883""}"
P-07BC-0_DI-89,46,ComObjectInstanceRef,,MD-2_M-8_MI-8_O-4-10_R-113,GA-881,,CH-2,,,"{""RefId"": ""MD-2_M-8_MI-8_O-4-10_R-113"", ""ChannelId"": ""CH-2"", ""Links"": ""GA-881""}"
P-07BC-0_DI-89,46,ComObjectInstanceRef,,MD-2_M-8_MI-8_O-4-0_R-12,GA-880,,CH-2,,,"{""RefId"": ""MD-2_M-8_MI-8_O-4-0_R-12"", ""ChannelId"": ""CH-2"", ""Links"": ""GA-880""}"
P-07BC-0_DI-89,46,ComObjectInstanceRef,,MD-2_M-8_MI-9_O-4-4_R-23,GA-886,,CH-2,,,"{""RefId"": ""MD-2_M-8_MI-9_O-4-4_R-23"", ""ChannelId"": ""CH-2"", ""Links"": ""GA-886""}"
P-07BC-0_DI-89,46,ComObjectInstanceRef,,MD-2_M-8_MI-9_O-4-2_R-39,GA-887,,CH-2,,,"{""RefId"": ""MD-2_M-8_MI-9_O-4-2_R-39"", ""ChannelId"": ""CH-2"", ""Links"": ""GA-887""}"
P-07BC-0_DI-89,46,ComObjectInstanceRef,,MD-2_M-8_MI-9_O-4-10_R-113,GA-885,,CH-2,,,"{""RefId"": ""MD-2_M-8_MI-9_O-4-10_R-113"", ""ChannelId"": ""CH-2"", ""Links"": ""GA-885""}"
P-07BC-0_DI-89,46,ComObjectInstanceRef,,MD-2_M-8_MI-9_O-4-0_R-12,GA-884,,CH-2,,,"{""RefId"": ""MD-2_M-8_MI-9_O-4-0_R-12"", ""ChannelId"": ""CH-2"", ""Links"": ""GA-884""}"
P-07BC-0_DI-90,47,ComObjectInstanceRef,,O-1017_R-660,GA-1165,,CH-1,,,"{""RefId"": ""O-1017_R-660"", ""ChannelId"": ""CH-1"", ""Links"": ""GA-1165""}"
P-07BC-0_DI-90,47,ComObjectInstanceRef,,O-1171_R-6411,GA-1157,,CH-10,,,"{""RefId"": ""O-1171_R-6411"", ""ChannelId"": ""CH-10"", ""Links"": ""GA-1157""}"
P-07BC-0_DI-90,47,ComObjectInstanceRef,,O-1178_R-6422,GA-1158,,CH-10,,,"{""RefId"": ""O-1178_R-6422"", ""ChannelId"": ""CH-10"", ""Links"": ""GA-1158""}"
P-07BC-0_DI-90,47,ComObjectInstanceRef,,O-1168_R-6408,GA-1165,,CH-10,,,"{""RefId"": ""O-1168_R-6408"", ""ChannelId"": ""CH-10"", ""Links"": ""GA-1165""}"
P-07BC-0_DI-90,47,ComObjectInstanceRef,,O-1182_R-6427,GA-1164,,CH-10,,,"{""RefId"": ""O-1182_R-6427"", ""ChannelId"": ""CH-10"", ""Links"": ""GA-1164""}"
P-07BC-0_DI-90,47,ComObjectInstanceRef,,O-1179_R-6424,GA-1163,,CH-10,,,"{""RefId"": ""O-1179_R-6424"", ""ChannelId"": ""CH-10"", ""Links"": ""GA-1163""}"
P-07BC-0_DI-90,47,ComObjectInstanceRef,,MD-2_M-8_MI-1_O-4-10_R-118,GA-1158,,CH-2,,,"{""RefId"": ""MD-2_M-8_MI-1_O-4-10_R-118"", ""ChannelId"": ""CH-2"", ""Links"": ""GA-1158""}"
P-07BC-0_DI-90,47,ComObjectInstanceRef,,MD-2_M-8_MI-1_O-4-4_R-45,GA-1157,,CH-2,,,"{""RefId"": ""MD-2_M-8_MI-1_O-4-4_R-45"", ""ChannelId"": ""CH-2"", ""Links"": ""GA-1157""}"
P-07BC-0_DI-90,47,ComObjectInstanceRef,,MD-2_M-8_MI-10_O-4-4_R-23,GA-914,,CH-2,,,"{""RefId"": ""MD-2_M-8_MI-10_O-4-4_R-23"", ""ChannelId"": ""CH-2"", ""Links"": ""GA-914""}"
P-07BC-0_DI-90,47,ComObjectInstanceRef,,MD-2_M-8_MI-10_O-4-2_R-39,GA-915,,CH-2,,,"{""RefId"": ""MD-2_M-8_MI-10_O-4-2_R-39"", ""ChannelId"": ""CH-2"", ""Links"": ""GA-915""}"
P-07BC-0_DI-90,47,ComObjectInstanceRef,,MD-2_M-8_MI-10_O-4-10_R-113,GA-913,,CH-2,,,"{""RefId"": ""MD-2_M-8_MI-10_O-4-10_R-113"", ""ChannelId"": ""CH-2"", ""Links"": ""GA-913""}"
P-07BC-0_DI-90,47,ComObjectInstanceRef,,MD-2_M-8_MI-10_O-4-0_R-12,GA-912,,CH-2,,,"{""RefId"": ""MD-2_M-8_MI-10_O-4-0_R-12"", ""ChannelId"": ""CH-2"", ""Links"": ""GA-912""}"
P-07BC-0_DI-90,47,ComObjectInstanceRef,,MD-2_M-8_MI-11_O-4-10_R-114,GA-1081,,CH-2,,,"{""RefId"": ""MD-2_M-8_MI-11_O-4-10_R-114"", ""ChannelId"": ""CH-2"", ""Links"": ""GA-1081""}"
P-07BC-0_DI-90,47,ComObjectInstanceRef,,MD-2_M-8_MI-11_O-4-0_R-13,GA-1079,,CH-2,,,"{""RefId"": ""MD-2_M-8_MI-11_O-4-0_R-13"", ""ChannelId"": ""CH-2"", ""Links"": ""GA-1079""}"
P-07BC-0_DI-90,47,ComObjectInstanceRef,,MD-2_M-8_MI-11_O-4-1_R-30,GA-1080,,CH-2,,,"{""RefId"": ""MD-2_M-8_MI-11_O-4-1_R-30"", ""ChannelId"": ""CH-2"", ""Links"": ""GA-1080""}"
P-07BC-0_DI-90,47,ComObjectInstanceRef,,MD-2_M-8_MI-2_O-4-4_R-48,GA-1161,,CH-2,,,"{""RefId"": ""MD-2_M-8_MI-2_O-4-4_R-48"", ""ChannelId"": ""CH-2"", ""Links"": ""GA-1161""}"
P-07BC-0_DI-90,47,ComObjectInstanceRef,,MD-2_M-8_MI-2_O-4-10_R-115,GA-1162,,CH-2,,,"{""RefId"": ""MD-2_M-8_MI-2_O-4-10_R-115"", ""ChannelId"": ""CH-2"", ""Links"": ""GA-1162""}"
P-07BC-0_DI-90,47,ComObjectInstanceRef,,MD-2_M-8_MI-3_O-4-11_R-133,GA-1164,,CH-2,,,"{""RefId"": ""MD-2_M-8_MI-3_O-4-11_R-133"", ""ChannelId"": ""CH-2"", ""Links"": ""GA-1164""}"
P-07BC-0_DI-90,47,ComObjectInstanceRef,,MD-2_M-8_MI-3_O-4-8_R-99,GA-1163,,CH-2,,,"{""RefId"": ""MD-2_M-8_MI-3_O-4-8_R-99"", ""ChannelId"": ""CH-2"", ""Links"": ""GA-1163""}"
P-07BC-0_DI-90,47,ComObjectInstanceRef,,MD-2_M-8_MI-4_O-4-11_R-129,GA-1165,,CH-2,,,"{""RefId"": ""MD-2_M-8_MI-4_O-4-11_R-129"", ""ChannelId"": ""CH-2"", ""Links"": ""GA-1165""}"
P-07BC-0_DI-90,47,ComObjectInstanceRef,,MD-2_M-8_MI-5_O-4-4_R-23,GA-894,,CH-2,,,"{""RefId"": ""MD-2_M-8_MI-5_O-4-4_R-23"", ""ChannelId"": ""CH-2"", ""Links"": ""GA-894""}"
P-07BC-0_DI-90,47,ComObjectInstanceRef,,MD-2_M-8_MI-5_O-4-2_R-39,GA-895,,CH-2,,,"{""RefId"": ""MD-2_M-8_MI-5_O-4-2_R-39"", ""ChannelId"": ""CH-2"", ""Links"": ""GA-895""}"
P-07BC-0_DI-90,47,ComObjectInstanceRef,,MD-2_M-8_MI-5_O-4-10_R-113,GA-893,,CH-2,,,"{""RefId"": ""MD-2_M-8_MI-5_O-4-10_R-113"", ""ChannelId"": ""CH-2"", ""Links"": ""GA-893""}"
P-07BC-0_DI-90,47,ComObjectInstanceRef,,MD-2_M-8_MI-5_O-4-0_R-12,GA-892,,CH-2,,,"{""RefId"": ""MD-2_M-8_MI-5_O-4-0_R-12"", ""ChannelId"": ""CH-2"", ""Links"": ""GA-892""}"
P-07BC-0_DI-90,47,ComObjectInstanceRef,,MD-2_M-8_MI-6_O-4-10_R-113,GA-897,,CH-2,,,"{""RefId"": ""MD-2_M-8_MI-6_O-4-10_R-113"", ""ChannelId"": ""CH-2"", ""Links"": ""GA-897""}"
P-07BC-0_DI-90,47,ComObjectInstanceRef,,MD-2_M-8_MI-6_O-4-2_R-39,GA-899,,CH-2,,,"{""RefId"": ""MD-2_M-8_MI-6_O-4-2_R-39"", ""ChannelId"": ""CH-2"", ""Links"": ""GA-899""}"
P-07BC-0_DI-90,47,ComObjectInstanceRef,,MD-2_M-8_MI-6_O-4-4_R-23,GA-898,,CH-2,,,"{""RefId"": ""MD-2_M-8_MI-6_O-4-4_R-23"", ""ChannelId"": ""CH-2"", ""Links"": ""GA-898""}"
P-07BC-0_DI-90,47,ComObjectInstanceRef,,MD-2_M-8_MI-6_O-4-0_R-12,GA-896,,CH-2,,,"{""RefId"": ""MD-2_M-8_MI-6_O-4-0_R-12"", ""ChannelId"": ""CH-2"", ""Links"": ""GA-896""}"
P-07BC-0_DI-90,47,ComObjectInstanceRef,,MD-2_M-8_MI-7_O-4-4_R-23,GA-902,,CH-2,,,"{""RefId"": ""MD-2_M-8_MI-7_O-4-4_R-23"", ""ChannelId"": ""CH-2"", ""Links"": ""GA-902""}"
P-07BC-0_DI-90,47,ComObjectInstanceRef,,MD-2_M-8_MI-7_O-4-2_R-39,GA-903,,CH-2,,,"{""RefId"": ""MD-2_M-8_MI-7_O-4-2_R-39"", ""ChannelId"": ""CH-2"", ""Links"": ""GA-903""}"
P-07BC-0_DI-90,47,ComObjectInstanceRef,,MD-2_M-8_MI-7_O-4-10_R-113,GA-901,,CH-2,,,"{""RefId"": ""MD-2_M-8_MI-7_O-4-10_R-113"", ""ChannelId"": ""CH-2"", ""Links"": ""GA-901""}"
P-07BC-0_DI-90,47,ComObjectInstanceRef,,MD-2_M-8_MI-7_O-4-0_R-12,GA-900,,CH-2,,,"{""RefId"": ""MD-2_M-8_MI-7_O-4-0_R-12"", ""ChannelId"": ""CH-2"", ""Links"": ""GA-900""}"
P-07BC-0_DI-90,47,ComObjectInstanceRef,,MD-2_M-8_MI-8_O-4-4_R-23,GA-906,,CH-2,,,"{""RefId"": ""MD-2_M-8_MI-8_O-4-4_R-23"", ""ChannelId"": ""CH-2"", ""Links"": ""GA-906""}"
P-07BC-0_DI-90,47,ComObjectInstanceRef,,MD-2_M-8_MI-8_O-4-2_R-39,GA-907,,CH-2,,,"{""RefId"": ""MD-2_M-8_MI-8_O-4-2_R-39"", ""ChannelId"": ""CH-2"", ""Links"": ""GA-907""}"
P-07BC-0_DI-90,47,ComObjectInstanceRef,,MD-2_M-8_MI-8_O-4-10_R-113,GA-905,,CH-2,,,"{""RefId"": ""MD-2_M-8_MI-8_O-4-10_R-113"", ""ChannelId"": ""CH-2"", ""Links"": ""GA-905""}"
P-07BC-0_DI-90,47,ComObjectInstanceRef,,MD-2_M-8_MI-8_O-4-0_R-12,GA-904,,CH-2,,,"{""RefId"": ""MD-2_M-8_MI-8_O-4-0_R-12"", ""ChannelId"": ""CH-2"", ""Links"": ""GA-904""}"
P-07BC-0_DI-90,47,ComObjectInstanceRef,,MD-2_M-8_MI-9_O-4-4_R-23,GA-910,,CH-2,,,"{""RefId"": ""MD-2_M-8_MI-9_O-4-4_R-23"", ""ChannelId"": ""CH-2"", ""Links"": ""GA-910""}"
P-07BC-0_DI-90,47,ComObjectInstanceRef,,MD-2_M-8_MI-9_O-4-2_R-39,GA-911,,CH-2,,,"{""RefId"": ""MD-2_M-8_MI-9_O-4-2_R-39"", ""ChannelId"": ""CH-2"", ""Links"": ""GA-911""}"
P-07BC-0_DI-90,47,ComObjectInstanceRef,,MD-2_M-8_MI-9_O-4-10_R-113,GA-909,,CH-2,,,"{""RefId"": ""MD-2_M-8_MI-9_O-4-10_R-113"", ""ChannelId"": ""CH-2"", ""Links"": ""GA-909""}"
P-07BC-0_DI-90,47,ComObjectInstanceRef,,MD-2_M-8_MI-9_O-4-0_R-12,GA-908,,CH-2,,,"{""RefId"": ""MD-2_M-8_MI-9_O-4-0_R-12"", ""ChannelId"": ""CH-2"", ""Links"": ""GA-908""}"
P-07BC-0_DI-91,48,ComObjectInstanceRef,,O-1017_R-660,GA-1175,,CH-1,,,"{""RefId"": ""O-1017_R-660"", ""ChannelId"": ""CH-1"", ""Links"": ""GA-1175""}"
P-07BC-0_DI-91,48,ComObjectInstanceRef,,O-1171_R-6411,GA-1177,,CH-10,,,"{""RefId"": ""O-1171_R-6411"", ""ChannelId"": ""CH-10"", ""Links"": ""GA-1177""}"
P-07BC-0_DI-91,48,ComObjectInstanceRef,,O-1178_R-6422,GA-1178,,CH-10,,,"{""RefId"": ""O-1178_R-6422"", ""ChannelId"": ""CH-10"", ""Links"": ""GA-1178""}"
P-07BC-0_DI-91,48,ComObjectInstanceRef,,O-1168_R-6408,GA-1175,,CH-10,,,"{""RefId"": ""O-1168_R-6408"", ""ChannelId"": ""CH-10"", ""Links"": ""GA-1175""}"
P-07BC-0_DI-91,48,ComObjectInstanceRef,,O-1182_R-6427,GA-1184,,CH-10,,,"{""RefId"": ""O-1182_R-6427"", ""ChannelId"": ""CH-10"", ""Links"": ""GA-1184""}"
P-07BC-0_DI-91,48,ComObjectInstanceRef,,O-1179_R-6424,GA-1183,,CH-10,,,"{""RefId"": ""O-1179_R-6424"", ""ChannelId"": ""CH-10"", ""Links"": ""GA-1183""}"
P-07BC-0_DI-91,48,ComObjectInstanceRef,,MD-2_M-8_MI-1_O-4-10_R-118,GA-1178,,CH-2,,,"{""RefId"": ""MD-2_M-8_MI-1_O-4-10_R-118"", ""ChannelId"": ""CH-2"", ""Links"": ""GA-1178""}"
P-07BC-0_DI-91,48,ComObjectInstanceRef,,MD-2_M-8_MI-1_O-4-4_R-45,GA-1177,,CH-2,,,"{""RefId"": ""MD-2_M-8_MI-1_O-4-4_R-45"", ""ChannelId"": ""CH-2"", ""Links"": ""GA-1177""}"
P-07BC-0_DI-91,48,ComObjectInstanceRef,,MD-2_M-8_MI-10_O-4-9_R-104,GA-712,,CH-2,,,"{""RefId"": ""MD-2_M-8_MI-10_O-4-9_R-104"", ""ChannelId"": ""CH-2"", ""Links"": ""GA-712""}"
P-07BC-0_DI-91,48,ComObjectInstanceRef,,MD-2_M-8_MI-10_O-4-0_R-6,GA-711,,CH-2,,,"{""RefId"": ""MD-2_M-8_MI-10_O-4-0_R-6"", ""ChannelId"": ""CH-2"", ""Links"": ""GA-711""}"
P-07BC-0_DI-91,48,ComObjectInstanceRef,,MD-2_M-8_MI-11_O-4-9_R-104,GA-714,,CH-2,,,"{""RefId"": ""MD-2_M-8_MI-11_O-4-9_R-104"", ""ChannelId"": ""CH-2"", ""Links"": ""GA-714""}"
P-07BC-0_DI-91,48,ComObjectInstanceRef,,MD-2_M-8_MI-11_O-4-0_R-6,GA-713,,CH-2,,,"{""RefId"": ""MD-2_M-8_MI-11_O-4-0_R-6"", ""ChannelId"": ""CH-2"", ""Links"": ""GA-713""}"
P-07BC-0_DI-91,48,ComObjectInstanceRef,,MD-2_M-8_MI-12_O-4-10_R-114,GA-1084,,CH-2,,,"{""RefId"": ""MD-2_M-8_MI-12_O-4-10_R-114"", ""ChannelId"": ""CH-2"", ""Links"": ""GA-1084""}"
P-07BC-0_DI-91,48,ComObjectInstanceRef,,MD-2_M-8_MI-12_O-4-0_R-13,GA-1082,,CH-2,,,"{""RefId"": ""MD-2_M-8_MI-12_O-4-0_R-13"", ""ChannelId"": ""CH-2"", ""Links"": ""GA-1082""}"
P-07BC-0_DI-91,48,ComObjectInstanceRef,,MD-2_M-8_MI-12_O-4-1_R-30,GA-1083,,CH-2,,,"{""RefId"": ""MD-2_M-8_MI-12_O-4-1_R-30"", ""ChannelId"": ""CH-2"", ""Links"": ""GA-1083""}"
P-07BC-0_DI-91,48,ComObjectInstanceRef,,MD-2_M-8_MI-2_O-4-4_R-48,GA-1181,,CH-2,,,"{""RefId"": ""MD-2_M-8_MI-2_O-4-4_R-48"", ""ChannelId"": ""CH-2"", ""Links"": ""GA-1181""}"
P-07BC-0_DI-91,48,ComObjectInstanceRef,,MD-2_M-8_MI-2_O-4-10_R-115,GA-1182,,CH-2,,,"{""RefId"": ""MD-2_M-8_MI-2_O-4-10_R-115"", ""ChannelId"": ""CH-2"", ""Links"": ""GA-1182""}"
P-07BC-0_DI-91,48,ComObjectInstanceRef,,MD-2_M-8_MI-3_O-4-11_R-133,GA-1184,,CH-2,,,"{""RefId"": ""MD-2_M-8_MI-3_O-4-11_R-133"", ""ChannelId"": ""CH-2"", ""Links"": ""GA-1184""}"
P-07BC-0_DI-91,48,ComObjectInstanceRef,,MD-2_M-8_MI-3_O-4-8_R-99,GA-1183,,CH-2,,,"{""RefId"": ""MD-2_M-8_MI-3_O-4-8_R-99"", ""ChannelId"": ""CH-2"", ""Links"": ""GA-1183""}"
P-07BC-0_DI-91,48,ComObjectInstanceRef,,MD-2_M-8_MI-4_O-4-11_R-129,GA-1185,,CH-2,,,"{""RefId"": ""MD-2_M-8_MI-4_O-4-11_R-129"", ""ChannelId"": ""CH-2"", ""Links"": ""GA-1185""}"
P-07BC-0_DI-91,48,ComObjectInstanceRef,,MD-2_M-8_MI-5_O-4-4_R-23,GA-918,,CH-2,,,"{""RefId"": ""MD-2_M-8_MI-5_O-4-4_R-23"", ""ChannelId"": ""CH-2"", ""Links"": ""GA-918""}"
P-07BC-0_DI-91,48,ComObjectInstanceRef,,MD-2_M-8_MI-5_O-4-2_R-39,GA-919,,CH-2,,,"{""RefId"": ""MD-2_M-8_MI-5_O-4-2_R-39"", ""ChannelId"": ""CH-2"", ""Links"": ""GA-919""}"
P-07BC-0_DI-91,48,ComObjectInstanceRef,,MD-2_M-8_MI-5_O-4-10_R-113,GA-917,,CH-2,,,"{""RefId"": ""MD-2_M-8_MI-5_O-4-10_R-113"", ""ChannelId"": ""CH-2"", ""Links"": ""GA-917""}"
P-07BC-0_DI-91,48,ComObjectInstanceRef,,MD-2_M-8_MI-5_O-4-0_R-12,GA-916,,CH-2,,,"{""RefId"": ""MD-2_M-8_MI-5_O-4-0_R-12"", ""ChannelId"": ""CH-2"", ""Links"": ""GA-916""}"
P-07BC-0_DI-91,48,ComObjectInstanceRef,,MD-2_M-8_MI-6_O-4-10_R-113,GA-921,,CH-2,,,"{""RefId"": ""MD-2_M-8_MI-6_O-4-10_R-113"", ""ChannelId"": ""CH-2"", ""Links"": ""GA-921""}"
P-07BC-0_DI-91,48,ComObjectInstanceRef,,MD-2_M-8_MI-6_O-4-2_R-39,GA-923,,CH-2,,,"{""RefId"": ""MD-2_M-8_MI-6_O-4-2_R-39"", ""ChannelId"": ""CH-2"", ""Links"": ""GA-923""}"
P-07BC-0_DI-91,48,ComObjectInstanceRef,,MD-2_M-8_MI-6_O-4-4_R-23,GA-922,,CH-2,,,"{""RefId"": ""MD-2_M-8_MI-6_O-4-4_R-23"", ""ChannelId"": ""CH-2"", ""Links"": ""GA-922""}"
P-07BC-0_DI-91,48,ComObjectInstanceRef,,MD-2_M-8_MI-6_O-4-0_R-12,GA-920,,CH-2,,,"{""RefId"": ""MD-2_M-8_MI-6_O-4-0_R-12"", ""ChannelId"": ""CH-2"", ""Links"": ""GA-920""}"
P-07BC-0_DI-91,48,ComObjectInstanceRef,,MD-2_M-8_MI-7_O-4-4_R-23,GA-926,,CH-2,,,"{""RefId"": ""MD-2_M-8_MI-7_O-4-4_R-23"", ""ChannelId"": ""CH-2"", ""Links"": ""GA-926""}"
P-07BC-0_DI-91,48,ComObjectInstanceRef,,MD-2_M-8_MI-7_O-4-2_R-39,GA-927,,CH-2,,,"{""RefId"": ""MD-2_M-8_MI-7_O-4-2_R-39"", ""ChannelId"": ""CH-2"", ""Links"": ""GA-927""}"
P-07BC-0_DI-91,48,ComObjectInstanceRef,,MD-2_M-8_MI-7_O-4-10_R-113,GA-925,,CH-2,,,"{""RefId"": ""MD-2_M-8_MI-7_O-4-10_R-113"", ""ChannelId"": ""CH-2"", ""Links"": ""GA-925""}"
P-07BC-0_DI-91,48,ComObjectInstanceRef,,MD-2_M-8_MI-7_O-4-0_R-12,GA-924,,CH-2,,,"{""RefId"": ""MD-2_M-8_MI-7_O-4-0_R-12"", ""ChannelId"": ""CH-2"", ""Links"": ""GA-924""}"
P-07BC-0_DI-91,48,ComObjectInstanceRef,,MD-2_M-8_MI-8_O-4-4_R-23,GA-930,,CH-2,,,"{""RefId"": ""MD-2_M-8_MI-8_O-4-4_R-23"", ""ChannelId"": ""CH-2"", ""Links"": ""GA-930""}"
P-07BC-0_DI-91,48,ComObjectInstanceRef,,MD-2_M-8_MI-8_O-4-2_R-39,GA-931,,CH-2,,,"{""RefId"": ""MD-2_M-8_MI-8_O-4-2_R-39"", ""ChannelId"": ""CH-2"", ""Links"": ""GA-931""}"
P-07BC-0_DI-91,48,ComObjectInstanceRef,,MD-2_M-8_MI-8_O-4-10_R-113,GA-929,,CH-2,,,"{""RefId"": ""MD-2_M-8_MI-8_O-4-10_R-113"", ""ChannelId"": ""CH-2"", ""Links"": ""GA-929""}"
P-07BC-0_DI-91,48,ComObjectInstanceRef,,MD-2_M-8_MI-8_O-4-0_R-12,GA-928,,CH-2,,,"{""RefId"": ""MD-2_M-8_MI-8_O-4-0_R-12"", ""ChannelId"": ""CH-2"", ""Links"": ""GA-928""}"
P-07BC-0_DI-91,48,ComObjectInstanceRef,,MD-2_M-8_MI-9_O-4-0_R-6,GA-709,,CH-2,,,"{""RefId"": ""MD-2_M-8_MI-9_O-4-0_R-6"", ""ChannelId"": ""CH-2"", ""Links"": ""GA-709""}"
P-07BC-0_DI-91,48,ComObjectInstanceRef,,MD-2_M-8_MI-9_O-4-9_R-104,GA-710,,CH-2,,,"{""RefId"": ""MD-2_M-8_MI-9_O-4-9_R-104"", ""ChannelId"": ""CH-2"", ""Links"": ""GA-710""}"
P-07BC-0_DI-92,49,ComObjectInstanceRef,,O-1017_R-660,GA-1185,,CH-1,,,"{""RefId"": ""O-1017_R-660"", ""ChannelId"": ""CH-1"", ""Links"": ""GA-1185""}"
P-07BC-0_DI-92,49,ComObjectInstanceRef,,O-1171_R-6411,GA-1177,,CH-10,,,"{""RefId"": ""O-1171_R-6411"", ""ChannelId"": ""CH-10"", ""Links"": ""GA-1177""}"
P-07BC-0_DI-92,49,ComObjectInstanceRef,,O-1178_R-6422,GA-1178,,CH-10,,,"{""RefId"": ""O-1178_R-6422"", ""ChannelId"": ""CH-10"", ""Links"": ""GA-1178""}"
P-07BC-0_DI-92,49,ComObjectInstanceRef,,O-1168_R-6408,GA-1185,,CH-10,,,"{""RefId"": ""O-1168_R-6408"", ""ChannelId"": ""CH-10"", ""Links"": ""GA-1185""}"
P-07BC-0_DI-92,49,ComObjectInstanceRef,,O-1182_R-6427,GA-1184,,CH-10,,,"{""RefId"": ""O-1182_R-6427"", ""ChannelId"": ""CH-10"", ""Links"": ""GA-1184""}"
P-07BC-0_DI-92,49,ComObjectInstanceRef,,O-1179_R-6424,GA-1183,,CH-10,,,"{""RefId"": ""O-1179_R-6424"", ""ChannelId"": ""CH-10"", ""Links"": ""GA-1183""}"
P-07BC-0_DI-92,49,ComObjectInstanceRef,,MD-2_M-8_MI-1_O-4-10_R-118,GA-1178,,CH-2,,,"{""RefId"": ""MD-2_M-8_MI-1_O-4-10_R-118"", ""ChannelId"": ""CH-2"", ""Links"": ""GA-1178""}"
P-07BC-0_DI-92,49,ComObjectInstanceRef,,MD-2_M-8_MI-1_O-4-4_R-45,GA-1177,,CH-2,,,"{""RefId"": ""MD-2_M-8_MI-1_O-4-4_R-45"", ""ChannelId"": ""CH-2"", ""Links"": ""GA-1177""}"
P-07BC-0_DI-92,49,ComObjectInstanceRef,,MD-2_M-8_MI-10_O-4-2_R-39,GA-955,,CH-2,,,"{""RefId"": ""MD-2_M-8_MI-10_O-4-2_R-39"", ""ChannelId"": ""CH-2"", ""Links"": ""GA-955""}"
P-07BC-0_DI-92,49,ComObjectInstanceRef,,MD-2_M-8_MI-10_O-4-4_R-23,GA-954,,CH-2,,,"{""RefId"": ""MD-2_M-8_MI-10_O-4-4_R-23"", ""ChannelId"": ""CH-2"", ""Links"": ""GA-954""}"
P-07BC-0_DI-92,49,ComObjectInstanceRef,,MD-2_M-8_MI-10_O-4-10_R-113,GA-953,,CH-2,,,"{""RefId"": ""MD-2_M-8_MI-10_O-4-10_R-113"", ""ChannelId"": ""CH-2"", ""Links"": ""GA-953""}"
P-07BC-0_DI-92,49,ComObjectInstanceRef,,MD-2_M-8_MI-10_O-4-0_R-12,GA-952,,CH-2,,,"{""RefId"": ""MD-2_M-8_MI-10_O-4-0_R-12"", ""ChannelId"": ""CH-2"", ""Links"": ""GA-952""}"
P-07BC-0_DI-92,49,ComObjectInstanceRef,,MD-2_M-8_MI-11_O-4-10_R-114,GA-1084,,CH-2,,,"{""RefId"": ""MD-2_M-8_MI-11_O-4-10_R-114"", ""ChannelId"": ""CH-2"", ""Links"": ""GA-1084""}"
P-07BC-0_DI-92,49,ComObjectInstanceRef,,MD-2_M-8_MI-11_O-4-0_R-13,GA-1082,,CH-2,,,"{""RefId"": ""MD-2_M-8_MI-11_O-4-0_R-13"", ""ChannelId"": ""CH-2"", ""Links"": ""GA-1082""}"
P-07BC-0_DI-92,49,ComObjectInstanceRef,,MD-2_M-8_MI-11_O-4-1_R-30,GA-1083,,CH-2,,,"{""RefId"": ""MD-2_M-8_MI-11_O-4-1_R-30"", ""ChannelId"": ""CH-2"", ""Links"": ""GA-1083""}"
P-07BC-0_DI-92,49,ComObjectInstanceRef,,MD-2_M-8_MI-12_O-4-10_R-114,GA-1087,,CH-2,,,"{""RefId"": ""MD-2_M-8_MI-12_O-4-10_R-114"", ""ChannelId"": ""CH-2"", ""Links"": ""GA-1087""}"
P-07BC-0_DI-92,49,ComObjectInstanceRef,,MD-2_M-8_MI-12_O-4-0_R-13,GA-1085,,CH-2,,,"{""RefId"": ""MD-2_M-8_MI-12_O-4-0_R-13"", ""ChannelId"": ""CH-2"", ""Links"": ""GA-1085""}"
P-07BC-0_DI-92,49,ComObjectInstanceRef,,MD-2_M-8_MI-12_O-4-1_R-30,GA-1086,,CH-2,,,"{""RefId"": ""MD-2_M-8_MI-12_O-4-1_R-30"", ""ChannelId"": ""CH-2"", ""Links"": ""GA-1086""}"
P-07BC-0_DI-92,49,ComObjectInstanceRef,,MD-2_M-8_MI-2_O-4-4_R-48,GA-1181,,CH-2,,,"{""RefId"": ""MD-2_M-8_MI-2_O-4-4_R-48"", ""ChannelId"": ""CH-2"", ""Links"": ""GA-1181""}"
P-07BC-0_DI-92,49,ComObjectInstanceRef,,MD-2_M-8_MI-2_O-4-10_R-115,GA-1182,,CH-2,,,"{""RefId"": ""MD-2_M-8_MI-2_O-4-10_R-115"", ""ChannelId"": ""CH-2"", ""Links"": ""GA-1182""}"
P-07BC-0_DI-92,49,ComObjectInstanceRef,,MD-2_M-8_MI-3_O-4-11_R-133,GA-1184,,CH-2,,,"{""RefId"": ""MD-2_M-8_MI-3_O-4-11_R-133"", ""ChannelId"": ""CH-2"", ""Links"": ""GA-1184""}"
P-07BC-0_DI-92,49,ComObjectInstanceRef,,MD-2_M-8_MI-3_O-4-8_R-99,GA-1183,,CH-2,,,"{""RefId"": ""MD-2_M-8_MI-3_O-4-8_R-99"", ""ChannelId"": ""CH-2"", ""Links"": ""GA-1183""}"
P-07BC-0_DI-92,49,ComObjectInstanceRef,,MD-2_M-8_MI-4_O-4-11_R-129,GA-1185,,CH-2,,,"{""RefId"": ""MD-2_M-8_MI-4_O-4-11_R-129"", ""ChannelId"": ""CH-2"", ""Links"": ""GA-1185""}"
P-07BC-0_DI-92,49,ComObjectInstanceRef,,MD-2_M-8_MI-5_O-4-4_R-23,GA-934,,CH-2,,,"{""RefId"": ""MD-2_M-8_MI-5_O-4-4_R-23"", ""ChannelId"": ""CH-2"", ""Links"": ""GA-934""}"
P-07BC-0_DI-92,49,ComObjectInstanceRef,,MD-2_M-8_MI-5_O-4-2_R-39,GA-935,,CH-2,,,"{""RefId"": ""MD-2_M-8_MI-5_O-4-2_R-39"", ""ChannelId"": ""CH-2"", ""Links"": ""GA-935""}"
P-07BC-0_DI-92,49,ComObjectInstanceRef,,MD-2_M-8_MI-5_O-4-10_R-113,GA-933,,CH-2,,,"{""RefId"": ""MD-2_M-8_MI-5_O-4-10_R-113"", ""ChannelId"": ""CH-2"", ""Links"": ""GA-933""}"
P-07BC-0_DI-92,49,ComObjectInstanceRef,,MD-2_M-8_MI-5_O-4-0_R-12,GA-932,,CH-2,,,"{""RefId"": ""MD-2_M-8_MI-5_O-4-0_R-12"", ""ChannelId"": ""CH-2"", ""Links"": ""GA-932""}"
P-07BC-0_DI-92,49,ComObjectInstanceRef,,MD-2_M-8_MI-6_O-4-10_R-113,GA-937,,CH-2,,,"{""RefId"": ""MD-2_M-8_MI-6_O-4-10_R-113"", ""ChannelId"": ""CH-2"", ""Links"": ""GA-937""}"
P-07BC-0_DI-92,49,ComObjectInstanceRef,,MD-2_M-8_MI-6_O-4-2_R-39,GA-939,,CH-2,,,"{""RefId"": ""MD-2_M-8_MI-6_O-4-2_R-39"", ""ChannelId"": ""CH-2"", ""Links"": ""GA-939""}"
P-07BC-0_DI-92,49,ComObjectInstanceRef,,MD-2_M-8_MI-6_O-4-4_R-23,GA-938,,CH-2,,,"{""RefId"": ""MD-2_M-8_MI-6_O-4-4_R-23"", ""ChannelId"": ""CH-2"", ""Links"": ""GA-938""}"
P-07BC-0_DI-92,49,ComObjectInstanceRef,,MD-2_M-8_MI-6_O-4-0_R-12,GA-936,,CH-2,,,"{""RefId"": ""MD-2_M-8_MI-6_O-4-0_R-12"", ""ChannelId"": ""CH-2"", ""Links"": ""GA-936""}"
P-07BC-0_DI-92,49,ComObjectInstanceRef,,MD-2_M-8_MI-7_O-4-4_R-23,GA-942,,CH-2,,,"{""RefId"": ""MD-2_M-8_MI-7_O-4-4_R-23"", ""ChannelId"": ""CH-2"", ""Links"": ""GA-942""}"
P-07BC-0_DI-92,49,ComObjectInstanceRef,,MD-2_M-8_MI-7_O-4-2_R-39,GA-943,,CH-2,,,"{""RefId"": ""MD-2_M-8_MI-7_O-4-2_R-39"", ""ChannelId"": ""CH-2"", ""Links"": ""GA-943""}"
P-07BC-0_DI-92,49,ComObjectInstanceRef,,MD-2_M-8_MI-7_O-4-10_R-113,GA-941,,CH-2,,,"{""RefId"": ""MD-2_M-8_MI-7_O-4-10_R-113"", ""ChannelId"": ""CH-2"", ""Links"": ""GA-941""}"
P-07BC-0_DI-92,49,ComObjectInstanceRef,,MD-2_M-8_MI-7_O-4-0_R-12,GA-940,,CH-2,,,"{""RefId"": ""MD-2_M-8_MI-7_O-4-0_R-12"", ""ChannelId"": ""CH-2"", ""Links"": ""GA-940""}"
P-07BC-0_DI-92,49,ComObjectInstanceRef,,MD-2_M-8_MI-8_O-4-2_R-39,GA-947,,CH-2,,,"{""RefId"": ""MD-2_M-8_MI-8_O-4-2_R-39"", ""ChannelId"": ""CH-2"", ""Links"": ""GA-947""}"
P-07BC-0_DI-92,49,ComObjectInstanceRef,,MD-2_M-8_MI-8_O-4-4_R-23,GA-946,,CH-2,,,"{""RefId"": ""MD-2_M-8_MI-8_O-4-4_R-23"", ""ChannelId"": ""CH-2"", ""Links"": ""GA-946""}"
P-07BC-0_DI-92,49,ComObjectInstanceRef,,MD-2_M-8_MI-8_O-4-10_R-113,GA-945,,CH-2,,,"{""RefId"": ""MD-2_M-8_MI-8_O-4-10_R-113"", ""ChannelId"": ""CH-2"", ""Links"": ""GA-945""}"
P-07BC-0_DI-92,49,ComObjectInstanceRef,,MD-2_M-8_MI-8_O-4-0_R-12,GA-944,,CH-2,,,"{""RefId"": ""MD-2_M-8_MI-8_O-4-0_R-12"", ""ChannelId"": ""CH-2"", ""Links"": ""GA-944""}"
P-07BC-0_DI-92,49,ComObjectInstanceRef,,MD-2_M-8_MI-9_O-4-4_R-23,GA-950,,CH-2,,,"{""RefId"": ""MD-2_M-8_MI-9_O-4-4_R-23"", ""ChannelId"": ""CH-2"", ""Links"": ""GA-950""}"
P-07BC-0_DI-92,49,ComObjectInstanceRef,,MD-2_M-8_MI-9_O-4-2_R-39,GA-951,,CH-2,,,"{""RefId"": ""MD-2_M-8_MI-9_O-4-2_R-39"", ""ChannelId"": ""CH-2"", ""Links"": ""GA-951""}"
P-07BC-0_DI-92,49,ComObjectInstanceRef,,MD-2_M-8_MI-9_O-4-10_R-113,GA-949,,CH-2,,,"{""RefId"": ""MD-2_M-8_MI-9_O-4-10_R-113"", ""ChannelId"": ""CH-2"", ""Links"": ""GA-949""}"
P-07BC-0_DI-92,49,ComObjectInstanceRef,,MD-2_M-8_MI-9_O-4-0_R-12,GA-948,,CH-2,,,"{""RefId"": ""MD-2_M-8_MI-9_O-4-0_R-12"", ""ChannelId"": ""CH-2"", ""Links"": ""GA-948""}"
P-07BC-0_DI-99,51,ComObjectInstanceRef,,MD-2_M-2_MI-1_O-2-0_R-1,GA-695,,CH-2,,,"{""RefId"": ""MD-2_M-2_MI-1_O-2-0_R-1"", ""ChannelId"": ""CH-2"", ""Links"": ""GA-695""}"
P-07BC-0_DI-99,51,ComObjectInstanceRef,,MD-2_M-2_MI-1_O-2-1_R-17,GA-696,,CH-2,,,"{""RefId"": ""MD-2_M-2_MI-1_O-2-1_R-17"", ""ChannelId"": ""CH-2"", ""Links"": ""GA-696""}"
P-07BC-0_DI-99,51,ComObjectInstanceRef,,MD-2_M-2_MI-10_O-2-0_R-1,GA-699,,CH-2,,,"{""RefId"": ""MD-2_M-2_MI-10_O-2-0_R-1"", ""ChannelId"": ""CH-2"", ""Links"": ""GA-699""}"
P-07BC-0_DI-99,51,ComObjectInstanceRef,,MD-2_M-2_MI-10_O-2-1_R-17,GA-700,,CH-2,,,"{""RefId"": ""MD-2_M-2_MI-10_O-2-1_R-17"", ""ChannelId"": ""CH-2"", ""Links"": ""GA-700""}"
P-07BC-0_DI-99,51,ComObjectInstanceRef,,MD-2_M-2_MI-11_O-2-0_R-1,GA-701,,CH-2,,,"{""RefId"": ""MD-2_M-2_MI-11_O-2-0_R-1"", ""ChannelId"": ""CH-2"", ""Links"": ""GA-701""}"
P-07BC-0_DI-99,51,ComObjectInstanceRef,,MD-2_M-2_MI-11_O-2-1_R-17,GA-702,,CH-2,,,"{""RefId"": ""MD-2_M-2_MI-11_O-2-1_R-17"", ""ChannelId"": ""CH-2"", ""Links"": ""GA-702""}"
P-07BC-0_DI-99,51,ComObjectInstanceRef,,MD-2_M-2_MI-12_O-2-1_R-50,GA-852,,CH-2,,,"{""RefId"": ""MD-2_M-2_MI-12_O-2-1_R-50"", ""ChannelId"": ""CH-2"", ""Links"": ""GA-852""}"
P-07BC-0_DI-99,51,ComObjectInstanceRef,,MD-2_M-2_MI-12_O-2-2_R-51,GA-855,,CH-2,,,"{""RefId"": ""MD-2_M-2_MI-12_O-2-2_R-51"", ""ChannelId"": ""CH-2"", ""Links"": ""GA-855""}"
P-07BC-0_DI-99,51,ComObjectInstanceRef,,MD-2_M-2_MI-12_O-2-0_R-52,GA-854,,CH-2,,,"{""RefId"": ""MD-2_M-2_MI-12_O-2-0_R-52"", ""ChannelId"": ""CH-2"", ""Links"": ""GA-854""}"
P-07BC-0_DI-99,51,ComObjectInstanceRef,,MD-2_M-2_MI-12_O-2-3_R-117,GA-853,,CH-2,,,"{""RefId"": ""MD-2_M-2_MI-12_O-2-3_R-117"", ""ChannelId"": ""CH-2"", ""Links"": ""GA-853""}"
P-07BC-0_DI-99,51,ComObjectInstanceRef,,MD-2_M-2_MI-13_O-2-1_R-50,GA-856,,CH-2,,,"{""RefId"": ""MD-2_M-2_MI-13_O-2-1_R-50"", ""ChannelId"": ""CH-2"", ""Links"": ""GA-856""}"
P-07BC-0_DI-99,51,ComObjectInstanceRef,,MD-2_M-2_MI-13_O-2-2_R-51,GA-859,,CH-2,,,"{""RefId"": ""MD-2_M-2_MI-13_O-2-2_R-51"", ""ChannelId"": ""CH-2"", ""Links"": ""GA-859""}"
P-07BC-0_DI-99,51,ComObjectInstanceRef,,MD-2_M-2_MI-13_O-2-0_R-52,GA-858,,CH-2,,,"{""RefId"": ""MD-2_M-2_MI-13_O-2-0_R-52"", ""ChannelId"": ""CH-2"", ""Links"": ""GA-858""}"
P-07BC-0_DI-99,51,ComObjectInstanceRef,,MD-2_M-2_MI-13_O-2-3_R-117,GA-857,,CH-2,,,"{""RefId"": ""MD-2_M-2_MI-13_O-2-3_R-117"", ""ChannelId"": ""CH-2"", ""Links"": ""GA-857""}"
P-07BC-0_DI-99,51,ComObjectInstanceRef,,MD-2_M-2_MI-14_O-2-1_R-50,GA-860,,CH-2,,,"{""RefId"": ""MD-2_M-2_MI-14_O-2-1_R-50"", ""ChannelId"": ""CH-2"", ""Links"": ""GA-860""}"
P-07BC-0_DI-99,51,ComObjectInstanceRef,,MD-2_M-2_MI-14_O-2-2_R-51,GA-863,,CH-2,,,"{""RefId"": ""MD-2_M-2_MI-14_O-2-2_R-51"", ""ChannelId"": ""CH-2"", ""Links"": ""GA-863""}"
P-07BC-0_DI-99,51,ComObjectInstanceRef,,MD-2_M-2_MI-14_O-2-0_R-52,GA-862,,CH-2,,,"{""RefId"": ""MD-2_M-2_MI-14_O-2-0_R-52"", ""ChannelId"": ""CH-2"", ""Links"": ""GA-862""}"
P-07BC-0_DI-99,51,ComObjectInstanceRef,,MD-2_M-2_MI-14_O-2-3_R-117,GA-861,,CH-2,,,"{""RefId"": ""MD-2_M-2_MI-14_O-2-3_R-117"", ""ChannelId"": ""CH-2"", ""Links"": ""GA-861""}"
P-07BC-0_DI-99,51,ComObjectInstanceRef,,MD-2_M-2_MI-15_O-2-1_R-50,GA-864,,CH-2,,,"{""RefId"": ""MD-2_M-2_MI-15_O-2-1_R-50"", ""ChannelId"": ""CH-2"", ""Links"": ""GA-864""}"
P-07BC-0_DI-99,51,ComObjectInstanceRef,,MD-2_M-2_MI-15_O-2-2_R-51,GA-867,,CH-2,,,"{""RefId"": ""MD-2_M-2_MI-15_O-2-2_R-51"", ""ChannelId"": ""CH-2"", ""Links"": ""GA-867""}"
P-07BC-0_DI-99,51,ComObjectInstanceRef,,MD-2_M-2_MI-15_O-2-0_R-52,GA-866,,CH-2,,,"{""RefId"": ""MD-2_M-2_MI-15_O-2-0_R-52"", ""ChannelId"": ""CH-2"", ""Links"": ""GA-866""}"
P-07BC-0_DI-99,51,ComObjectInstanceRef,,MD-2_M-2_MI-15_O-2-3_R-117,GA-865,,CH-2,,,"{""RefId"": ""MD-2_M-2_MI-15_O-2-3_R-117"", ""ChannelId"": ""CH-2"", ""Links"": ""GA-865""}"
P-07BC-0_DI-99,51,ComObjectInstanceRef,,MD-2_M-2_MI-2_O-2-1_R-50,GA-824,,CH-2,,,"{""RefId"": ""MD-2_M-2_MI-2_O-2-1_R-50"", ""ChannelId"": ""CH-2"", ""Links"": ""GA-824""}"
P-07BC-0_DI-99,51,ComObjectInstanceRef,,MD-2_M-2_MI-2_O-2-2_R-51,GA-827,,CH-2,,,"{""RefId"": ""MD-2_M-2_MI-2_O-2-2_R-51"", ""ChannelId"": ""CH-2"", ""Links"": ""GA-827""}"
P-07BC-0_DI-99,51,ComObjectInstanceRef,,MD-2_M-2_MI-2_O-2-0_R-52,GA-826,,CH-2,,,"{""RefId"": ""MD-2_M-2_MI-2_O-2-0_R-52"", ""ChannelId"": ""CH-2"", ""Links"": ""GA-826""}"
P-07BC-0_DI-99,51,ComObjectInstanceRef,,MD-2_M-2_MI-2_O-2-3_R-117,GA-825,,CH-2,,,"{""RefId"": ""MD-2_M-2_MI-2_O-2-3_R-117"", ""ChannelId"": ""CH-2"", ""Links"": ""GA-825""}"
P-07BC-0_DI-99,51,ComObjectInstanceRef,,MD-2_M-2_MI-3_O-2-1_R-50,GA-828,,CH-2,,,"{""RefId"": ""MD-2_M-2_MI-3_O-2-1_R-50"", ""ChannelId"": ""CH-2"", ""Links"": ""GA-828""}"
P-07BC-0_DI-99,51,ComObjectInstanceRef,,MD-2_M-2_MI-3_O-2-2_R-51,GA-831,,CH-2,,,"{""RefId"": ""MD-2_M-2_MI-3_O-2-2_R-51"", ""ChannelId"": ""CH-2"", ""Links"": ""GA-831""}"
P-07BC-0_DI-99,51,ComObjectInstanceRef,,MD-2_M-2_MI-3_O-2-0_R-52,GA-830,,CH-2,,,"{""RefId"": ""MD-2_M-2_MI-3_O-2-0_R-52"", ""ChannelId"": ""CH-2"", ""Links"": ""GA-830""}"
P-07BC-0_DI-99,51,ComObjectInstanceRef,,MD-2_M-2_MI-3_O-2-3_R-117,GA-829,,CH-2,,,"{""RefId"": ""MD-2_M-2_MI-3_O-2-3_R-117"", ""ChannelId"": ""CH-2"", ""Links"": ""GA-829""}"
P-07BC-0_DI-99,51,ComObjectInstanceRef,,MD-2_M-2_MI-4_O-2-1_R-50,GA-832,,CH-2,,,"{""RefId"": ""MD-2_M-2_MI-4_O-2-1_R-50"", ""ChannelId"": ""CH-2"", ""Links"": ""GA-832""}"
P-07BC-0_DI-99,51,ComObjectInstanceRef,,MD-2_M-2_MI-4_O-2-2_R-51,GA-835,,CH-2,,,"{""RefId"": ""MD-2_M-2_MI-4_O-2-2_R-51"", ""ChannelId"": ""CH-2"", ""Links"": ""GA-835""}"
P-07BC-0_DI-99,51,ComObjectInstanceRef,,MD-2_M-2_MI-4_O-2-0_R-52,GA-834,,CH-2,,,"{""RefId"": ""MD-2_M-2_MI-4_O-2-0_R-52"", ""ChannelId"": ""CH-2"", ""Links"": ""GA-834""}"
P-07BC-0_DI-99,51,ComObjectInstanceRef,,MD-2_M-2_MI-4_O-2-3_R-117,GA-833,,CH-2,,,"{""RefId"": ""MD-2_M-2_MI-4_O-2-3_R-117"", ""ChannelId"": ""CH-2"", ""Links"": ""GA-833""}"
P-07BC-0_DI-99,51,ComObjectInstanceRef,,MD-2_M-2_MI-5_O-2-1_R-50,GA-836,,CH-2,,,"{""RefId"": ""MD-2_M-2_MI-5_O-2-1_R-50"", ""ChannelId"": ""CH-2"", ""Links"": ""GA-836""}"
P-07BC-0_DI-99,51,ComObjectInstanceRef,,MD-2_M-2_MI-5_O-2-2_R-51,GA-839,,CH-2,,,"{""RefId"": ""MD-2_M-2_MI-5_O-2-2_R-51"", ""ChannelId"": ""CH-2"", ""Links"": ""GA-839""}"
P-07BC-0_DI-99,51,ComObjectInstanceRef,,MD-2_M-2_MI-5_O-2-0_R-52,GA-838,,CH-2,,,"{""RefId"": ""MD-2_M-2_MI-5_O-2-0_R-52"", ""ChannelId"": ""CH-2"", ""Links"": ""GA-838""}"
P-07BC-0_DI-99,51,ComObjectInstanceRef,,MD-2_M-2_MI-5_O-2-3_R-117,GA-837,,CH-2,,,"{""RefId"": ""MD-2_M-2_MI-5_O-2-3_R-117"", ""ChannelId"": ""CH-2"", ""Links"": ""GA-837""}"
P-07BC-0_DI-99,51,ComObjectInstanceRef,,MD-2_M-2_MI-6_O-2-1_R-50,GA-840,,CH-2,,,"{""RefId"": ""MD-2_M-2_MI-6_O-2-1_R-50"", ""ChannelId"": ""CH-2"", ""Links"": ""GA-840""}"
P-07BC-0_DI-99,51,ComObjectInstanceRef,,MD-2_M-2_MI-6_O-2-2_R-51,GA-843,,CH-2,,,"{""RefId"": ""MD-2_M-2_MI-6_O-2-2_R-51"", ""ChannelId"": ""CH-2"", ""Links"": ""GA-843""}"
P-07BC-0_DI-99,51,ComObjectInstanceRef,,MD-2_M-2_MI-6_O-2-0_R-52,GA-842,,CH-2,,,"{""RefId"": ""MD-2_M-2_MI-6_O-2-0_R-52"", ""ChannelId"": ""CH-2"", ""Links"": ""GA-842""}"
P-07BC-0_DI-99,51,ComObjectInstanceRef,,MD-2_M-2_MI-6_O-2-3_R-117,GA-841,,CH-2,,,"{""RefId"": ""MD-2_M-2_MI-6_O-2-3_R-117"", ""ChannelId"": ""CH-2"", ""Links"": ""GA-841""}"
P-07BC-0_DI-99,51,ComObjectInstanceRef,,MD-2_M-2_MI-7_O-2-1_R-50,GA-844,,CH-2,,,"{""RefId"": ""MD-2_M-2_MI-7_O-2-1_R-50"", ""ChannelId"": ""CH-2"", ""Links"": ""GA-844""}"
P-07BC-0_DI-99,51,ComObjectInstanceRef,,MD-2_M-2_MI-7_O-2-2_R-51,GA-847,,CH-2,,,"{""RefId"": ""MD-2_M-2_MI-7_O-2-2_R-51"", ""ChannelId"": ""CH-2"", ""Links"": ""GA-847""}"
P-07BC-0_DI-99,51,ComObjectInstanceRef,,MD-2_M-2_MI-7_O-2-0_R-52,GA-846,,CH-2,,,"{""RefId"": ""MD-2_M-2_MI-7_O-2-0_R-52"", ""ChannelId"": ""CH-2"", ""Links"": ""GA-846""}"
P-07BC-0_DI-99,51,ComObjectInstanceRef,,MD-2_M-2_MI-7_O-2-3_R-117,GA-845,,CH-2,,,"{""RefId"": ""MD-2_M-2_MI-7_O-2-3_R-117"", ""ChannelId"": ""CH-2"", ""Links"": ""GA-845""}"
P-07BC-0_DI-99,51,ComObjectInstanceRef,,MD-2_M-2_MI-8_O-2-1_R-50,GA-848,,CH-2,,,"{""RefId"": ""MD-2_M-2_MI-8_O-2-1_R-50"", ""ChannelId"": ""CH-2"", ""Links"": ""GA-848""}"
P-07BC-0_DI-99,51,ComObjectInstanceRef,,MD-2_M-2_MI-8_O-2-2_R-51,GA-851,,CH-2,,,"{""RefId"": ""MD-2_M-2_MI-8_O-2-2_R-51"", ""ChannelId"": ""CH-2"", ""Links"": ""GA-851""}"
P-07BC-0_DI-99,51,ComObjectInstanceRef,,MD-2_M-2_MI-8_O-2-0_R-52,GA-850,,CH-2,,,"{""RefId"": ""MD-2_M-2_MI-8_O-2-0_R-52"", ""ChannelId"": ""CH-2"", ""Links"": ""GA-850""}"
P-07BC-0_DI-99,51,ComObjectInstanceRef,,MD-2_M-2_MI-8_O-2-3_R-117,GA-849,,CH-2,,,"{""RefId"": ""MD-2_M-2_MI-8_O-2-3_R-117"", ""ChannelId"": ""CH-2"", ""Links"": ""GA-849""}"
P-07BC-0_DI-99,51,ComObjectInstanceRef,,MD-2_M-2_MI-9_O-2-0_R-1,GA-697,,CH-2,,,"{""RefId"": ""MD-2_M-2_MI-9_O-2-0_R-1"", ""ChannelId"": ""CH-2"", ""Links"": ""GA-697""}"
P-07BC-0_DI-99,51,ComObjectInstanceRef,,MD-2_M-2_MI-9_O-2-1_R-17,GA-698,,CH-2,,,"{""RefId"": ""MD-2_M-2_MI-9_O-2-1_R-17"", ""ChannelId"": ""CH-2"", ""Links"": ""GA-698""}"
P-07BC-0_DI-99,51,ComObjectInstanceRef,,MD-2_M-4_MI-1_O-2-1_R-50,GA-764,,CH-2,,,"{""RefId"": ""MD-2_M-4_MI-1_O-2-1_R-50"", ""WriteFlag"": ""Enabled"", ""ChannelId"": ""CH-2"", ""Links"": ""GA-764""}"
P-07BC-0_DI-99,51,ComObjectInstanceRef,,MD-2_M-4_MI-1_O-2-0_R-52,GA-766,,CH-2,,,"{""RefId"": ""MD-2_M-4_MI-1_O-2-0_R-52"", ""ChannelId"": ""CH-2"", ""Links"": ""GA-766""}"
P-07BC-0_DI-99,51,ComObjectInstanceRef,,MD-2_M-4_MI-1_O-2-2_R-51,GA-767,,CH-2,,,"{""RefId"": ""MD-2_M-4_MI-1_O-2-2_R-51"", ""ChannelId"": ""CH-2"", ""Links"": ""GA-767""}"
P-07BC-0_DI-99,51,ComObjectInstanceRef,,MD-2_M-4_MI-1_O-2-3_R-117,GA-765,,CH-2,,,"{""RefId"": ""MD-2_M-4_MI-1_O-2-3_R-117"", ""ChannelId"": ""CH-2"", ""Links"": ""GA-765""}"
P-07BC-0_DI-99,51,ComObjectInstanceRef,,MD-2_M-4_MI-10_O-2-0_R-1,GA-671,,CH-2,,,"{""RefId"": ""MD-2_M-4_MI-10_O-2-0_R-1"", ""ChannelId"": ""CH-2"", ""Links"": ""GA-671""}"
P-07BC-0_DI-99,51,ComObjectInstanceRef,,MD-2_M-4_MI-10_O-2-1_R-17,GA-672,,CH-2,,,"{""RefId"": ""MD-2_M-4_MI-10_O-2-1_R-17"", ""ChannelId"": ""CH-2"", ""Links"": ""GA-672""}"
P-07BC-0_DI-99,51,ComObjectInstanceRef,,MD-2_M-4_MI-11_O-2-0_R-1,GA-673,,CH-2,,,"{""RefId"": ""MD-2_M-4_MI-11_O-2-0_R-1"", ""ChannelId"": ""CH-2"", ""Links"": ""GA-673""}"
P-07BC-0_DI-99,51,ComObjectInstanceRef,,MD-2_M-4_MI-11_O-2-1_R-17,GA-674,,CH-2,,,"{""RefId"": ""MD-2_M-4_MI-11_O-2-1_R-17"", ""ChannelId"": ""CH-2"", ""Links"": ""GA-674""}"
P-07BC-0_DI-99,51,ComObjectInstanceRef,,MD-2_M-4_MI-12_O-2-1_R-50,GA-788,,CH-2,,,"{""RefId"": ""MD-2_M-4_MI-12_O-2-1_R-50"", ""ChannelId"": ""CH-2"", ""Links"": ""GA-788""}"
P-07BC-0_DI-99,51,ComObjectInstanceRef,,MD-2_M-4_MI-12_O-2-2_R-51,GA-791,,CH-2,,,"{""RefId"": ""MD-2_M-4_MI-12_O-2-2_R-51"", ""ChannelId"": ""CH-2"", ""Links"": ""GA-791""}"
P-07BC-0_DI-99,51,ComObjectInstanceRef,,MD-2_M-4_MI-12_O-2-0_R-52,GA-790,,CH-2,,,"{""RefId"": ""MD-2_M-4_MI-12_O-2-0_R-52"", ""ChannelId"": ""CH-2"", ""Links"": ""GA-790""}"
P-07BC-0_DI-99,51,ComObjectInstanceRef,,MD-2_M-4_MI-12_O-2-3_R-117,GA-789,,CH-2,,,"{""RefId"": ""MD-2_M-4_MI-12_O-2-3_R-117"", ""ChannelId"": ""CH-2"", ""Links"": ""GA-789""}"
P-07BC-0_DI-99,51,ComObjectInstanceRef,,MD-2_M-4_MI-13_O-2-1_R-50,GA-792,,CH-2,,,"{""RefId"": ""MD-2_M-4_MI-13_O-2-1_R-50"", ""ChannelId"": ""CH-2"", ""Links"": ""GA-792""}"
P-07BC-0_DI-99,51,ComObjectInstanceRef,,MD-2_M-4_MI-13_O-2-2_R-51,GA-795,,CH-2,,,"{""RefId"": ""MD-2_M-4_MI-13_O-2-2_R-51"", ""ChannelId"": ""CH-2"", ""Links"": ""GA-795""}"
P-07BC-0_DI-99,51,ComObjectInstanceRef,,MD-2_M-4_MI-13_O-2-0_R-52,GA-794,,CH-2,,,"{""RefId"": ""MD-2_M-4_MI-13_O-2-0_R-52"", ""ChannelId"": ""CH-2"", ""Links"": ""GA-794""}"
P-07BC-0_DI-99,51,ComObjectInstanceRef,,MD-2_M-4_MI-13_O-2-3_R-117,GA-793,,CH-2,,,"{""RefId"": ""MD-2_M-4_MI-13_O-2-3_R-117"", ""ChannelId"": ""CH-2"", ""Links"": ""GA-793""}"
P-07BC-0_DI-99,51,ComObjectInstanceRef,,MD-2_M-4_MI-14_O-2-1_R-50,GA-796,,CH-2,,,"{""RefId"": ""MD-2_M-4_MI-14_O-2-1_R-50"", ""ChannelId"": ""CH-2"", ""Links"": ""GA-796""}"
P-07BC-0_DI-99,51,ComObjectInstanceRef,,MD-2_M-4_MI-14_O-2-2_R-51,GA-799,,CH-2,,,"{""RefId"": ""MD-2_M-4_MI-14_O-2-2_R-51"", ""ChannelId"": ""CH-2"", ""Links"": ""GA-799""}"
P-07BC-0_DI-99,51,ComObjectInstanceRef,,MD-2_M-4_MI-14_O-2-0_R-52,GA-798,,CH-2,,,"{""RefId"": ""MD-2_M-4_MI-14_O-2-0_R-52"", ""ChannelId"": ""CH-2"", ""Links"": ""GA-798""}"
P-07BC-0_DI-99,51,ComObjectInstanceRef,,MD-2_M-4_MI-14_O-2-3_R-117,GA-797,,CH-2,,,"{""RefId"": ""MD-2_M-4_MI-14_O-2-3_R-117"", ""ChannelId"": ""CH-2"", ""Links"": ""GA-797""}"
P-07BC-0_DI-99,51,ComObjectInstanceRef,,MD-2_M-4_MI-15_O-2-1_R-50,GA-800,,CH-2,,,"{""RefId"": ""MD-2_M-4_MI-15_O-2-1_R-50"", ""ChannelId"": ""CH-2"", ""Links"": ""GA-800""}"
P-07BC-0_DI-99,51,ComObjectInstanceRef,,MD-2_M-4_MI-15_O-2-2_R-51,GA-803,,CH-2,,,"{""RefId"": ""MD-2_M-4_MI-15_O-2-2_R-51"", ""ChannelId"": ""CH-2"", ""Links"": ""GA-803""}"
P-07BC-0_DI-99,51,ComObjectInstanceRef,,MD-2_M-4_MI-15_O-2-0_R-52,GA-802,,CH-2,,,"{""RefId"": ""MD-2_M-4_MI-15_O-2-0_R-52"", ""ChannelId"": ""CH-2"", ""Links"": ""GA-802""}"
P-07BC-0_DI-99,51,ComObjectInstanceRef,,MD-2_M-4_MI-15_O-2-3_R-117,GA-801,,CH-2,,,"{""RefId"": ""MD-2_M-4_MI-15_O-2-3_R-117"", ""ChannelId"": ""CH-2"", ""Links"": ""GA-801""}"
P-07BC-0_DI-99,51,ComObjectInstanceRef,,MD-2_M-4_MI-2_O-2-1_R-50,GA-768,,CH-2,,,"{""RefId"": ""MD-2_M-4_MI-2_O-2-1_R-50"", ""ChannelId"": ""CH-2"", ""Links"": ""GA-768""}"
P-07BC-0_DI-99,51,ComObjectInstanceRef,,MD-2_M-4_MI-2_O-2-2_R-51,GA-771,,CH-2,,,"{""RefId"": ""MD-2_M-4_MI-2_O-2-2_R-51"", ""ChannelId"": ""CH-2"", ""Links"": ""GA-771""}"
P-07BC-0_DI-99,51,ComObjectInstanceRef,,MD-2_M-4_MI-2_O-2-0_R-52,GA-770,,CH-2,,,"{""RefId"": ""MD-2_M-4_MI-2_O-2-0_R-52"", ""ChannelId"": ""CH-2"", ""Links"": ""GA-770""}"
P-07BC-0_DI-99,51,ComObjectInstanceRef,,MD-2_M-4_MI-2_O-2-3_R-117,GA-769,,CH-2,,,"{""RefId"": ""MD-2_M-4_MI-2_O-2-3_R-117"", ""ChannelId"": ""CH-2"", ""Links"": ""GA-769""}"
P-07BC-0_DI-99,51,ComObjectInstanceRef,,MD-2_M-4_MI-3_O-2-1_R-50,GA-772,,CH-2,,,"{""RefId"": ""MD-2_M-4_MI-3_O-2-1_R-50"", ""ChannelId"": ""CH-2"", ""Links"": ""GA-772""}"
P-07BC-0_DI-99,51,ComObjectInstanceRef,,MD-2_M-4_MI-3_O-2-2_R-51,GA-775,,CH-2,,,"{""RefId"": ""MD-2_M-4_MI-3_O-2-2_R-51"", ""ChannelId"": ""CH-2"", ""Links"": ""GA-775""}"
P-07BC-0_DI-99,51,ComObjectInstanceRef,,MD-2_M-4_MI-3_O-2-0_R-52,GA-774,,CH-2,,,"{""RefId"": ""MD-2_M-4_MI-3_O-2-0_R-52"", ""ChannelId"": ""CH-2"", ""Links"": ""GA-774""}"
P-07BC-0_DI-99,51,ComObjectInstanceRef,,MD-2_M-4_MI-3_O-2-3_R-117,GA-773,,CH-2,,,"{""RefId"": ""MD-2_M-4_MI-3_O-2-3_R-117"", ""ChannelId"": ""CH-2"", ""Links"": ""GA-773""}"
P-07BC-0_DI-99,51,ComObjectInstanceRef,,MD-2_M-4_MI-4_O-2-1_R-50,GA-776,,CH-2,,,"{""RefId"": ""MD-2_M-4_MI-4_O-2-1_R-50"", ""ChannelId"": ""CH-2"", ""Links"": ""GA-776""}"
P-07BC-0_DI-99,51,ComObjectInstanceRef,,MD-2_M-4_MI-4_O-2-2_R-51,GA-779,,CH-2,,,"{""RefId"": ""MD-2_M-4_MI-4_O-2-2_R-51"", ""ChannelId"": ""CH-2"", ""Links"": ""GA-779""}"
P-07BC-0_DI-99,51,ComObjectInstanceRef,,MD-2_M-4_MI-4_O-2-0_R-52,GA-778,,CH-2,,,"{""RefId"": ""MD-2_M-4_MI-4_O-2-0_R-52"", ""ChannelId"": ""CH-2"", ""Links"": ""GA-778""}"
P-07BC-0_DI-99,51,ComObjectInstanceRef,,MD-2_M-4_MI-4_O-2-3_R-117,GA-777,,CH-2,,,"{""RefId"": ""MD-2_M-4_MI-4_O-2-3_R-117"", ""ChannelId"": ""CH-2"", ""Links"": ""GA-777""}"
P-07BC-0_DI-99,51,ComObjectInstanceRef,,MD-2_M-4_MI-5_O-2-1_R-50,GA-780,,CH-2,,,"{""RefId"": ""MD-2_M-4_MI-5_O-2-1_R-50"", ""ChannelId"": ""CH-2"", ""Links"": ""GA-780""}"
P-07BC-0_DI-99,51,ComObjectInstanceRef,,MD-2_M-4_MI-5_O-2-2_R-51,GA-783,,CH-2,,,"{""RefId"": ""MD-2_M-4_MI-5_O-2-2_R-51"", ""ChannelId"": ""CH-2"", ""Links"": ""GA-783""}"
P-07BC-0_DI-99,51,ComObjectInstanceRef,,MD-2_M-4_MI-5_O-2-0_R-52,GA-782,,CH-2,,,"{""RefId"": ""MD-2_M-4_MI-5_O-2-0_R-52"", ""ChannelId"": ""CH-2"", ""Links"": ""GA-782""}"
P-07BC-0_DI-99,51,ComObjectInstanceRef,,MD-2_M-4_MI-5_O-2-3_R-117,GA-781,,CH-2,,,"{""RefId"": ""MD-2_M-4_MI-5_O-2-3_R-117"", ""ChannelId"": ""CH-2"", ""Links"": ""GA-781""}"
P-07BC-0_DI-99,51,ComObjectInstanceRef,,MD-2_M-4_MI-6_O-2-1_R-50,GA-784,,CH-2,,,"{""RefId"": ""MD-2_M-4_MI-6_O-2-1_R-50"", ""ChannelId"": ""CH-2"", ""Links"": ""GA-784""}"
P-07BC-0_DI-99,51,ComObjectInstanceRef,,MD-2_M-4_MI-6_O-2-2_R-51,GA-787,,CH-2,,,"{""RefId"": ""MD-2_M-4_MI-6_O-2-2_R-51"", ""ChannelId"": ""CH-2"", ""Links"": ""GA-787""}"
P-07BC-0_DI-99,51,ComObjectInstanceRef,,MD-2_M-4_MI-6_O-2-0_R-52,GA-786,,CH-2,,,"{""RefId"": ""MD-2_M-4_MI-6_O-2-0_R-52"", ""ChannelId"": ""CH-2"", ""Links"": ""GA-786""}"
P-07BC-0_DI-99,51,ComObjectInstanceRef,,MD-2_M-4_MI-6_O-2-3_R-117,GA-785,,CH-2,,,"{""RefId"": ""MD-2_M-4_MI-6_O-2-3_R-117"", ""ChannelId"": ""CH-2"", ""Links"": ""GA-785""}"
P-07BC-0_DI-99,51,ComObjectInstanceRef,,MD-2_M-4_MI-7_O-2-1_R-17,GA-666,,CH-2,,,"{""RefId"": ""MD-2_M-4_MI-7_O-2-1_R-17"", ""ChannelId"": ""CH-2"", ""Links"": ""GA-666""}"
P-07BC-0_DI-99,51,ComObjectInstanceRef,,MD-2_M-4_MI-7_O-2-0_R-1,GA-665,,CH-2,,,"{""RefId"": ""MD-2_M-4_MI-7_O-2-0_R-1"", ""ChannelId"": ""CH-2"", ""Links"": ""GA-665""}"
P-07BC-0_DI-99,51,ComObjectInstanceRef,,MD-2_M-4_MI-8_O-2-0_R-1,GA-667,,CH-2,,,"{""RefId"": ""MD-2_M-4_MI-8_O-2-0_R-1"", ""ChannelId"": ""CH-2"", ""Links"": ""GA-667""}"
P-07BC-0_DI-99,51,ComObjectInstanceRef,,MD-2_M-4_MI-8_O-2-1_R-17,GA-668,,CH-2,,,"{""RefId"": ""MD-2_M-4_MI-8_O-2-1_R-17"", ""ChannelId"": ""CH-2"", ""Links"": ""GA-668""}"
P-07BC-0_DI-99,51,ComObjectInstanceRef,,MD-2_M-4_MI-9_O-2-1_R-17,GA-670,,CH-2,,,"{""RefId"": ""MD-2_M-4_MI-9_O-2-1_R-17"", ""ChannelId"": ""CH-2"", ""Links"": ""GA-670""}"
P-07BC-0_DI-99,51,ComObjectInstanceRef,,MD-2_M-4_MI-9_O-2-0_R-1,GA-669,,CH-2,,,"{""RefId"": ""MD-2_M-4_MI-9_O-2-0_R-1"", ""ChannelId"": ""CH-2"", ""Links"": ""GA-669""}"
P-07BC-0_DI-99,51,ComObjectInstanceRef,,MD-2_M-5_MI-1_O-2-1_R-50,GA-804,,CH-2,,,"{""RefId"": ""MD-2_M-5_MI-1_O-2-1_R-50"", ""ChannelId"": ""CH-2"", ""Links"": ""GA-804""}"
P-07BC-0_DI-99,51,ComObjectInstanceRef,,MD-2_M-5_MI-1_O-2-2_R-51,GA-807,,CH-2,,,"{""RefId"": ""MD-2_M-5_MI-1_O-2-2_R-51"", ""ChannelId"": ""CH-2"", ""Links"": ""GA-807""}"
P-07BC-0_DI-99,51,ComObjectInstanceRef,,MD-2_M-5_MI-1_O-2-0_R-52,GA-806,,CH-2,,,"{""RefId"": ""MD-2_M-5_MI-1_O-2-0_R-52"", ""ChannelId"": ""CH-2"", ""Links"": ""GA-806""}"
P-07BC-0_DI-99,51,ComObjectInstanceRef,,MD-2_M-5_MI-1_O-2-3_R-117,GA-805,,CH-2,,,"{""RefId"": ""MD-2_M-5_MI-1_O-2-3_R-117"", ""ChannelId"": ""CH-2"", ""Links"": ""GA-805""}"
P-07BC-0_DI-99,51,ComObjectInstanceRef,,MD-2_M-5_MI-10_O-2-0_R-1,GA-683,,CH-2,,,"{""RefId"": ""MD-2_M-5_MI-10_O-2-0_R-1"", ""ChannelId"": ""CH-2"", ""Links"": ""GA-683""}"
P-07BC-0_DI-99,51,ComObjectInstanceRef,,MD-2_M-5_MI-10_O-2-1_R-17,GA-684,,CH-2,,,"{""RefId"": ""MD-2_M-5_MI-10_O-2-1_R-17"", ""ChannelId"": ""CH-2"", ""Links"": ""GA-684""}"
P-07BC-0_DI-99,51,ComObjectInstanceRef,,MD-2_M-5_MI-11_O-2-0_R-1,GA-685,,CH-2,,,"{""RefId"": ""MD-2_M-5_MI-11_O-2-0_R-1"", ""ChannelId"": ""CH-2"", ""Links"": ""GA-685""}"
P-07BC-0_DI-99,51,ComObjectInstanceRef,,MD-2_M-5_MI-11_O-2-1_R-17,GA-686,,CH-2,,,"{""RefId"": ""MD-2_M-5_MI-11_O-2-1_R-17"", ""ChannelId"": ""CH-2"", ""Links"": ""GA-686""}"
P-07BC-0_DI-99,51,ComObjectInstanceRef,,MD-2_M-5_MI-12_O-2-0_R-1,GA-687,,CH-2,,,"{""RefId"": ""MD-2_M-5_MI-12_O-2-0_R-1"", ""ChannelId"": ""CH-2"", ""Links"": ""GA-687""}"
P-07BC-0_DI-99,51,ComObjectInstanceRef,,MD-2_M-5_MI-12_O-2-1_R-17,GA-688,,CH-2,,,"{""RefId"": ""MD-2_M-5_MI-12_O-2-1_R-17"", ""ChannelId"": ""CH-2"", ""Links"": ""GA-688""}"
P-07BC-0_DI-99,51,ComObjectInstanceRef,,MD-2_M-5_MI-13_O-2-0_R-1,GA-689,,CH-2,,,"{""RefId"": ""MD-2_M-5_MI-13_O-2-0_R-1"", ""ChannelId"": ""CH-2"", ""Links"": ""GA-689""}"
P-07BC-0_DI-99,51,ComObjectInstanceRef,,MD-2_M-5_MI-13_O-2-1_R-17,GA-690,,CH-2,,,"{""RefId"": ""MD-2_M-5_MI-13_O-2-1_R-17"", ""ChannelId"": ""CH-2"", ""Links"": ""GA-690""}"
P-07BC-0_DI-99,51,ComObjectInstanceRef,,MD-2_M-5_MI-14_O-2-0_R-1,GA-691,,CH-2,,,"{""RefId"": ""MD-2_M-5_MI-14_O-2-0_R-1"", ""ChannelId"": ""CH-2"", ""Links"": ""GA-691""}"
P-07BC-0_DI-99,51,ComObjectInstanceRef,,MD-2_M-5_MI-14_O-2-1_R-17,GA-692,,CH-2,,,"{""RefId"": ""MD-2_M-5_MI-14_O-2-1_R-17"", ""ChannelId"": ""CH-2"", ""Links"": ""GA-692""}"
P-07BC-0_DI-99,51,ComObjectInstanceRef,,MD-2_M-5_MI-15_O-2-0_R-1,GA-693,,CH-2,,,"{""RefId"": ""MD-2_M-5_MI-15_O-2-0_R-1"", ""ChannelId"": ""CH-2"", ""Links"": ""GA-693""}"
P-07BC-0_DI-99,51,ComObjectInstanceRef,,MD-2_M-5_MI-15_O-2-1_R-17,GA-694,,CH-2,,,"{""RefId"": ""MD-2_M-5_MI-15_O-2-1_R-17"", ""ChannelId"": ""CH-2"", ""Links"": ""GA-694""}"
P-07BC-0_DI-99,51,ComObjectInstanceRef,,MD-2_M-5_MI-2_O-2-0_R-1,GA-675,,CH-2,,,"{""RefId"": ""MD-2_M-5_MI-2_O-2-0_R-1"", ""ChannelId"": ""CH-2"", ""Links"": ""GA-675""}"
P-07BC-0_DI-99,51,ComObjectInstanceRef,,MD-2_M-5_MI-2_O-2-1_R-17,GA-676,,CH-2,,,"{""RefId"": ""MD-2_M-5_MI-2_O-2-1_R-17"", ""ChannelId"": ""CH-2"", ""Links"": ""GA-676""}"
P-07BC-0_DI-99,51,ComObjectInstanceRef,,MD-2_M-5_MI-3_O-2-0_R-1,GA-677,,CH-2,,,"{""RefId"": ""MD-2_M-5_MI-3_O-2-0_R-1"", ""ChannelId"": ""CH-2"", ""Links"": ""GA-677""}"
P-07BC-0_DI-99,51,ComObjectInstanceRef,,MD-2_M-5_MI-3_O-2-1_R-17,GA-678,,CH-2,,,"{""RefId"": ""MD-2_M-5_MI-3_O-2-1_R-17"", ""ChannelId"": ""CH-2"", ""Links"": ""GA-678""}"
P-07BC-0_DI-99,51,ComObjectInstanceRef,,MD-2_M-5_MI-4_O-2-0_R-1,GA-679,,CH-2,,,"{""RefId"": ""MD-2_M-5_MI-4_O-2-0_R-1"", ""ChannelId"": ""CH-2"", ""Links"": ""GA-679""}"
P-07BC-0_DI-99,51,ComObjectInstanceRef,,MD-2_M-5_MI-4_O-2-1_R-17,GA-680,,CH-2,,,"{""RefId"": ""MD-2_M-5_MI-4_O-2-1_R-17"", ""ChannelId"": ""CH-2"", ""Links"": ""GA-680""}"
P-07BC-0_DI-99,51,ComObjectInstanceRef,,MD-2_M-5_MI-5_O-2-1_R-50,GA-808,,CH-2,,,"{""RefId"": ""MD-2_M-5_MI-5_O-2-1_R-50"", ""ChannelId"": ""CH-2"", ""Links"": ""GA-808""}"
P-07BC-0_DI-99,51,ComObjectInstanceRef,,MD-2_M-5_MI-5_O-2-2_R-51,GA-811,,CH-2,,,"{""RefId"": ""MD-2_M-5_MI-5_O-2-2_R-51"", ""ChannelId"": ""CH-2"", ""Links"": ""GA-811""}"
P-07BC-0_DI-99,51,ComObjectInstanceRef,,MD-2_M-5_MI-5_O-2-0_R-52,GA-810,,CH-2,,,"{""RefId"": ""MD-2_M-5_MI-5_O-2-0_R-52"", ""ChannelId"": ""CH-2"", ""Links"": ""GA-810""}"
P-07BC-0_DI-99,51,ComObjectInstanceRef,,MD-2_M-5_MI-5_O-2-3_R-117,GA-809,,CH-2,,,"{""RefId"": ""MD-2_M-5_MI-5_O-2-3_R-117"", ""ChannelId"": ""CH-2"", ""Links"": ""GA-809""}"
P-07BC-0_DI-99,51,ComObjectInstanceRef,,MD-2_M-5_MI-6_O-2-1_R-50,GA-812,,CH-2,,,"{""RefId"": ""MD-2_M-5_MI-6_O-2-1_R-50"", ""ChannelId"": ""CH-2"", ""Links"": ""GA-812""}"
P-07BC-0_DI-99,51,ComObjectInstanceRef,,MD-2_M-5_MI-6_O-2-2_R-51,GA-815,,CH-2,,,"{""RefId"": ""MD-2_M-5_MI-6_O-2-2_R-51"", ""ChannelId"": ""CH-2"", ""Links"": ""GA-815""}"
P-07BC-0_DI-99,51,ComObjectInstanceRef,,MD-2_M-5_MI-6_O-2-0_R-52,GA-814,,CH-2,,,"{""RefId"": ""MD-2_M-5_MI-6_O-2-0_R-52"", ""ChannelId"": ""CH-2"", ""Links"": ""GA-814""}"
P-07BC-0_DI-99,51,ComObjectInstanceRef,,MD-2_M-5_MI-6_O-2-3_R-117,GA-813,,CH-2,,,"{""RefId"": ""MD-2_M-5_MI-6_O-2-3_R-117"", ""ChannelId"": ""CH-2"", ""Links"": ""GA-813""}"
P-07BC-0_DI-99,51,ComObjectInstanceRef,,MD-2_M-5_MI-7_O-2-0_R-1,GA-681,,CH-2,,,"{""RefId"": ""MD-2_M-5_MI-7_O-2-0_R-1"", ""ChannelId"": ""CH-2"", ""Links"": ""GA-681""}"
P-07BC-0_DI-99,51,ComObjectInstanceRef,,MD-2_M-5_MI-7_O-2-1_R-17,GA-682,,CH-2,,,"{""RefId"": ""MD-2_M-5_MI-7_O-2-1_R-17"", ""ChannelId"": ""CH-2"", ""Links"": ""GA-682""}"
P-07BC-0_DI-99,51,ComObjectInstanceRef,,MD-2_M-5_MI-8_O-2-1_R-50,GA-816,,CH-2,,,"{""RefId"": ""MD-2_M-5_MI-8_O-2-1_R-50"", ""ChannelId"": ""CH-2"", ""Links"": ""GA-816""}"
P-07BC-0_DI-99,51,ComObjectInstanceRef,,MD-2_M-5_MI-8_O-2-2_R-51,GA-819,,CH-2,,,"{""RefId"": ""MD-2_M-5_MI-8_O-2-2_R-51"", ""ChannelId"": ""CH-2"", ""Links"": ""GA-819""}"
P-07BC-0_DI-99,51,ComObjectInstanceRef,,MD-2_M-5_MI-8_O-2-0_R-52,GA-818,,CH-2,,,"{""RefId"": ""MD-2_M-5_MI-8_O-2-0_R-52"", ""ChannelId"": ""CH-2"", ""Links"": ""GA-818""}"
P-07BC-0_DI-99,51,ComObjectInstanceRef,,MD-2_M-5_MI-8_O-2-3_R-117,GA-817,,CH-2,,,"{""RefId"": ""MD-2_M-5_MI-8_O-2-3_R-117"", ""ChannelId"": ""CH-2"", ""Links"": ""GA-817""}"
P-07BC-0_DI-99,51,ComObjectInstanceRef,,MD-2_M-5_MI-9_O-2-1_R-50,GA-820,,CH-2,,,"{""RefId"": ""MD-2_M-5_MI-9_O-2-1_R-50"", ""ChannelId"": ""CH-2"", ""Links"": ""GA-820""}"
P-07BC-0_DI-99,51,ComObjectInstanceRef,,MD-2_M-5_MI-9_O-2-2_R-51,GA-823,,CH-2,,,"{""RefId"": ""MD-2_M-5_MI-9_O-2-2_R-51"", ""ChannelId"": ""CH-2"", ""Links"": ""GA-823""}"
P-07BC-0_DI-99,51,ComObjectInstanceRef,,MD-2_M-5_MI-9_O-2-0_R-52,GA-822,,CH-2,,,"{""RefId"": ""MD-2_M-5_MI-9_O-2-0_R-52"", ""ChannelId"": ""CH-2"", ""Links"": ""GA-822""}"
P-07BC-0_DI-99,51,ComObjectInstanceRef,,MD-2_M-5_MI-9_O-2-3_R-117,GA-821,,CH-2,,,"{""RefId"": ""MD-2_M-5_MI-9_O-2-3_R-117"", ""ChannelId"": ""CH-2"", ""Links"": ""GA-821""}"
P-07BC-0_DI-99,51,ComObjectInstanceRef,,MD-2_M-6_MI-1_O-2-0_R-1,GA-703,,CH-2,,,"{""RefId"": ""MD-2_M-6_MI-1_O-2-0_R-1"", ""ChannelId"": ""CH-2"", ""Links"": ""GA-703""}"
P-07BC-0_DI-99,51,ComObjectInstanceRef,,MD-2_M-6_MI-1_O-2-1_R-17,GA-704,,CH-2,,,"{""RefId"": ""MD-2_M-6_MI-1_O-2-1_R-17"", ""ChannelId"": ""CH-2"", ""Links"": ""GA-704""}"
P-07BC-0_DI-99,51,ComObjectInstanceRef,,MD-2_M-6_MI-10_O-2-1_R-50,GA-892,,CH-2,,,"{""RefId"": ""MD-2_M-6_MI-10_O-2-1_R-50"", ""ChannelId"": ""CH-2"", ""Links"": ""GA-892""}"
P-07BC-0_DI-99,51,ComObjectInstanceRef,,MD-2_M-6_MI-10_O-2-2_R-51,GA-895,,CH-2,,,"{""RefId"": ""MD-2_M-6_MI-10_O-2-2_R-51"", ""ChannelId"": ""CH-2"", ""Links"": ""GA-895""}"
P-07BC-0_DI-99,51,ComObjectInstanceRef,,MD-2_M-6_MI-10_O-2-0_R-52,GA-894,,CH-2,,,"{""RefId"": ""MD-2_M-6_MI-10_O-2-0_R-52"", ""ChannelId"": ""CH-2"", ""Links"": ""GA-894""}"
P-07BC-0_DI-99,51,ComObjectInstanceRef,,MD-2_M-6_MI-10_O-2-3_R-117,GA-893,,CH-2,,,"{""RefId"": ""MD-2_M-6_MI-10_O-2-3_R-117"", ""ChannelId"": ""CH-2"", ""Links"": ""GA-893""}"
P-07BC-0_DI-99,51,ComObjectInstanceRef,,MD-2_M-6_MI-11_O-2-1_R-50,GA-896,,CH-2,,,"{""RefId"": ""MD-2_M-6_MI-11_O-2-1_R-50"", ""ChannelId"": ""CH-2"", ""Links"": ""GA-896""}"
P-07BC-0_DI-99,51,ComObjectInstanceRef,,MD-2_M-6_MI-11_O-2-2_R-51,GA-899,,CH-2,,,"{""RefId"": ""MD-2_M-6_MI-11_O-2-2_R-51"", ""ChannelId"": ""CH-2"", ""Links"": ""GA-899""}"
P-07BC-0_DI-99,51,ComObjectInstanceRef,,MD-2_M-6_MI-11_O-2-0_R-52,GA-898,,CH-2,,,"{""RefId"": ""MD-2_M-6_MI-11_O-2-0_R-52"", ""ChannelId"": ""CH-2"", ""Links"": ""GA-898""}"
P-07BC-0_DI-99,51,ComObjectInstanceRef,,MD-2_M-6_MI-11_O-2-3_R-117,GA-897,,CH-2,,,"{""RefId"": ""MD-2_M-6_MI-11_O-2-3_R-117"", ""ChannelId"": ""CH-2"", ""Links"": ""GA-897""}"
P-07BC-0_DI-99,51,ComObjectInstanceRef,,MD-2_M-6_MI-12_O-2-1_R-50,GA-900,,CH-2,,,"{""RefId"": ""MD-2_M-6_MI-12_O-2-1_R-50"", ""ChannelId"": ""CH-2"", ""Links"": ""GA-900""}"
P-07BC-0_DI-99,51,ComObjectInstanceRef,,MD-2_M-6_MI-12_O-2-2_R-51,GA-903,,CH-2,,,"{""RefId"": ""MD-2_M-6_MI-12_O-2-2_R-51"", ""ChannelId"": ""CH-2"", ""Links"": ""GA-903""}"
P-07BC-0_DI-99,51,ComObjectInstanceRef,,MD-2_M-6_MI-12_O-2-0_R-52,GA-902,,CH-2,,,"{""RefId"": ""MD-2_M-6_MI-12_O-2-0_R-52"", ""ChannelId"": ""CH-2"", ""Links"": ""GA-902""}"
P-07BC-0_DI-99,51,ComObjectInstanceRef,,MD-2_M-6_MI-12_O-2-3_R-117,GA-901,,CH-2,,,"{""RefId"": ""MD-2_M-6_MI-12_O-2-3_R-117"", ""ChannelId"": ""CH-2"", ""Links"": ""GA-901""}"
P-07BC-0_DI-99,51,ComObjectInstanceRef,,MD-2_M-6_MI-13_O-2-1_R-50,GA-904,,CH-2,,,"{""RefId"": ""MD-2_M-6_MI-13_O-2-1_R-50"", ""ChannelId"": ""CH-2"", ""Links"": ""GA-904""}"
P-07BC-0_DI-99,51,ComObjectInstanceRef,,MD-2_M-6_MI-13_O-2-2_R-51,GA-907,,CH-2,,,"{""RefId"": ""MD-2_M-6_MI-13_O-2-2_R-51"", ""ChannelId"": ""CH-2"", ""Links"": ""GA-907""}"
P-07BC-0_DI-99,51,ComObjectInstanceRef,,MD-2_M-6_MI-13_O-2-0_R-52,GA-906,,CH-2,,,"{""RefId"": ""MD-2_M-6_MI-13_O-2-0_R-52"", ""ChannelId"": ""CH-2"", ""Links"": ""GA-906""}"
P-07BC-0_DI-99,51,ComObjectInstanceRef,,MD-2_M-6_MI-13_O-2-3_R-117,GA-905,,CH-2,,,"{""RefId"": ""MD-2_M-6_MI-13_O-2-3_R-117"", ""ChannelId"": ""CH-2"", ""Links"": ""GA-905""}"
P-07BC-0_DI-99,51,ComObjectInstanceRef,,MD-2_M-6_MI-14_O-2-1_R-50,GA-908,,CH-2,,,"{""RefId"": ""MD-2_M-6_MI-14_O-2-1_R-50"", ""ChannelId"": ""CH-2"", ""Links"": ""GA-908""}"
P-07BC-0_DI-99,51,ComObjectInstanceRef,,MD-2_M-6_MI-14_O-2-2_R-51,GA-911,,CH-2,,,"{""RefId"": ""MD-2_M-6_MI-14_O-2-2_R-51"", ""ChannelId"": ""CH-2"", ""Links"": ""GA-911""}"
P-07BC-0_DI-99,51,ComObjectInstanceRef,,MD-2_M-6_MI-14_O-2-0_R-52,GA-910,,CH-2,,,"{""RefId"": ""MD-2_M-6_MI-14_O-2-0_R-52"", ""ChannelId"": ""CH-2"", ""Links"": ""GA-910""}"
P-07BC-0_DI-99,51,ComObjectInstanceRef,,MD-2_M-6_MI-14_O-2-3_R-117,GA-909,,CH-2,,,"{""RefId"": ""MD-2_M-6_MI-14_O-2-3_R-117"", ""ChannelId"": ""CH-2"", ""Links"": ""GA-909""}"
P-07BC-0_DI-99,51,ComObjectInstanceRef,,MD-2_M-6_MI-15_O-2-1_R-50,GA-912,,CH-2,,,"{""RefId"": ""MD-2_M-6_MI-15_O-2-1_R-50"", ""ChannelId"": ""CH-2"", ""Links"": ""GA-912""}"
P-07BC-0_DI-99,51,ComObjectInstanceRef,,MD-2_M-6_MI-15_O-2-2_R-51,GA-915,,CH-2,,,"{""RefId"": ""MD-2_M-6_MI-15_O-2-2_R-51"", ""ChannelId"": ""CH-2"", ""Links"": ""GA-915""}"
P-07BC-0_DI-99,51,ComObjectInstanceRef,,MD-2_M-6_MI-15_O-2-0_R-52,GA-914,,CH-2,,,"{""RefId"": ""MD-2_M-6_MI-15_O-2-0_R-52"", ""ChannelId"": ""CH-2"", ""Links"": ""GA-914""}"
P-07BC-0_DI-99,51,ComObjectInstanceRef,,MD-2_M-6_MI-15_O-2-3_R-117,GA-913,,CH-2,,,"{""RefId"": ""MD-2_M-6_MI-15_O-2-3_R-117"", ""ChannelId"": ""CH-2"", ""Links"": ""GA-913""}"
P-07BC-0_DI-99,51,ComObjectInstanceRef,,MD-2_M-6_MI-2_O-2-0_R-1,GA-705,,CH-2,,,"{""RefId"": ""MD-2_M-6_MI-2_O-2-0_R-1"", ""ChannelId"": ""CH-2"", ""Links"": ""GA-705""}"
P-07BC-0_DI-99,51,ComObjectInstanceRef,,MD-2_M-6_MI-2_O-2-1_R-17,GA-706,,CH-2,,,"{""RefId"": ""MD-2_M-6_MI-2_O-2-1_R-17"", ""ChannelId"": ""CH-2"", ""Links"": ""GA-706""}"
P-07BC-0_DI-99,51,ComObjectInstanceRef,,MD-2_M-6_MI-3_O-2-0_R-1,GA-707,,CH-2,,,"{""RefId"": ""MD-2_M-6_MI-3_O-2-0_R-1"", ""ChannelId"": ""CH-2"", ""Links"": ""GA-707""}"
P-07BC-0_DI-99,51,ComObjectInstanceRef,,MD-2_M-6_MI-3_O-2-1_R-17,GA-708,,CH-2,,,"{""RefId"": ""MD-2_M-6_MI-3_O-2-1_R-17"", ""ChannelId"": ""CH-2"", ""Links"": ""GA-708""}"
P-07BC-0_DI-99,51,ComObjectInstanceRef,,MD-2_M-6_MI-4_O-2-1_R-50,GA-868,,CH-2,,,"{""RefId"": ""MD-2_M-6_MI-4_O-2-1_R-50"", ""ChannelId"": ""CH-2"", ""Links"": ""GA-868""}"
P-07BC-0_DI-99,51,ComObjectInstanceRef,,MD-2_M-6_MI-4_O-2-2_R-51,GA-871,,CH-2,,,"{""RefId"": ""MD-2_M-6_MI-4_O-2-2_R-51"", ""ChannelId"": ""CH-2"", ""Links"": ""GA-871""}"
P-07BC-0_DI-99,51,ComObjectInstanceRef,,MD-2_M-6_MI-4_O-2-0_R-52,GA-870,,CH-2,,,"{""RefId"": ""MD-2_M-6_MI-4_O-2-0_R-52"", ""ChannelId"": ""CH-2"", ""Links"": ""GA-870""}"
P-07BC-0_DI-99,51,ComObjectInstanceRef,,MD-2_M-6_MI-4_O-2-3_R-117,GA-869,,CH-2,,,"{""RefId"": ""MD-2_M-6_MI-4_O-2-3_R-117"", ""ChannelId"": ""CH-2"", ""Links"": ""GA-869""}"
P-07BC-0_DI-99,51,ComObjectInstanceRef,,MD-2_M-6_MI-5_O-2-1_R-50,GA-872,,CH-2,,,"{""RefId"": ""MD-2_M-6_MI-5_O-2-1_R-50"", ""ChannelId"": ""CH-2"", ""Links"": ""GA-872""}"
P-07BC-0_DI-99,51,ComObjectInstanceRef,,MD-2_M-6_MI-5_O-2-2_R-51,GA-875,,CH-2,,,"{""RefId"": ""MD-2_M-6_MI-5_O-2-2_R-51"", ""ChannelId"": ""CH-2"", ""Links"": ""GA-875""}"
P-07BC-0_DI-99,51,ComObjectInstanceRef,,MD-2_M-6_MI-5_O-2-0_R-52,GA-874,,CH-2,,,"{""RefId"": ""MD-2_M-6_MI-5_O-2-0_R-52"", ""ChannelId"": ""CH-2"", ""Links"": ""GA-874""}"
P-07BC-0_DI-99,51,ComObjectInstanceRef,,MD-2_M-6_MI-5_O-2-3_R-117,GA-873,,CH-2,,,"{""RefId"": ""MD-2_M-6_MI-5_O-2-3_R-117"", ""ChannelId"": ""CH-2"", ""Links"": ""GA-873""}"
P-07BC-0_DI-99,51,ComObjectInstanceRef,,MD-2_M-6_MI-6_O-2-1_R-50,GA-876,,CH-2,,,"{""RefId"": ""MD-2_M-6_MI-6_O-2-1_R-50"", ""ChannelId"": ""CH-2"", ""Links"": ""GA-876""}"
P-07BC-0_DI-99,51,ComObjectInstanceRef,,MD-2_M-6_MI-6_O-2-2_R-51,GA-879,,CH-2,,,"{""RefId"": ""MD-2_M-6_MI-6_O-2-2_R-51"", ""ChannelId"": ""CH-2"", ""Links"": ""GA-879""}"
P-07BC-0_DI-99,51,ComObjectInstanceRef,,MD-2_M-6_MI-6_O-2-0_R-52,GA-878,,CH-2,,,"{""RefId"": ""MD-2_M-6_MI-6_O-2-0_R-52"", ""ChannelId"": ""CH-2"", ""Links"": ""GA-878""}"
P-07BC-0_DI-99,51,ComObjectInstanceRef,,MD-2_M-6_MI-6_O-2-3_R-117,GA-877,,CH-2,,,"{""RefId"": ""MD-2_M-6_MI-6_O-2-3_R-117"", ""ChannelId"": ""CH-2"", ""Links"": ""GA-877""}"
P-07BC-0_DI-99,51,ComObjectInstanceRef,,MD-2_M-6_MI-7_O-2-1_R-50,GA-880,,CH-2,,,"{""RefId"": ""MD-2_M-6_MI-7_O-2-1_R-50"", ""ChannelId"": ""CH-2"", ""Links"": ""GA-880""}"
P-07BC-0_DI-99,51,ComObjectInstanceRef,,MD-2_M-6_MI-7_O-2-2_R-51,GA-883,,CH-2,,,"{""RefId"": ""MD-2_M-6_MI-7_O-2-2_R-51"", ""ChannelId"": ""CH-2"", ""Links"": ""GA-883""}"
P-07BC-0_DI-99,51,ComObjectInstanceRef,,MD-2_M-6_MI-7_O-2-0_R-52,GA-882,,CH-2,,,"{""RefId"": ""MD-2_M-6_MI-7_O-2-0_R-52"", ""ChannelId"": ""CH-2"", ""Links"": ""GA-882""}"
P-07BC-0_DI-99,51,ComObjectInstanceRef,,MD-2_M-6_MI-7_O-2-3_R-117,GA-881,,CH-2,,,"{""RefId"": ""MD-2_M-6_MI-7_O-2-3_R-117"", ""ChannelId"": ""CH-2"", ""Links"": ""GA-881""}"
P-07BC-0_DI-99,51,ComObjectInstanceRef,,MD-2_M-6_MI-8_O-2-1_R-50,GA-884,,CH-2,,,"{""RefId"": ""MD-2_M-6_MI-8_O-2-1_R-50"", ""ChannelId"": ""CH-2"", ""Links"": ""GA-884""}"
P-07BC-0_DI-99,51,ComObjectInstanceRef,,MD-2_M-6_MI-8_O-2-2_R-51,GA-887,,CH-2,,,"{""RefId"": ""MD-2_M-6_MI-8_O-2-2_R-51"", ""ChannelId"": ""CH-2"", ""Links"": ""GA-887""}"
P-07BC-0_DI-99,51,ComObjectInstanceRef,,MD-2_M-6_MI-8_O-2-0_R-52,GA-886,,CH-2,,,"{""RefId"": ""MD-2_M-6_MI-8_O-2-0_R-52"", ""ChannelId"": ""CH-2"", ""Links"": ""GA-886""}"
P-07BC-0_DI-99,51,ComObjectInstanceRef,,MD-2_M-6_MI-8_O-2-3_R-117,GA-885,,CH-2,,,"{""RefId"": ""MD-2_M-6_MI-8_O-2-3_R-117"", ""ChannelId"": ""CH-2"", ""Links"": ""GA-885""}"
P-07BC-0_DI-99,51,ComObjectInstanceRef,,MD-2_M-6_MI-9_O-2-1_R-50,GA-888,,CH-2,,,"{""RefId"": ""MD-2_M-6_MI-9_O-2-1_R-50"", ""ChannelId"": ""CH-2"", ""Links"": ""GA-888""}"
P-07BC-0_DI-99,51,ComObjectInstanceRef,,MD-2_M-6_MI-9_O-2-2_R-51,GA-891,,CH-2,,,"{""RefId"": ""MD-2_M-6_MI-9_O-2-2_R-51"", ""ChannelId"": ""CH-2"", ""Links"": ""GA-891""}"
P-07BC-0_DI-99,51,ComObjectInstanceRef,,MD-2_M-6_MI-9_O-2-0_R-52,GA-890,,CH-2,,,"{""RefId"": ""MD-2_M-6_MI-9_O-2-0_R-52"", ""ChannelId"": ""CH-2"", ""Links"": ""GA-890""}"
P-07BC-0_DI-99,51,ComObjectInstanceRef,,MD-2_M-6_MI-9_O-2-3_R-117,GA-889,,CH-2,,,"{""RefId"": ""MD-2_M-6_MI-9_O-2-3_R-117"", ""ChannelId"": ""CH-2"", ""Links"": ""GA-889""}"
P-07BC-0_DI-99,51,ComObjectInstanceRef,,MD-2_M-9_MI-1_O-2-0_R-59,GA-1197,,CH-2,,,"{""RefId"": ""MD-2_M-9_MI-1_O-2-0_R-59"", ""ChannelId"": ""CH-2"", ""Links"": ""GA-1197""}"
P-07BC-0_DI-99,51,ComObjectInstanceRef,,MD-2_M-9_MI-2_O-2-0_R-63,GA-1201,,CH-2,,,"{""RefId"": ""MD-2_M-9_MI-2_O-2-0_R-63"", ""ChannelId"": ""CH-2"", ""Links"": ""GA-1201""}"
P-07BC-0_DI-99,51,ComObjectInstanceRef,,MD-2_M-9_MI-3_O-2-0_R-54,GA-1203,,CH-2,,,"{""RefId"": ""MD-2_M-9_MI-3_O-2-0_R-54"", ""ChannelId"": ""CH-2"", ""Links"": ""GA-1203""}"
P-07BC-0_DI-99,51,ComObjectInstanceRef,,MD-2_M-9_MI-3_O-2-3_R-53,GA-1205,,CH-2,,,"{""RefId"": ""MD-2_M-9_MI-3_O-2-3_R-53"", ""ChannelId"": ""CH-2"", ""Links"": ""GA-1205""}"
P-07BC-0_DI-99,51,ComObjectInstanceRef,,MD-2_M-9_MI-4_O-2-0_R-59,GA-1207,,CH-2,,,"{""RefId"": ""MD-2_M-9_MI-4_O-2-0_R-59"", ""ChannelId"": ""CH-2"", ""Links"": ""GA-1207""}"
P-07BC-0_DI-99,51,ComObjectInstanceRef,,MD-2_M-9_MI-5_O-2-0_R-63,GA-1211,,CH-2,,,"{""RefId"": ""MD-2_M-9_MI-5_O-2-0_R-63"", ""ChannelId"": ""CH-2"", ""Links"": ""GA-1211""}"
P-07BC-0_DI-99,51,ComObjectInstanceRef,,MD-2_M-9_MI-6_O-2-0_R-54,GA-1213,,CH-2,,,"{""RefId"": ""MD-2_M-9_MI-6_O-2-0_R-54"", ""ChannelId"": ""CH-2"", ""Links"": ""GA-1213""}"
P-07BC-0_DI-99,51,ComObjectInstanceRef,,MD-2_M-9_MI-6_O-2-3_R-53,GA-1215,,CH-2,,,"{""RefId"": ""MD-2_M-9_MI-6_O-2-3_R-53"", ""ChannelId"": ""CH-2"", ""Links"": ""GA-1215""}"
P-07BC-0_DI-99,51,ComObjectInstanceRef,,MD-2_M-9_MI-7_O-2-0_R-59,GA-1217,,CH-2,,,"{""RefId"": ""MD-2_M-9_MI-7_O-2-0_R-59"", ""ChannelId"": ""CH-2"", ""Links"": ""GA-1217""}"
P-07BC-0_DI-99,51,ComObjectInstanceRef,,MD-2_M-9_MI-8_O-2-0_R-63,GA-1221,,CH-2,,,"{""RefId"": ""MD-2_M-9_MI-8_O-2-0_R-63"", ""ChannelId"": ""CH-2"", ""Links"": ""GA-1221""}"
P-07BC-0_DI-99,51,ComObjectInstanceRef,,MD-2_M-9_MI-9_O-2-0_R-54,GA-1223,,CH-2,,,"{""RefId"": ""MD-2_M-9_MI-9_O-2-0_R-54"", ""ChannelId"": ""CH-2"", ""Links"": ""GA-1223""}"
P-07BC-0_DI-99,51,ComObjectInstanceRef,,MD-2_M-9_MI-9_O-2-3_R-53,GA-1225,,CH-2,,,"{""RefId"": ""MD-2_M-9_MI-9_O-2-3_R-53"", ""ChannelId"": ""CH-2"", ""Links"": ""GA-1225""}"
P-07BC-0_DI-99,51,ComObjectInstanceRef,,MD-2_M-10_MI-1_O-2-0_R-59,GA-1147,,CH-2,,,"{""RefId"": ""MD-2_M-10_MI-1_O-2-0_R-59"", ""ChannelId"": ""CH-2"", ""Links"": ""GA-1147""}"
P-07BC-0_DI-99,51,ComObjectInstanceRef,,MD-2_M-10_MI-1_O-2-1_R-58,GA-1148,,CH-2,,,"{""RefId"": ""MD-2_M-10_MI-1_O-2-1_R-58"", ""ChannelId"": ""CH-2"", ""Links"": ""GA-1148""}"
P-07BC-0_DI-99,51,ComObjectInstanceRef,,MD-2_M-10_MI-10_O-2-0_R-59,GA-1177,,CH-2,,,"{""RefId"": ""MD-2_M-10_MI-10_O-2-0_R-59"", ""ChannelId"": ""CH-2"", ""Links"": ""GA-1177""}"
P-07BC-0_DI-99,51,ComObjectInstanceRef,,MD-2_M-10_MI-10_O-2-1_R-58,GA-1178,,CH-2,,,"{""RefId"": ""MD-2_M-10_MI-10_O-2-1_R-58"", ""ChannelId"": ""CH-2"", ""Links"": ""GA-1178""}"
P-07BC-0_DI-99,51,ComObjectInstanceRef,,MD-2_M-10_MI-11_O-2-1_R-66,GA-1182,,CH-2,,,"{""RefId"": ""MD-2_M-10_MI-11_O-2-1_R-66"", ""ChannelId"": ""CH-2"", ""Links"": ""GA-1182""}"
P-07BC-0_DI-99,51,ComObjectInstanceRef,,MD-2_M-10_MI-11_O-2-0_R-63,GA-1181,,CH-2,,,"{""RefId"": ""MD-2_M-10_MI-11_O-2-0_R-63"", ""ChannelId"": ""CH-2"", ""Links"": ""GA-1181""}"
P-07BC-0_DI-99,51,ComObjectInstanceRef,,MD-2_M-10_MI-12_O-2-0_R-54,GA-1183,,CH-2,,,"{""RefId"": ""MD-2_M-10_MI-12_O-2-0_R-54"", ""ChannelId"": ""CH-2"", ""Links"": ""GA-1183""}"
P-07BC-0_DI-99,51,ComObjectInstanceRef,,MD-2_M-10_MI-12_O-2-1_R-55,GA-1184,,CH-2,,,"{""RefId"": ""MD-2_M-10_MI-12_O-2-1_R-55"", ""ChannelId"": ""CH-2"", ""Links"": ""GA-1184""}"
P-07BC-0_DI-99,51,ComObjectInstanceRef,,MD-2_M-10_MI-12_O-2-3_R-53,GA-1185,,CH-2,,,"{""RefId"": ""MD-2_M-10_MI-12_O-2-3_R-53"", ""ChannelId"": ""CH-2"", ""Links"": ""GA-1185""}"
P-07BC-0_DI-99,51,ComObjectInstanceRef,,MD-2_M-10_MI-13_O-2-0_R-59,GA-1187,,CH-2,,,"{""RefId"": ""MD-2_M-10_MI-13_O-2-0_R-59"", ""ChannelId"": ""CH-2"", ""Links"": ""GA-1187""}"
P-07BC-0_DI-99,51,ComObjectInstanceRef,,MD-2_M-10_MI-13_O-2-1_R-58,GA-1188,,CH-2,,,"{""RefId"": ""MD-2_M-10_MI-13_O-2-1_R-58"", ""ChannelId"": ""CH-2"", ""Links"": ""GA-1188""}"
P-07BC-0_DI-99,51,ComObjectInstanceRef,,MD-2_M-10_MI-14_O-2-1_R-66,GA-1192,,CH-2,,,"{""RefId"": ""MD-2_M-10_MI-14_O-2-1_R-66"", ""ChannelId"": ""CH-2"", ""Links"": ""GA-1192""}"
P-07BC-0_DI-99,51,ComObjectInstanceRef,,MD-2_M-10_MI-14_O-2-0_R-63,GA-1191,,CH-2,,,"{""RefId"": ""MD-2_M-10_MI-14_O-2-0_R-63"", ""ChannelId"": ""CH-2"", ""Links"": ""GA-1191""}"
P-07BC-0_DI-99,51,ComObjectInstanceRef,,MD-2_M-10_MI-15_O-2-0_R-54,GA-1193,,CH-2,,,"{""RefId"": ""MD-2_M-10_MI-15_O-2-0_R-54"", ""ChannelId"": ""CH-2"", ""Links"": ""GA-1193""}"
P-07BC-0_DI-99,51,ComObjectInstanceRef,,MD-2_M-10_MI-15_O-2-1_R-55,GA-1194,,CH-2,,,"{""RefId"": ""MD-2_M-10_MI-15_O-2-1_R-55"", ""ChannelId"": ""CH-2"", ""Links"": ""GA-1194""}"
P-07BC-0_DI-99,51,ComObjectInstanceRef,,MD-2_M-10_MI-15_O-2-3_R-53,GA-1195,,CH-2,,,"{""RefId"": ""MD-2_M-10_MI-15_O-2-3_R-53"", ""ChannelId"": ""CH-2"", ""Links"": ""GA-1195""}"
P-07BC-0_DI-99,51,ComObjectInstanceRef,,MD-2_M-10_MI-2_O-2-1_R-66,GA-1152,,CH-2,,,"{""RefId"": ""MD-2_M-10_MI-2_O-2-1_R-66"", ""ChannelId"": ""CH-2"", ""Links"": ""GA-1152""}"
P-07BC-0_DI-99,51,ComObjectInstanceRef,,MD-2_M-10_MI-2_O-2-0_R-63,GA-1151,,CH-2,,,"{""RefId"": ""MD-2_M-10_MI-2_O-2-0_R-63"", ""ChannelId"": ""CH-2"", ""Links"": ""GA-1151""}"
P-07BC-0_DI-99,51,ComObjectInstanceRef,,MD-2_M-10_MI-3_O-2-0_R-54,GA-1153,,CH-2,,,"{""RefId"": ""MD-2_M-10_MI-3_O-2-0_R-54"", ""ChannelId"": ""CH-2"", ""Links"": ""GA-1153""}"
P-07BC-0_DI-99,51,ComObjectInstanceRef,,MD-2_M-10_MI-3_O-2-1_R-55,GA-1154,,CH-2,,,"{""RefId"": ""MD-2_M-10_MI-3_O-2-1_R-55"", ""ChannelId"": ""CH-2"", ""Links"": ""GA-1154""}"
P-07BC-0_DI-99,51,ComObjectInstanceRef,,MD-2_M-10_MI-3_O-2-3_R-53,GA-1155,,CH-2,,,"{""RefId"": ""MD-2_M-10_MI-3_O-2-3_R-53"", ""ChannelId"": ""CH-2"", ""Links"": ""GA-1155""}"
P-07BC-0_DI-99,51,ComObjectInstanceRef,,MD-2_M-10_MI-4_O-2-0_R-59,GA-1157,,CH-2,,,"{""RefId"": ""MD-2_M-10_MI-4_O-2-0_R-59"", ""ChannelId"": ""CH-2"", ""Links"": ""GA-1157""}"
P-07BC-0_DI-99,51,ComObjectInstanceRef,,MD-2_M-10_MI-4_O-2-1_R-58,GA-1158,,CH-2,,,"{""RefId"": ""MD-2_M-10_MI-4_O-2-1_R-58"", ""ChannelId"": ""CH-2"", ""Links"": ""GA-1158""}"
P-07BC-0_DI-99,51,ComObjectInstanceRef,,MD-2_M-10_MI-5_O-2-1_R-66,GA-1162,,CH-2,,,"{""RefId"": ""MD-2_M-10_MI-5_O-2-1_R-66"", ""ChannelId"": ""CH-2"", ""Links"": ""GA-1162""}"
P-07BC-0_DI-99,51,ComObjectInstanceRef,,MD-2_M-10_MI-5_O-2-0_R-63,GA-1161,,CH-2,,,"{""RefId"": ""MD-2_M-10_MI-5_O-2-0_R-63"", ""ChannelId"": ""CH-2"", ""Links"": ""GA-1161""}"
P-07BC-0_DI-99,51,ComObjectInstanceRef,,MD-2_M-10_MI-6_O-2-0_R-54,GA-1163,,CH-2,,,"{""RefId"": ""MD-2_M-10_MI-6_O-2-0_R-54"", ""ChannelId"": ""CH-2"", ""Links"": ""GA-1163""}"
P-07BC-0_DI-99,51,ComObjectInstanceRef,,MD-2_M-10_MI-6_O-2-1_R-55,GA-1164,,CH-2,,,"{""RefId"": ""MD-2_M-10_MI-6_O-2-1_R-55"", ""ChannelId"": ""CH-2"", ""Links"": ""GA-1164""}"
P-07BC-0_DI-99,51,ComObjectInstanceRef,,MD-2_M-10_MI-6_O-2-3_R-53,GA-1165,,CH-2,,,"{""RefId"": ""MD-2_M-10_MI-6_O-2-3_R-53"", ""ChannelId"": ""CH-2"", ""Links"": ""GA-1165""}"
P-07BC-0_DI-99,51,ComObjectInstanceRef,,MD-2_M-10_MI-7_O-2-0_R-59,GA-1167,,CH-2,,,"{""RefId"": ""MD-2_M-10_MI-7_O-2-0_R-59"", ""ChannelId"": ""CH-2"", ""Links"": ""GA-1167""}"
P-07BC-0_DI-99,51,ComObjectInstanceRef,,MD-2_M-10_MI-7_O-2-1_R-58,GA-1168,,CH-2,,,"{""RefId"": ""MD-2_M-10_MI-7_O-2-1_R-58"", ""ChannelId"": ""CH-2"", ""Links"": ""GA-1168""}"
P-07BC-0_DI-99,51,ComObjectInstanceRef,,MD-2_M-10_MI-8_O-2-1_R-66,GA-1172,,CH-2,,,"{""RefId"": ""MD-2_M-10_MI-8_O-2-1_R-66"", ""ChannelId"": ""CH-2"", ""Links"": ""GA-1172""}"
P-07BC-0_DI-99,51,ComObjectInstanceRef,,MD-2_M-10_MI-8_O-2-0_R-63,GA-1171,,CH-2,,,"{""RefId"": ""MD-2_M-10_MI-8_O-2-0_R-63"", ""ChannelId"": ""CH-2"", ""Links"": ""GA-1171""}"
P-07BC-0_DI-99,51,ComObjectInstanceRef,,MD-2_M-10_MI-9_O-2-1_R-55,GA-1174,,CH-2,,,"{""RefId"": ""MD-2_M-10_MI-9_O-2-1_R-55"", ""ChannelId"": ""CH-2"", ""Links"": ""GA-1174""}"
P-07BC-0_DI-99,51,ComObjectInstanceRef,,MD-2_M-10_MI-9_O-2-0_R-54,GA-1173,,CH-2,,,"{""RefId"": ""MD-2_M-10_MI-9_O-2-0_R-54"", ""ChannelId"": ""CH-2"", ""Links"": ""GA-1173""}"
P-07BC-0_DI-99,51,ComObjectInstanceRef,,MD-2_M-10_MI-9_O-2-3_R-53,GA-1175,,CH-2,,,"{""RefId"": ""MD-2_M-10_MI-9_O-2-3_R-53"", ""ChannelId"": ""CH-2"", ""Links"": ""GA-1175""}"
P-07BC-0_DI-99,51,ComObjectInstanceRef,,MD-2_M-11_MI-1_O-2-1_R-58,GA-1098,,CH-2,,,"{""RefId"": ""MD-2_M-11_MI-1_O-2-1_R-58"", ""ChannelId"": ""CH-2"", ""Links"": ""GA-1098""}"
P-07BC-0_DI-99,51,ComObjectInstanceRef,,MD-2_M-11_MI-1_O-2-0_R-59,GA-1097,,CH-2,,,"{""RefId"": ""MD-2_M-11_MI-1_O-2-0_R-59"", ""ChannelId"": ""CH-2"", ""Links"": ""GA-1097""}"
P-07BC-0_DI-99,51,ComObjectInstanceRef,,MD-2_M-11_MI-10_O-2-0_R-59,GA-1127,,CH-2,,,"{""RefId"": ""MD-2_M-11_MI-10_O-2-0_R-59"", ""ChannelId"": ""CH-2"", ""Links"": ""GA-1127""}"
P-07BC-0_DI-99,51,ComObjectInstanceRef,,MD-2_M-11_MI-10_O-2-1_R-58,GA-1128,,CH-2,,,"{""RefId"": ""MD-2_M-11_MI-10_O-2-1_R-58"", ""ChannelId"": ""CH-2"", ""Links"": ""GA-1128""}"
P-07BC-0_DI-99,51,ComObjectInstanceRef,,MD-2_M-11_MI-11_O-2-1_R-66,GA-1132,,CH-2,,,"{""RefId"": ""MD-2_M-11_MI-11_O-2-1_R-66"", ""ChannelId"": ""CH-2"", ""Links"": ""GA-1132""}"
P-07BC-0_DI-99,51,ComObjectInstanceRef,,MD-2_M-11_MI-11_O-2-0_R-63,GA-1131,,CH-2,,,"{""RefId"": ""MD-2_M-11_MI-11_O-2-0_R-63"", ""ChannelId"": ""CH-2"", ""Links"": ""GA-1131""}"
P-07BC-0_DI-99,51,ComObjectInstanceRef,,MD-2_M-11_MI-12_O-2-1_R-55,GA-1134,,CH-2,,,"{""RefId"": ""MD-2_M-11_MI-12_O-2-1_R-55"", ""ChannelId"": ""CH-2"", ""Links"": ""GA-1134""}"
P-07BC-0_DI-99,51,ComObjectInstanceRef,,MD-2_M-11_MI-12_O-2-0_R-54,GA-1133,,CH-2,,,"{""RefId"": ""MD-2_M-11_MI-12_O-2-0_R-54"", ""ChannelId"": ""CH-2"", ""Links"": ""GA-1133""}"
P-07BC-0_DI-99,51,ComObjectInstanceRef,,MD-2_M-11_MI-12_O-2-3_R-53,GA-1135,,CH-2,,,"{""RefId"": ""MD-2_M-11_MI-12_O-2-3_R-53"", ""ChannelId"": ""CH-2"", ""Links"": ""GA-1135""}"
P-07BC-0_DI-99,51,ComObjectInstanceRef,,MD-2_M-11_MI-13_O-2-1_R-58,GA-1138,,CH-2,,,"{""RefId"": ""MD-2_M-11_MI-13_O-2-1_R-58"", ""ChannelId"": ""CH-2"", ""Links"": ""GA-1138""}"
P-07BC-0_DI-99,51,ComObjectInstanceRef,,MD-2_M-11_MI-13_O-2-0_R-59,GA-1137,,CH-2,,,"{""RefId"": ""MD-2_M-11_MI-13_O-2-0_R-59"", ""ChannelId"": ""CH-2"", ""Links"": ""GA-1137""}"
P-07BC-0_DI-99,51,ComObjectInstanceRef,,MD-2_M-11_MI-14_O-2-1_R-66,GA-1142,,CH-2,,,"{""RefId"": ""MD-2_M-11_MI-14_O-2-1_R-66"", ""ChannelId"": ""CH-2"", ""Links"": ""GA-1142""}"
P-07BC-0_DI-99,51,ComObjectInstanceRef,,MD-2_M-11_MI-14_O-2-0_R-63,GA-1141,,CH-2,,,"{""RefId"": ""MD-2_M-11_MI-14_O-2-0_R-63"", ""ChannelId"": ""CH-2"", ""Links"": ""GA-1141""}"
P-07BC-0_DI-99,51,ComObjectInstanceRef,,MD-2_M-11_MI-15_O-2-0_R-54,GA-1143,,CH-2,,,"{""RefId"": ""MD-2_M-11_MI-15_O-2-0_R-54"", ""ChannelId"": ""CH-2"", ""Links"": ""GA-1143""}"
P-07BC-0_DI-99,51,ComObjectInstanceRef,,MD-2_M-11_MI-15_O-2-1_R-55,GA-1144,,CH-2,,,"{""RefId"": ""MD-2_M-11_MI-15_O-2-1_R-55"", ""ChannelId"": ""CH-2"", ""Links"": ""GA-1144""}"
P-07BC-0_DI-99,51,ComObjectInstanceRef,,MD-2_M-11_MI-15_O-2-3_R-53,GA-1145,,CH-2,,,"{""RefId"": ""MD-2_M-11_MI-15_O-2-3_R-53"", ""ChannelId"": ""CH-2"", ""Links"": ""GA-1145""}"
P-07BC-0_DI-99,51,ComObjectInstanceRef,,MD-2_M-11_MI-2_O-2-0_R-63,GA-1101,,CH-2,,,"{""RefId"": ""MD-2_M-11_MI-2_O-2-0_R-63"", ""ChannelId"": ""CH-2"", ""Links"": ""GA-1101""}"
P-07BC-0_DI-99,51,ComObjectInstanceRef,,MD-2_M-11_MI-2_O-2-1_R-66,GA-1102,,CH-2,,,"{""RefId"": ""MD-2_M-11_MI-2_O-2-1_R-66"", ""ChannelId"": ""CH-2"", ""Links"": ""GA-1102""}"
P-07BC-0_DI-99,51,ComObjectInstanceRef,,MD-2_M-11_MI-3_O-2-1_R-55,GA-1104,,CH-2,,,"{""RefId"": ""MD-2_M-11_MI-3_O-2-1_R-55"", ""ChannelId"": ""CH-2"", ""Links"": ""GA-1104""}"
P-07BC-0_DI-99,51,ComObjectInstanceRef,,MD-2_M-11_MI-3_O-2-0_R-54,GA-1103,,CH-2,,,"{""RefId"": ""MD-2_M-11_MI-3_O-2-0_R-54"", ""ChannelId"": ""CH-2"", ""Links"": ""GA-1103""}"
P-07BC-0_DI-99,51,ComObjectInstanceRef,,MD-2_M-11_MI-3_O-2-3_R-53,GA-1105,,CH-2,,,"{""RefId"": ""MD-2_M-11_MI-3_O-2-3_R-53"", ""ChannelId"": ""CH-2"", ""Links"": ""GA-1105""}"
P-07BC-0_DI-99,51,ComObjectInstanceRef,,MD-2_M-11_MI-4_O-2-0_R-59,GA-1107,,CH-2,,,"{""RefId"": ""MD-2_M-11_MI-4_O-2-0_R-59"", ""ChannelId"": ""CH-2"", ""Links"": ""GA-1107""}"
P-07BC-0_DI-99,51,ComObjectInstanceRef,,MD-2_M-11_MI-4_O-2-1_R-58,GA-1108,,CH-2,,,"{""RefId"": ""MD-2_M-11_MI-4_O-2-1_R-58"", ""ChannelId"": ""CH-2"", ""Links"": ""GA-1108""}"
P-07BC-0_DI-99,51,ComObjectInstanceRef,,MD-2_M-11_MI-5_O-2-1_R-66,GA-1112,,CH-2,,,"{""RefId"": ""MD-2_M-11_MI-5_O-2-1_R-66"", ""ChannelId"": ""CH-2"", ""Links"": ""GA-1112""}"
P-07BC-0_DI-99,51,ComObjectInstanceRef,,MD-2_M-11_MI-5_O-2-0_R-63,GA-1111,,CH-2,,,"{""RefId"": ""MD-2_M-11_MI-5_O-2-0_R-63"", ""ChannelId"": ""CH-2"", ""Links"": ""GA-1111""}"
P-07BC-0_DI-99,51,ComObjectInstanceRef,,MD-2_M-11_MI-6_O-2-1_R-55,GA-1114,,CH-2,,,"{""RefId"": ""MD-2_M-11_MI-6_O-2-1_R-55"", ""ChannelId"": ""CH-2"", ""Links"": ""GA-1114""}"
P-07BC-0_DI-99,51,ComObjectInstanceRef,,MD-2_M-11_MI-6_O-2-0_R-54,GA-1113,,CH-2,,,"{""RefId"": ""MD-2_M-11_MI-6_O-2-0_R-54"", ""ChannelId"": ""CH-2"", ""Links"": ""GA-1113""}"
P-07BC-0_DI-99,51,ComObjectInstanceRef,,MD-2_M-11_MI-6_O-2-3_R-53,GA-1115,,CH-2,,,"{""RefId"": ""MD-2_M-11_MI-6_O-2-3_R-53"", ""ChannelId"": ""CH-2"", ""Links"": ""GA-1115""}"
P-07BC-0_DI-99,51,ComObjectInstanceRef,,MD-2_M-11_MI-7_O-2-0_R-59,GA-1117,,CH-2,,,"{""RefId"": ""MD-2_M-11_MI-7_O-2-0_R-59"", ""ChannelId"": ""CH-2"", ""Links"": ""GA-1117""}"
P-07BC-0_DI-99,51,ComObjectInstanceRef,,MD-2_M-11_MI-7_O-2-1_R-58,GA-1118,,CH-2,,,"{""RefId"": ""MD-2_M-11_MI-7_O-2-1_R-58"", ""ChannelId"": ""CH-2"", ""Links"": ""GA-1118""}"
P-07BC-0_DI-99,51,ComObjectInstanceRef,,MD-2_M-11_MI-8_O-2-1_R-66,GA-1122,,CH-2,,,"{""RefId"": ""MD-2_M-11_MI-8_O-2-1_R-66"", ""ChannelId"": ""CH-2"", ""Links"": ""GA-1122""}"
P-07BC-0_DI-99,51,ComObjectInstanceRef,,MD-2_M-11_MI-8_O-2-0_R-63,GA-1121,,CH-2,,,"{""RefId"": ""MD-2_M-11_MI-8_O-2-0_R-63"", ""ChannelId"": ""CH-2"", ""Links"": ""GA-1121""}"
P-07BC-0_DI-99,51,ComObjectInstanceRef,,MD-2_M-11_MI-9_O-2-3_R-53,GA-1125,,CH-2,,,"{""RefId"": ""MD-2_M-11_MI-9_O-2-3_R-53"", ""ChannelId"": ""CH-2"", ""Links"": ""GA-1125""}"
P-07BC-0_DI-99,51,ComObjectInstanceRef,,MD-2_M-11_MI-9_O-2-0_R-54,GA-1123,,CH-2,,,"{""RefId"": ""MD-2_M-11_MI-9_O-2-0_R-54"", ""ChannelId"": ""CH-2"", ""Links"": ""GA-1123""}"
P-07BC-0_DI-99,51,ComObjectInstanceRef,,MD-2_M-11_MI-9_O-2-1_R-55,GA-1124,,CH-2,,,"{""RefId"": ""MD-2_M-11_MI-9_O-2-1_R-55"", ""ChannelId"": ""CH-2"", ""Links"": ""GA-1124""}"
P-07BC-0_DI-99,51,ComObjectInstanceRef,,MD-2_M-12_MI-1_O-2-2_R-46,GA-1052,,CH-2,,,"{""RefId"": ""MD-2_M-12_MI-1_O-2-2_R-46"", ""ChannelId"": ""CH-2"", ""Links"": ""GA-1052""}"
P-07BC-0_DI-99,51,ComObjectInstanceRef,,MD-2_M-12_MI-1_O-2-1_R-47,GA-1053,,CH-2,,,"{""RefId"": ""MD-2_M-12_MI-1_O-2-1_R-47"", ""ChannelId"": ""CH-2"", ""Links"": ""GA-1053""}"
P-07BC-0_DI-99,51,ComObjectInstanceRef,,MD-2_M-12_MI-1_O-2-3_R-116,GA-1054,,CH-2,,,"{""RefId"": ""MD-2_M-12_MI-1_O-2-3_R-116"", ""ChannelId"": ""CH-2"", ""Links"": ""GA-1054""}"
P-07BC-0_DI-99,51,ComObjectInstanceRef,,MD-2_M-12_MI-10_O-2-2_R-46,GA-1079,,CH-2,,,"{""RefId"": ""MD-2_M-12_MI-10_O-2-2_R-46"", ""ChannelId"": ""CH-2"", ""Links"": ""GA-1079""}"
P-07BC-0_DI-99,51,ComObjectInstanceRef,,MD-2_M-12_MI-10_O-2-1_R-47,GA-1080,,CH-2,,,"{""RefId"": ""MD-2_M-12_MI-10_O-2-1_R-47"", ""ChannelId"": ""CH-2"", ""Links"": ""GA-1080""}"
P-07BC-0_DI-99,51,ComObjectInstanceRef,,MD-2_M-12_MI-10_O-2-3_R-116,GA-1081,,CH-2,,,"{""RefId"": ""MD-2_M-12_MI-10_O-2-3_R-116"", ""ChannelId"": ""CH-2"", ""Links"": ""GA-1081""}"
P-07BC-0_DI-99,51,ComObjectInstanceRef,,MD-2_M-12_MI-11_O-2-2_R-46,GA-1082,,CH-2,,,"{""RefId"": ""MD-2_M-12_MI-11_O-2-2_R-46"", ""ChannelId"": ""CH-2"", ""Links"": ""GA-1082""}"
P-07BC-0_DI-99,51,ComObjectInstanceRef,,MD-2_M-12_MI-11_O-2-1_R-47,GA-1083,,CH-2,,,"{""RefId"": ""MD-2_M-12_MI-11_O-2-1_R-47"", ""ChannelId"": ""CH-2"", ""Links"": ""GA-1083""}"
P-07BC-0_DI-99,51,ComObjectInstanceRef,,MD-2_M-12_MI-11_O-2-3_R-116,GA-1084,,CH-2,,,"{""RefId"": ""MD-2_M-12_MI-11_O-2-3_R-116"", ""ChannelId"": ""CH-2"", ""Links"": ""GA-1084""}"
P-07BC-0_DI-99,51,ComObjectInstanceRef,,MD-2_M-12_MI-12_O-2-2_R-46,GA-1085,,CH-2,,,"{""RefId"": ""MD-2_M-12_MI-12_O-2-2_R-46"", ""ChannelId"": ""CH-2"", ""Links"": ""GA-1085""}"
P-07BC-0_DI-99,51,ComObjectInstanceRef,,MD-2_M-12_MI-12_O-2-1_R-47,GA-1086,,CH-2,,,"{""RefId"": ""MD-2_M-12_MI-12_O-2-1_R-47"", ""ChannelId"": ""CH-2"", ""Links"": ""GA-1086""}"
P-07BC-0_DI-99,51,ComObjectInstanceRef,,MD-2_M-12_MI-12_O-2-3_R-116,GA-1087,,CH-2,,,"{""RefId"": ""MD-2_M-12_MI-12_O-2-3_R-116"", ""ChannelId"": ""CH-2"", ""Links"": ""GA-1087""}"
P-07BC-0_DI-99,51,ComObjectInstanceRef,,MD-2_M-12_MI-13_O-2-2_R-46,GA-1088,,CH-2,,,"{""RefId"": ""MD-2_M-12_MI-13_O-2-2_R-46"", ""ChannelId"": ""CH-2"", ""Links"": ""GA-1088""}"
P-07BC-0_DI-99,51,ComObjectInstanceRef,,MD-2_M-12_MI-13_O-2-1_R-47,GA-1089,,CH-2,,,"{""RefId"": ""MD-2_M-12_MI-13_O-2-1_R-47"", ""ChannelId"": ""CH-2"", ""Links"": ""GA-1089""}"
P-07BC-0_DI-99,51,ComObjectInstanceRef,,MD-2_M-12_MI-13_O-2-3_R-116,GA-1090,,CH-2,,,"{""RefId"": ""MD-2_M-12_MI-13_O-2-3_R-116"", ""ChannelId"": ""CH-2"", ""Links"": ""GA-1090""}"
P-07BC-0_DI-99,51,ComObjectInstanceRef,,MD-2_M-12_MI-14_O-2-2_R-46,GA-1091,,CH-2,,,"{""RefId"": ""MD-2_M-12_MI-14_O-2-2_R-46"", ""ChannelId"": ""CH-2"", ""Links"": ""GA-1091""}"
P-07BC-0_DI-99,51,ComObjectInstanceRef,,MD-2_M-12_MI-14_O-2-1_R-47,GA-1092,,CH-2,,,"{""RefId"": ""MD-2_M-12_MI-14_O-2-1_R-47"", ""ChannelId"": ""CH-2"", ""Links"": ""GA-1092""}"
P-07BC-0_DI-99,51,ComObjectInstanceRef,,MD-2_M-12_MI-14_O-2-3_R-116,GA-1093,,CH-2,,,"{""RefId"": ""MD-2_M-12_MI-14_O-2-3_R-116"", ""ChannelId"": ""CH-2"", ""Links"": ""GA-1093""}"
P-07BC-0_DI-99,51,ComObjectInstanceRef,,MD-2_M-12_MI-15_O-2-2_R-46,GA-1094,,CH-2,,,"{""RefId"": ""MD-2_M-12_MI-15_O-2-2_R-46"", ""ChannelId"": ""CH-2"", ""Links"": ""GA-1094""}"
P-07BC-0_DI-99,51,ComObjectInstanceRef,,MD-2_M-12_MI-15_O-2-1_R-47,GA-1095,,CH-2,,,"{""RefId"": ""MD-2_M-12_MI-15_O-2-1_R-47"", ""ChannelId"": ""CH-2"", ""Links"": ""GA-1095""}"
P-07BC-0_DI-99,51,ComObjectInstanceRef,,MD-2_M-12_MI-15_O-2-3_R-116,GA-1096,,CH-2,,,"{""RefId"": ""MD-2_M-12_MI-15_O-2-3_R-116"", ""ChannelId"": ""CH-2"", ""Links"": ""GA-1096""}"
P-07BC-0_DI-99,51,ComObjectInstanceRef,,MD-2_M-12_MI-2_O-2-2_R-46,GA-1055,,CH-2,,,"{""RefId"": ""MD-2_M-12_MI-2_O-2-2_R-46"", ""ChannelId"": ""CH-2"", ""Links"": ""GA-1055""}"
P-07BC-0_DI-99,51,ComObjectInstanceRef,,MD-2_M-12_MI-2_O-2-1_R-47,GA-1056,,CH-2,,,"{""RefId"": ""MD-2_M-12_MI-2_O-2-1_R-47"", ""ChannelId"": ""CH-2"", ""Links"": ""GA-1056""}"
P-07BC-0_DI-99,51,ComObjectInstanceRef,,MD-2_M-12_MI-2_O-2-3_R-116,GA-1057,,CH-2,,,"{""RefId"": ""MD-2_M-12_MI-2_O-2-3_R-116"", ""ChannelId"": ""CH-2"", ""Links"": ""GA-1057""}"
P-07BC-0_DI-99,51,ComObjectInstanceRef,,MD-2_M-12_MI-3_O-2-2_R-46,GA-1058,,CH-2,,,"{""RefId"": ""MD-2_M-12_MI-3_O-2-2_R-46"", ""ChannelId"": ""CH-2"", ""Links"": ""GA-1058""}"
P-07BC-0_DI-99,51,ComObjectInstanceRef,,MD-2_M-12_MI-3_O-2-1_R-47,GA-1059,,CH-2,,,"{""RefId"": ""MD-2_M-12_MI-3_O-2-1_R-47"", ""ChannelId"": ""CH-2"", ""Links"": ""GA-1059""}"
P-07BC-0_DI-99,51,ComObjectInstanceRef,,MD-2_M-12_MI-3_O-2-3_R-116,GA-1060,,CH-2,,,"{""RefId"": ""MD-2_M-12_MI-3_O-2-3_R-116"", ""ChannelId"": ""CH-2"", ""Links"": ""GA-1060""}"
P-07BC-0_DI-99,51,ComObjectInstanceRef,,MD-2_M-12_MI-4_O-2-2_R-46,GA-1061,,CH-2,,,"{""RefId"": ""MD-2_M-12_MI-4_O-2-2_R-46"", ""ChannelId"": ""CH-2"", ""Links"": ""GA-1061""}"
P-07BC-0_DI-99,51,ComObjectInstanceRef,,MD-2_M-12_MI-4_O-2-1_R-47,GA-1062,,CH-2,,,"{""RefId"": ""MD-2_M-12_MI-4_O-2-1_R-47"", ""ChannelId"": ""CH-2"", ""Links"": ""GA-1062""}"
P-07BC-0_DI-99,51,ComObjectInstanceRef,,MD-2_M-12_MI-4_O-2-3_R-116,GA-1063,,CH-2,,,"{""RefId"": ""MD-2_M-12_MI-4_O-2-3_R-116"", ""ChannelId"": ""CH-2"", ""Links"": ""GA-1063""}"
P-07BC-0_DI-99,51,ComObjectInstanceRef,,MD-2_M-12_MI-5_O-2-2_R-46,GA-1064,,CH-2,,,"{""RefId"": ""MD-2_M-12_MI-5_O-2-2_R-46"", ""ChannelId"": ""CH-2"", ""Links"": ""GA-1064""}"
P-07BC-0_DI-99,51,ComObjectInstanceRef,,MD-2_M-12_MI-5_O-2-1_R-47,GA-1065,,CH-2,,,"{""RefId"": ""MD-2_M-12_MI-5_O-2-1_R-47"", ""ChannelId"": ""CH-2"", ""Links"": ""GA-1065""}"
P-07BC-0_DI-99,51,ComObjectInstanceRef,,MD-2_M-12_MI-5_O-2-3_R-116,GA-1066,,CH-2,,,"{""RefId"": ""MD-2_M-12_MI-5_O-2-3_R-116"", ""ChannelId"": ""CH-2"", ""Links"": ""GA-1066""}"
P-07BC-0_DI-99,51,ComObjectInstanceRef,,MD-2_M-12_MI-6_O-2-2_R-46,GA-1067,,CH-2,,,"{""RefId"": ""MD-2_M-12_MI-6_O-2-2_R-46"", ""ChannelId"": ""CH-2"", ""Links"": ""GA-1067""}"
P-07BC-0_DI-99,51,ComObjectInstanceRef,,MD-2_M-12_MI-6_O-2-1_R-47,GA-1068,,CH-2,,,"{""RefId"": ""MD-2_M-12_MI-6_O-2-1_R-47"", ""ChannelId"": ""CH-2"", ""Links"": ""GA-1068""}"
P-07BC-0_DI-99,51,ComObjectInstanceRef,,MD-2_M-12_MI-6_O-2-3_R-116,GA-1069,,CH-2,,,"{""RefId"": ""MD-2_M-12_MI-6_O-2-3_R-116"", ""ChannelId"": ""CH-2"", ""Links"": ""GA-1069""}"
P-07BC-0_DI-99,51,ComObjectInstanceRef,,MD-2_M-12_MI-7_O-2-2_R-46,GA-1070,,CH-2,,,"{""RefId"": ""MD-2_M-12_MI-7_O-2-2_R-46"", ""ChannelId"": ""CH-2"", ""Links"": ""GA-1070""}"
P-07BC-0_DI-99,51,ComObjectInstanceRef,,MD-2_M-12_MI-7_O-2-1_R-47,GA-1071,,CH-2,,,"{""RefId"": ""MD-2_M-12_MI-7_O-2-1_R-47"", ""ChannelId"": ""CH-2"", ""Links"": ""GA-1071""}"
P-07BC-0_DI-99,51,ComObjectInstanceRef,,MD-2_M-12_MI-7_O-2-3_R-116,GA-1072,,CH-2,,,"{""RefId"": ""MD-2_M-12_MI-7_O-2-3_R-116"", ""ChannelId"": ""CH-2"", ""Links"": ""GA-1072""}"
P-07BC-0_DI-99,51,ComObjectInstanceRef,,MD-2_M-12_MI-8_O-2-2_R-46,GA-1073,,CH-2,,,"{""RefId"": ""MD-2_M-12_MI-8_O-2-2_R-46"", ""ChannelId"": ""CH-2"", ""Links"": ""GA-1073""}"
P-07BC-0_DI-99,51,ComObjectInstanceRef,,MD-2_M-12_MI-8_O-2-1_R-47,GA-1074,,CH-2,,,"{""RefId"": ""MD-2_M-12_MI-8_O-2-1_R-47"", ""ChannelId"": ""CH-2"", ""Links"": ""GA-1074""}"
P-07BC-0_DI-99,51,ComObjectInstanceRef,,MD-2_M-12_MI-8_O-2-3_R-116,GA-1075,,CH-2,,,"{""RefId"": ""MD-2_M-12_MI-8_O-2-3_R-116"", ""ChannelId"": ""CH-2"", ""Links"": ""GA-1075""}"
P-07BC-0_DI-99,51,ComObjectInstanceRef,,MD-2_M-12_MI-9_O-2-2_R-46,GA-1076,,CH-2,,,"{""RefId"": ""MD-2_M-12_MI-9_O-2-2_R-46"", ""ChannelId"": ""CH-2"", ""Links"": ""GA-1076""}"
P-07BC-0_DI-99,51,ComObjectInstanceRef,,MD-2_M-12_MI-9_O-2-1_R-47,GA-1077,,CH-2,,,"{""RefId"": ""MD-2_M-12_MI-9_O-2-1_R-47"", ""ChannelId"": ""CH-2"", ""Links"": ""GA-1077""}"
P-07BC-0_DI-99,51,ComObjectInstanceRef,,MD-2_M-12_MI-9_O-2-3_R-116,GA-1078,,CH-2,,,"{""RefId"": ""MD-2_M-12_MI-9_O-2-3_R-116"", ""ChannelId"": ""CH-2"", ""Links"": ""GA-1078""}"
P-07BC-0_DI-99,51,ComObjectInstanceRef,,MD-2_M-13_MI-1_O-2-0_R-1,GA-719,,CH-2,,,"{""RefId"": ""MD-2_M-13_MI-1_O-2-0_R-1"", ""ChannelId"": ""CH-2"", ""Links"": ""GA-719""}"
P-07BC-0_DI-99,51,ComObjectInstanceRef,,MD-2_M-13_MI-1_O-2-1_R-17,GA-720,,CH-2,,,"{""RefId"": ""MD-2_M-13_MI-1_O-2-1_R-17"", ""ChannelId"": ""CH-2"", ""Links"": ""GA-720""}"
P-07BC-0_DI-99,51,ComObjectInstanceRef,,MD-2_M-13_MI-10_O-2-0_R-1,GA-737,,CH-2,,,"{""RefId"": ""MD-2_M-13_MI-10_O-2-0_R-1"", ""ChannelId"": ""CH-2"", ""Links"": ""GA-737""}"
P-07BC-0_DI-99,51,ComObjectInstanceRef,,MD-2_M-13_MI-10_O-2-1_R-17,GA-738,,CH-2,,,"{""RefId"": ""MD-2_M-13_MI-10_O-2-1_R-17"", ""ChannelId"": ""CH-2"", ""Links"": ""GA-738""}"
P-07BC-0_DI-99,51,ComObjectInstanceRef,,MD-2_M-13_MI-11_O-2-0_R-1,GA-635,,CH-2,,,"{""RefId"": ""MD-2_M-13_MI-11_O-2-0_R-1"", ""ChannelId"": ""CH-2"", ""Links"": ""GA-635""}"
P-07BC-0_DI-99,51,ComObjectInstanceRef,,MD-2_M-13_MI-11_O-2-1_R-17,GA-636,,CH-2,,,"{""RefId"": ""MD-2_M-13_MI-11_O-2-1_R-17"", ""ChannelId"": ""CH-2"", ""Links"": ""GA-636""}"
P-07BC-0_DI-99,51,ComObjectInstanceRef,,MD-2_M-13_MI-12_O-2-2_R-46,GA-622,,CH-2,,,"{""RefId"": ""MD-2_M-13_MI-12_O-2-2_R-46"", ""ChannelId"": ""CH-2"", ""Links"": ""GA-622""}"
P-07BC-0_DI-99,51,ComObjectInstanceRef,,MD-2_M-13_MI-12_O-2-1_R-47,GA-621,,CH-2,,,"{""RefId"": ""MD-2_M-13_MI-12_O-2-1_R-47"", ""ChannelId"": ""CH-2"", ""Links"": ""GA-621""}"
P-07BC-0_DI-99,51,ComObjectInstanceRef,,MD-2_M-13_MI-12_O-2-0_R-49,GA-620,,CH-2,,,"{""RefId"": ""MD-2_M-13_MI-12_O-2-0_R-49"", ""ChannelId"": ""CH-2"", ""Links"": ""GA-620""}"
P-07BC-0_DI-99,51,ComObjectInstanceRef,,MD-2_M-13_MI-12_O-2-3_R-116,GA-620,,CH-2,,,"{""RefId"": ""MD-2_M-13_MI-12_O-2-3_R-116"", ""ChannelId"": ""CH-2"", ""Links"": ""GA-620""}"
P-07BC-0_DI-99,51,ComObjectInstanceRef,,MD-2_M-13_MI-13_O-2-2_R-46,GA-1043,,CH-2,,,"{""RefId"": ""MD-2_M-13_MI-13_O-2-2_R-46"", ""ChannelId"": ""CH-2"", ""Links"": ""GA-1043""}"
P-07BC-0_DI-99,51,ComObjectInstanceRef,,MD-2_M-13_MI-13_O-2-1_R-47,GA-1044,,CH-2,,,"{""RefId"": ""MD-2_M-13_MI-13_O-2-1_R-47"", ""ChannelId"": ""CH-2"", ""Links"": ""GA-1044""}"
P-07BC-0_DI-99,51,ComObjectInstanceRef,,MD-2_M-13_MI-13_O-2-3_R-116,GA-1045,,CH-2,,,"{""RefId"": ""MD-2_M-13_MI-13_O-2-3_R-116"", ""ChannelId"": ""CH-2"", ""Links"": ""GA-1045""}"
P-07BC-0_DI-99,51,ComObjectInstanceRef,,MD-2_M-13_MI-14_O-2-2_R-46,GA-1046,,CH-2,,,"{""RefId"": ""MD-2_M-13_MI-14_O-2-2_R-46"", ""ChannelId"": ""CH-2"", ""Links"": ""GA-1046""}"
P-07BC-0_DI-99,51,ComObjectInstanceRef,,MD-2_M-13_MI-14_O-2-1_R-47,GA-1047,,CH-2,,,"{""RefId"": ""MD-2_M-13_MI-14_O-2-1_R-47"", ""ChannelId"": ""CH-2"", ""Links"": ""GA-1047""}"
P-07BC-0_DI-99,51,ComObjectInstanceRef,,MD-2_M-13_MI-14_O-2-3_R-116,GA-1048,,CH-2,,,"{""RefId"": ""MD-2_M-13_MI-14_O-2-3_R-116"", ""ChannelId"": ""CH-2"", ""Links"": ""GA-1048""}"
P-07BC-0_DI-99,51,ComObjectInstanceRef,,MD-2_M-13_MI-15_O-2-2_R-46,GA-1049,,CH-2,,,"{""RefId"": ""MD-2_M-13_MI-15_O-2-2_R-46"", ""ChannelId"": ""CH-2"", ""Links"": ""GA-1049""}"
P-07BC-0_DI-99,51,ComObjectInstanceRef,,MD-2_M-13_MI-15_O-2-1_R-47,GA-1050,,CH-2,,,"{""RefId"": ""MD-2_M-13_MI-15_O-2-1_R-47"", ""ChannelId"": ""CH-2"", ""Links"": ""GA-1050""}"
P-07BC-0_DI-99,51,ComObjectInstanceRef,,MD-2_M-13_MI-15_O-2-3_R-116,GA-1051,,CH-2,,,"{""RefId"": ""MD-2_M-13_MI-15_O-2-3_R-116"", ""ChannelId"": ""CH-2"", ""Links"": ""GA-1051""}"
P-07BC-0_DI-99,51,ComObjectInstanceRef,,MD-2_M-13_MI-2_O-2-0_R-1,GA-721,,CH-2,,,"{""RefId"": ""MD-2_M-13_MI-2_O-2-0_R-1"", ""ChannelId"": ""CH-2"", ""Links"": ""GA-721""}"
P-07BC-0_DI-99,51,ComObjectInstanceRef,,MD-2_M-13_MI-2_O-2-1_R-17,GA-722,,CH-2,,,"{""RefId"": ""MD-2_M-13_MI-2_O-2-1_R-17"", ""ChannelId"": ""CH-2"", ""Links"": ""GA-722""}"
P-07BC-0_DI-99,51,ComObjectInstanceRef,,MD-2_M-13_MI-3_O-2-0_R-1,GA-723,,CH-2,,,"{""RefId"": ""MD-2_M-13_MI-3_O-2-0_R-1"", ""ChannelId"": ""CH-2"", ""Links"": ""GA-723""}"
P-07BC-0_DI-99,51,ComObjectInstanceRef,,MD-2_M-13_MI-3_O-2-1_R-17,GA-724,,CH-2,,,"{""RefId"": ""MD-2_M-13_MI-3_O-2-1_R-17"", ""ChannelId"": ""CH-2"", ""Links"": ""GA-724""}"
P-07BC-0_DI-99,51,ComObjectInstanceRef,,MD-2_M-13_MI-4_O-2-0_R-1,GA-725,,CH-2,,,"{""RefId"": ""MD-2_M-13_MI-4_O-2-0_R-1"", ""ChannelId"": ""CH-2"", ""Links"": ""GA-725""}"
P-07BC-0_DI-99,51,ComObjectInstanceRef,,MD-2_M-13_MI-4_O-2-1_R-17,GA-726,,CH-2,,,"{""RefId"": ""MD-2_M-13_MI-4_O-2-1_R-17"", ""ChannelId"": ""CH-2"", ""Links"": ""GA-726""}"
P-07BC-0_DI-99,51,ComObjectInstanceRef,,MD-2_M-13_MI-5_O-2-0_R-1,GA-727,,CH-2,,,"{""RefId"": ""MD-2_M-13_MI-5_O-2-0_R-1"", ""ChannelId"": ""CH-2"", ""Links"": ""GA-727""}"
P-07BC-0_DI-99,51,ComObjectInstanceRef,,MD-2_M-13_MI-5_O-2-1_R-17,GA-728,,CH-2,,,"{""RefId"": ""MD-2_M-13_MI-5_O-2-1_R-17"", ""ChannelId"": ""CH-2"", ""Links"": ""GA-728""}"
P-07BC-0_DI-99,51,ComObjectInstanceRef,,MD-2_M-13_MI-6_O-2-0_R-1,GA-729,,CH-2,,,"{""RefId"": ""MD-2_M-13_MI-6_O-2-0_R-1"", ""ChannelId"": ""CH-2"", ""Links"": ""GA-729""}"
P-07BC-0_DI-99,51,ComObjectInstanceRef,,MD-2_M-13_MI-6_O-2-1_R-17,GA-730,,CH-2,,,"{""RefId"": ""MD-2_M-13_MI-6_O-2-1_R-17"", ""ChannelId"": ""CH-2"", ""Links"": ""GA-730""}"
P-07BC-0_DI-99,51,ComObjectInstanceRef,,MD-2_M-13_MI-7_O-2-0_R-1,GA-731,,CH-2,,,"{""RefId"": ""MD-2_M-13_MI-7_O-2-0_R-1"", ""ChannelId"": ""CH-2"", ""Links"": ""GA-731""}"
P-07BC-0_DI-99,51,ComObjectInstanceRef,,MD-2_M-13_MI-7_O-2-1_R-17,GA-732,,CH-2,,,"{""RefId"": ""MD-2_M-13_MI-7_O-2-1_R-17"", ""ChannelId"": ""CH-2"", ""Links"": ""GA-732""}"
P-07BC-0_DI-99,51,ComObjectInstanceRef,,MD-2_M-13_MI-8_O-2-0_R-1,GA-733,,CH-2,,,"{""RefId"": ""MD-2_M-13_MI-8_O-2-0_R-1"", ""ChannelId"": ""CH-2"", ""Links"": ""GA-733""}"
P-07BC-0_DI-99,51,ComObjectInstanceRef,,MD-2_M-13_MI-8_O-2-1_R-17,GA-734,,CH-2,,,"{""RefId"": ""MD-2_M-13_MI-8_O-2-1_R-17"", ""ChannelId"": ""CH-2"", ""Links"": ""GA-734""}"
P-07BC-0_DI-99,51,ComObjectInstanceRef,,MD-2_M-13_MI-9_O-2-0_R-1,GA-735,,CH-2,,,"{""RefId"": ""MD-2_M-13_MI-9_O-2-0_R-1"", ""ChannelId"": ""CH-2"", ""Links"": ""GA-735""}"
P-07BC-0_DI-99,51,ComObjectInstanceRef,,MD-2_M-13_MI-9_O-2-1_R-17,GA-736,,CH-2,,,"{""RefId"": ""MD-2_M-13_MI-9_O-2-1_R-17"", ""ChannelId"": ""CH-2"", ""Links"": ""GA-736""}"
P-07BC-0_DI-99,51,ComObjectInstanceRef,,MD-2_M-14_MI-1_O-2-1_R-50,GA-916,,CH-2,,,"{""RefId"": ""MD-2_M-14_MI-1_O-2-1_R-50"", ""ChannelId"": ""CH-2"", ""Links"": ""GA-916""}"
P-07BC-0_DI-99,51,ComObjectInstanceRef,,MD-2_M-14_MI-1_O-2-2_R-51,GA-919,,CH-2,,,"{""RefId"": ""MD-2_M-14_MI-1_O-2-2_R-51"", ""ChannelId"": ""CH-2"", ""Links"": ""GA-919""}"
P-07BC-0_DI-99,51,ComObjectInstanceRef,,MD-2_M-14_MI-1_O-2-0_R-52,GA-918,,CH-2,,,"{""RefId"": ""MD-2_M-14_MI-1_O-2-0_R-52"", ""ChannelId"": ""CH-2"", ""Links"": ""GA-918""}"
P-07BC-0_DI-99,51,ComObjectInstanceRef,,MD-2_M-14_MI-1_O-2-3_R-117,GA-917,,CH-2,,,"{""RefId"": ""MD-2_M-14_MI-1_O-2-3_R-117"", ""ChannelId"": ""CH-2"", ""Links"": ""GA-917""}"
P-07BC-0_DI-99,51,ComObjectInstanceRef,,MD-2_M-14_MI-10_O-2-1_R-50,GA-940,,CH-2,,,"{""RefId"": ""MD-2_M-14_MI-10_O-2-1_R-50"", ""ChannelId"": ""CH-2"", ""Links"": ""GA-940""}"
P-07BC-0_DI-99,51,ComObjectInstanceRef,,MD-2_M-14_MI-10_O-2-2_R-51,GA-943,,CH-2,,,"{""RefId"": ""MD-2_M-14_MI-10_O-2-2_R-51"", ""ChannelId"": ""CH-2"", ""Links"": ""GA-943""}"
P-07BC-0_DI-99,51,ComObjectInstanceRef,,MD-2_M-14_MI-10_O-2-0_R-52,GA-942,,CH-2,,,"{""RefId"": ""MD-2_M-14_MI-10_O-2-0_R-52"", ""ChannelId"": ""CH-2"", ""Links"": ""GA-942""}"
P-07BC-0_DI-99,51,ComObjectInstanceRef,,MD-2_M-14_MI-10_O-2-3_R-117,GA-941,,CH-2,,,"{""RefId"": ""MD-2_M-14_MI-10_O-2-3_R-117"", ""ChannelId"": ""CH-2"", ""Links"": ""GA-941""}"
P-07BC-0_DI-99,51,ComObjectInstanceRef,,MD-2_M-14_MI-11_O-2-1_R-50,GA-944,,CH-2,,,"{""RefId"": ""MD-2_M-14_MI-11_O-2-1_R-50"", ""ChannelId"": ""CH-2"", ""Links"": ""GA-944""}"
P-07BC-0_DI-99,51,ComObjectInstanceRef,,MD-2_M-14_MI-11_O-2-2_R-51,GA-947,,CH-2,,,"{""RefId"": ""MD-2_M-14_MI-11_O-2-2_R-51"", ""ChannelId"": ""CH-2"", ""Links"": ""GA-947""}"
P-07BC-0_DI-99,51,ComObjectInstanceRef,,MD-2_M-14_MI-11_O-2-0_R-52,GA-946,,CH-2,,,"{""RefId"": ""MD-2_M-14_MI-11_O-2-0_R-52"", ""ChannelId"": ""CH-2"", ""Links"": ""GA-946""}"
P-07BC-0_DI-99,51,ComObjectInstanceRef,,MD-2_M-14_MI-11_O-2-3_R-117,GA-945,,CH-2,,,"{""RefId"": ""MD-2_M-14_MI-11_O-2-3_R-117"", ""ChannelId"": ""CH-2"", ""Links"": ""GA-945""}"
P-07BC-0_DI-99,51,ComObjectInstanceRef,,MD-2_M-14_MI-12_O-2-1_R-50,GA-948,,CH-2,,,"{""RefId"": ""MD-2_M-14_MI-12_O-2-1_R-50"", ""ChannelId"": ""CH-2"", ""Links"": ""GA-948""}"
P-07BC-0_DI-99,51,ComObjectInstanceRef,,MD-2_M-14_MI-12_O-2-2_R-51,GA-951,,CH-2,,,"{""RefId"": ""MD-2_M-14_MI-12_O-2-2_R-51"", ""ChannelId"": ""CH-2"", ""Links"": ""GA-951""}"
P-07BC-0_DI-99,51,ComObjectInstanceRef,,MD-2_M-14_MI-12_O-2-0_R-52,GA-950,,CH-2,,,"{""RefId"": ""MD-2_M-14_MI-12_O-2-0_R-52"", ""ChannelId"": ""CH-2"", ""Links"": ""GA-950""}"
P-07BC-0_DI-99,51,ComObjectInstanceRef,,MD-2_M-14_MI-12_O-2-3_R-117,GA-949,,CH-2,,,"{""RefId"": ""MD-2_M-14_MI-12_O-2-3_R-117"", ""ChannelId"": ""CH-2"", ""Links"": ""GA-949""}"
P-07BC-0_DI-99,51,ComObjectInstanceRef,,MD-2_M-14_MI-13_O-2-1_R-50,GA-952,,CH-2,,,"{""RefId"": ""MD-2_M-14_MI-13_O-2-1_R-50"", ""ChannelId"": ""CH-2"", ""Links"": ""GA-952""}"
P-07BC-0_DI-99,51,ComObjectInstanceRef,,MD-2_M-14_MI-13_O-2-2_R-51,GA-955,,CH-2,,,"{""RefId"": ""MD-2_M-14_MI-13_O-2-2_R-51"", ""ChannelId"": ""CH-2"", ""Links"": ""GA-955""}"
P-07BC-0_DI-99,51,ComObjectInstanceRef,,MD-2_M-14_MI-13_O-2-0_R-52,GA-954,,CH-2,,,"{""RefId"": ""MD-2_M-14_MI-13_O-2-0_R-52"", ""ChannelId"": ""CH-2"", ""Links"": ""GA-954""}"
P-07BC-0_DI-99,51,ComObjectInstanceRef,,MD-2_M-14_MI-13_O-2-3_R-117,GA-953,,CH-2,,,"{""RefId"": ""MD-2_M-14_MI-13_O-2-3_R-117"", ""ChannelId"": ""CH-2"", ""Links"": ""GA-953""}"
P-07BC-0_DI-99,51,ComObjectInstanceRef,,MD-2_M-14_MI-14_O-2-0_R-1,GA-715,,CH-2,,,"{""RefId"": ""MD-2_M-14_MI-14_O-2-0_R-1"", ""ChannelId"": ""CH-2"", ""Links"": ""GA-715""}"
P-07BC-0_DI-99,51,ComObjectInstanceRef,,MD-2_M-14_MI-14_O-2-1_R-17,GA-716,,CH-2,,,"{""RefId"": ""MD-2_M-14_MI-14_O-2-1_R-17"", ""ChannelId"": ""CH-2"", ""Links"": ""GA-716""}"
P-07BC-0_DI-99,51,ComObjectInstanceRef,,MD-2_M-14_MI-15_O-2-0_R-1,GA-717,,CH-2,,,"{""RefId"": ""MD-2_M-14_MI-15_O-2-0_R-1"", ""ChannelId"": ""CH-2"", ""Links"": ""GA-717""}"
P-07BC-0_DI-99,51,ComObjectInstanceRef,,MD-2_M-14_MI-15_O-2-1_R-17,GA-718,,CH-2,,,"{""RefId"": ""MD-2_M-14_MI-15_O-2-1_R-17"", ""ChannelId"": ""CH-2"", ""Links"": ""GA-718""}"
P-07BC-0_DI-99,51,ComObjectInstanceRef,,MD-2_M-14_MI-2_O-2-1_R-50,GA-920,,CH-2,,,"{""RefId"": ""MD-2_M-14_MI-2_O-2-1_R-50"", ""ChannelId"": ""CH-2"", ""Links"": ""GA-920""}"
P-07BC-0_DI-99,51,ComObjectInstanceRef,,MD-2_M-14_MI-2_O-2-2_R-51,GA-923,,CH-2,,,"{""RefId"": ""MD-2_M-14_MI-2_O-2-2_R-51"", ""ChannelId"": ""CH-2"", ""Links"": ""GA-923""}"
P-07BC-0_DI-99,51,ComObjectInstanceRef,,MD-2_M-14_MI-2_O-2-0_R-52,GA-922,,CH-2,,,"{""RefId"": ""MD-2_M-14_MI-2_O-2-0_R-52"", ""ChannelId"": ""CH-2"", ""Links"": ""GA-922""}"
P-07BC-0_DI-99,51,ComObjectInstanceRef,,MD-2_M-14_MI-2_O-2-3_R-117,GA-921,,CH-2,,,"{""RefId"": ""MD-2_M-14_MI-2_O-2-3_R-117"", ""ChannelId"": ""CH-2"", ""Links"": ""GA-921""}"
P-07BC-0_DI-99,51,ComObjectInstanceRef,,MD-2_M-14_MI-3_O-2-1_R-50,GA-924,,CH-2,,,"{""RefId"": ""MD-2_M-14_MI-3_O-2-1_R-50"", ""ChannelId"": ""CH-2"", ""Links"": ""GA-924""}"
P-07BC-0_DI-99,51,ComObjectInstanceRef,,MD-2_M-14_MI-3_O-2-2_R-51,GA-927,,CH-2,,,"{""RefId"": ""MD-2_M-14_MI-3_O-2-2_R-51"", ""ChannelId"": ""CH-2"", ""Links"": ""GA-927""}"
P-07BC-0_DI-99,51,ComObjectInstanceRef,,MD-2_M-14_MI-3_O-2-0_R-52,GA-926,,CH-2,,,"{""RefId"": ""MD-2_M-14_MI-3_O-2-0_R-52"", ""ChannelId"": ""CH-2"", ""Links"": ""GA-926""}"
P-07BC-0_DI-99,51,ComObjectInstanceRef,,MD-2_M-14_MI-3_O-2-3_R-117,GA-925,,CH-2,,,"{""RefId"": ""MD-2_M-14_MI-3_O-2-3_R-117"", ""ChannelId"": ""CH-2"", ""Links"": ""GA-925""}"
P-07BC-0_DI-99,51,ComObjectInstanceRef,,MD-2_M-14_MI-4_O-2-1_R-50,GA-928,,CH-2,,,"{""RefId"": ""MD-2_M-14_MI-4_O-2-1_R-50"", ""ChannelId"": ""CH-2"", ""Links"": ""GA-928""}"
P-07BC-0_DI-99,51,ComObjectInstanceRef,,MD-2_M-14_MI-4_O-2-2_R-51,GA-931,,CH-2,,,"{""RefId"": ""MD-2_M-14_MI-4_O-2-2_R-51"", ""ChannelId"": ""CH-2"", ""Links"": ""GA-931""}"
P-07BC-0_DI-99,51,ComObjectInstanceRef,,MD-2_M-14_MI-4_O-2-0_R-52,GA-930,,CH-2,,,"{""RefId"": ""MD-2_M-14_MI-4_O-2-0_R-52"", ""ChannelId"": ""CH-2"", ""Links"": ""GA-930""}"
P-07BC-0_DI-99,51,ComObjectInstanceRef,,MD-2_M-14_MI-4_O-2-3_R-117,GA-929,,CH-2,,,"{""RefId"": ""MD-2_M-14_MI-4_O-2-3_R-117"", ""ChannelId"": ""CH-2"", ""Links"": ""GA-929""}"
P-07BC-0_DI-99,51,ComObjectInstanceRef,,MD-2_M-14_MI-5_O-2-0_R-1,GA-709,,CH-2,,,"{""RefId"": ""MD-2_M-14_MI-5_O-2-0_R-1"", ""ChannelId"": ""CH-2"", ""Links"": ""GA-709""}"
P-07BC-0_DI-99,51,ComObjectInstanceRef,,MD-2_M-14_MI-5_O-2-1_R-17,GA-710,,CH-2,,,"{""RefId"": ""MD-2_M-14_MI-5_O-2-1_R-17"", ""ChannelId"": ""CH-2"", ""Links"": ""GA-710""}"
P-07BC-0_DI-99,51,ComObjectInstanceRef,,MD-2_M-14_MI-6_O-2-0_R-1,GA-711,,CH-2,,,"{""RefId"": ""MD-2_M-14_MI-6_O-2-0_R-1"", ""ChannelId"": ""CH-2"", ""Links"": ""GA-711""}"
P-07BC-0_DI-99,51,ComObjectInstanceRef,,MD-2_M-14_MI-6_O-2-1_R-17,GA-712,,CH-2,,,"{""RefId"": ""MD-2_M-14_MI-6_O-2-1_R-17"", ""ChannelId"": ""CH-2"", ""Links"": ""GA-712""}"
P-07BC-0_DI-99,51,ComObjectInstanceRef,,MD-2_M-14_MI-7_O-2-0_R-1,GA-713,,CH-2,,,"{""RefId"": ""MD-2_M-14_MI-7_O-2-0_R-1"", ""ChannelId"": ""CH-2"", ""Links"": ""GA-713""}"
P-07BC-0_DI-99,51,ComObjectInstanceRef,,MD-2_M-14_MI-7_O-2-1_R-17,GA-714,,CH-2,,,"{""RefId"": ""MD-2_M-14_MI-7_O-2-1_R-17"", ""ChannelId"": ""CH-2"", ""Links"": ""GA-714""}"
P-07BC-0_DI-99,51,ComObjectInstanceRef,,MD-2_M-14_MI-8_O-2-1_R-50,GA-932,,CH-2,,,"{""RefId"": ""MD-2_M-14_MI-8_O-2-1_R-50"", ""ChannelId"": ""CH-2"", ""Links"": ""GA-932""}"
P-07BC-0_DI-99,51,ComObjectInstanceRef,,MD-2_M-14_MI-8_O-2-2_R-51,GA-935,,CH-2,,,"{""RefId"": ""MD-2_M-14_MI-8_O-2-2_R-51"", ""ChannelId"": ""CH-2"", ""Links"": ""GA-935""}"
P-07BC-0_DI-99,51,ComObjectInstanceRef,,MD-2_M-14_MI-8_O-2-0_R-52,GA-934,,CH-2,,,"{""RefId"": ""MD-2_M-14_MI-8_O-2-0_R-52"", ""ChannelId"": ""CH-2"", ""Links"": ""GA-934""}"
P-07BC-0_DI-99,51,ComObjectInstanceRef,,MD-2_M-14_MI-8_O-2-3_R-117,GA-933,,CH-2,,,"{""RefId"": ""MD-2_M-14_MI-8_O-2-3_R-117"", ""ChannelId"": ""CH-2"", ""Links"": ""GA-933""}"
P-07BC-0_DI-99,51,ComObjectInstanceRef,,MD-2_M-14_MI-9_O-2-1_R-50,GA-936,,CH-2,,,"{""RefId"": ""MD-2_M-14_MI-9_O-2-1_R-50"", ""ChannelId"": ""CH-2"", ""Links"": ""GA-936""}"
P-07BC-0_DI-99,51,ComObjectInstanceRef,,MD-2_M-14_MI-9_O-2-2_R-51,GA-939,,CH-2,,,"{""RefId"": ""MD-2_M-14_MI-9_O-2-2_R-51"", ""ChannelId"": ""CH-2"", ""Links"": ""GA-939""}"
P-07BC-0_DI-99,51,ComObjectInstanceRef,,MD-2_M-14_MI-9_O-2-0_R-52,GA-938,,CH-2,,,"{""RefId"": ""MD-2_M-14_MI-9_O-2-0_R-52"", ""ChannelId"": ""CH-2"", ""Links"": ""GA-938""}"
P-07BC-0_DI-99,51,ComObjectInstanceRef,,MD-2_M-14_MI-9_O-2-3_R-117,GA-937,,CH-2,,,"{""RefId"": ""MD-2_M-14_MI-9_O-2-3_R-117"", ""ChannelId"": ""CH-2"", ""Links"": ""GA-937""}"
