Tag,Id,Address,Number,Name,ParentArea,ParentLine,ParentSegment,ParentSpaceId,ParentSpaceName,Attributes
Installations,,,,,,,,,,{}
Installation,,,,,,,,,,"{""Name"": """", ""BCUKey"": ""4294967295"", ""DefaultLine"": ""P-07BC-0_L-3"", ""IPRoutingLatencyTolerance"": ""2000""}"
Topology,,,,,,,,,,{}
Area,P-07BC-0_A-1,0,,,0,,,,,"{""Id"": ""P-07BC-0_A-1"", ""Address"": ""0"", ""Puid"": ""1""}"
Line,P-07BC-0_L-1,0,,,0,0,,,,"{""Id"": ""P-07BC-0_L-1"", ""Address"": ""0"", ""Puid"": ""2""}"
Segment,P-07BC-0_S-1,,0,,0,0,,,,"{""Id"": ""P-07BC-0_S-1"", ""Number"": ""0"", ""MediumTypeRefId"": ""MT-5"", ""Puid"": ""3""}"
Area,P-07BC-0_A-2,1,,,1,,,,,"{""Id"": ""P-07BC-0_A-2"", ""Address"": ""1"", ""Puid"": ""4""}"
Line,P-07BC-0_L-2,0,,,1,0,,,,"{""Id"": ""P-07BC-0_L-2"", ""Address"": ""0"", ""Puid"": ""5""}"
Segment,P-07BC-0_S-2,,0,,1,0,,,,"{""Id"": ""P-07BC-0_S-2"", ""Number"": ""0"", ""MediumTypeRefId"": ""MT-5"", ""Puid"": ""6""}"
Line,P-07BC-0_L-3,1,,,1,1,,,,"{""Id"": ""P-07BC-0_L-3"", ""Address"": ""1"", ""Puid"": ""7""}"
Segment,P-07BC-0_S-3,,0,,1,1,,,,"{""Id"": ""P-07BC-0_S-3"", ""Number"": ""0"", ""MediumTypeRefId"": ""MT-0"", ""Puid"": ""8""}"
Node,,,,,1,1,,,,"{""Type"": ""Channel"", ""RefId"": ""MD-1_M-1_MI-1_CH-1""}"
Node,,,,,1,1,,,,"{""Type"": ""Folder"", ""RefId"": ""MD-1_M-1_MI-1_PB-313"", ""GroupObjectInstances"": ""MD-1_M-1_MI-1_O-2-859_R-1364 MD-1_M-1_MI-1_O-2-861_R-1352 MD-1_M-1_MI-1_O-2-862_R-1366 MD-1_M-1_MI-1_O-2-860_R-1365 MD-1_M-1_MI-1_O-2-863_R-1353""}"
Node,,,,,1,1,,,,"{""Type"": ""Folder"", ""RefId"": ""MD-1_M-1_MI-1_PB-327"", ""GroupObjectInstances"": ""MD-1_M-1_MI-1_O-2-883_R-1399 MD-1_M-1_MI-1_O-2-885_R-1387 MD-1_M-1_MI-1_O-2-886_R-1401 MD-1_M-1_MI-1_O-2-884_R-1400 MD-1_M-1_MI-1_O-2-887_R-1388""}"
Node,,,,,1,1,,,,"{""Type"": ""Folder"", ""RefId"": ""MD-1_M-1_MI-1_PB-341"", ""GroupObjectInstances"": ""MD-1_M-1_MI-1_O-2-907_R-1434 MD-1_M-1_MI-1_O-2-909_R-1422 MD-1_M-1_MI-1_O-2-910_R-1436 MD-1_M-1_MI-1_O-2-908_R-1435 MD-1_M-1_MI-1_O-2-911_R-1423""}"
Node,,,,,1,1,,,,"{""Type"": ""Folder"", ""RefId"": ""MD-1_M-1_MI-1_PB-355"", ""GroupObjectInstances"": ""MD-1_M-1_MI-1_O-2-931_R-1469 MD-1_M-1_MI-1_O-2-933_R-1457 MD-1_M-1_MI-1_O-2-934_R-1471 MD-1_M-1_MI-1_O-2-932_R-1470 MD-1_M-1_MI-1_O-2-935_R-1458""}"
Node,,,,,1,1,,,,"{""Type"": ""Folder"", ""RefId"": ""MD-1_M-1_MI-1_PB-369"", ""GroupObjectInstances"": ""MD-1_M-1_MI-1_O-2-955_R-1504 MD-1_M-1_MI-1_O-2-957_R-1492 MD-1_M-1_MI-1_O-2-958_R-1506 MD-1_M-1_MI-1_O-2-956_R-1505 MD-1_M-1_MI-1_O-2-959_R-1493""}"
Node,,,,,1,1,,,,"{""Type"": ""Folder"", ""RefId"": ""MD-1_M-1_MI-1_PB-383"", ""GroupObjectInstances"": ""MD-1_M-1_MI-1_O-2-979_R-1539 MD-1_M-1_MI-1_O-2-981_R-1527 MD-1_M-1_MI-1_O-2-982_R-1541 MD-1_M-1_MI-1_O-2-980_R-1540 MD-1_M-1_MI-1_O-2-983_R-1528""}"
Node,,,,,1,1,,,,"{""Type"": ""Folder"", ""RefId"": ""MD-1_M-1_MI-1_PB-397"", ""GroupObjectInstances"": ""MD-1_M-1_MI-1_O-2-1003_R-1574 MD-1_M-1_MI-1_O-2-1005_R-1562 MD-1_M-1_MI-1_O-2-1006_R-1576 MD-1_M-1_MI-1_O-2-1004_R-1575 MD-1_M-1_MI-1_O-2-1007_R-1563""}"
Node,,,,,1,1,,,,"{""Type"": ""Folder"", ""RefId"": ""MD-1_M-1_MI-1_PB-411"", ""GroupObjectInstances"": ""MD-1_M-1_MI-1_O-2-1027_R-1609 MD-1_M-1_MI-1_O-2-1029_R-1597 MD-1_M-1_MI-1_O-2-1030_R-1611 MD-1_M-1_MI-1_O-2-1028_R-1610 MD-1_M-1_MI-1_O-2-1031_R-1598""}"
Node,,,,,1,1,,,,"{""Type"": ""Folder"", ""RefId"": ""MD-1_M-1_MI-1_PB-425"", ""GroupObjectInstances"": ""MD-1_M-1_MI-1_O-2-1051_R-1644 MD-1_M-1_MI-1_O-2-1053_R-1632 MD-1_M-1_MI-1_O-2-1054_R-1646 MD-1_M-1_MI-1_O-2-1052_R-1645 MD-1_M-1_MI-1_O-2-1055_R-1633""}"
Node,,,,,1,1,,,,"{""Type"": ""Folder"", ""RefId"": ""MD-1_M-1_MI-1_PB-439"", ""GroupObjectInstances"": ""MD-1_M-1_MI-1_O-2-1075_R-1679 MD-1_M-1_MI-1_O-2-1077_R-1667 MD-1_M-1_MI-1_O-2-1078_R-1681 MD-1_M-1_MI-1_O-2-1076_R-1680 MD-1_M-1_MI-1_O-2-1079_R-1668""}"
Node,,,,,1,1,,,,"{""Type"": ""Folder"", ""RefId"": ""MD-1_M-1_MI-1_PB-453"", ""GroupObjectInstances"": ""MD-1_M-1_MI-1_O-2-1099_R-1714 MD-1_M-1_MI-1_O-2-1101_R-1702 MD-1_M-1_MI-1_O-2-1102_R-1716 MD-1_M-1_MI-1_O-2-1100_R-1715 MD-1_M-1_MI-1_O-2-1103_R-1703""}"
Node,,,,,1,1,,,,"{""Type"": ""Folder"", ""RefId"": ""MD-1_M-1_MI-1_PB-467"", ""GroupObjectInstances"": ""MD-1_M-1_MI-1_O-2-1123_R-1749 MD-1_M-1_MI-1_O-2-1125_R-1737 MD-1_M-1_MI-1_O-2-1126_R-1751 MD-1_M-1_MI-1_O-2-1124_R-1750 MD-1_M-1_MI-1_O-2-1127_R-1738""}"
Node,,,,,1,1,,,,"{""Type"": ""Folder"", ""RefId"": ""MD-1_M-1_MI-1_PB-481"", ""GroupObjectInstances"": ""MD-1_M-1_MI-1_O-2-1147_R-1784 MD-1_M-1_MI-1_O-2-1149_R-1772 MD-1_M-1_MI-1_O-2-1150_R-1786 MD-1_M-1_MI-1_O-2-1148_R-1785 MD-1_M-1_MI-1_O-2-1151_R-1773""}"
Node,,,,,1,1,,,,"{""Type"": ""Folder"", ""RefId"": ""MD-1_M-1_MI-1_PB-495"", ""GroupObjectInstances"": ""MD-1_M-1_MI-1_O-2-1171_R-1819 MD-1_M-1_MI-1_O-2-1173_R-1807 MD-1_M-1_MI-1_O-2-1174_R-1821 MD-1_M-1_MI-1_O-2-1172_R-1820 MD-1_M-1_MI-1_O-2-1175_R-1808""}"
Node,,,,,1,1,,,,"{""Type"": ""Folder"", ""RefId"": ""MD-1_M-1_MI-1_PB-509"", ""GroupObjectInstances"": ""MD-1_M-1_MI-1_O-2-1195_R-1854 MD-1_M-1_MI-1_O-2-1197_R-1842 MD-1_M-1_MI-1_O-2-1198_R-1856 MD-1_M-1_MI-1_O-2-1196_R-1855 MD-1_M-1_MI-1_O-2-1199_R-1843""}"
Node,,,,,1,1,,,,"{""Type"": ""Folder"", ""RefId"": ""MD-1_M-1_MI-1_PB-523"", ""GroupObjectInstances"": ""MD-1_M-1_MI-1_O-2-1219_R-1889 MD-1_M-1_MI-1_O-2-1221_R-1877 MD-1_M-1_MI-1_O-2-1222_R-1891 MD-1_M-1_MI-1_O-2-1220_R-1890 MD-1_M-1_MI-1_O-2-1223_R-1878""}"
Node,,,,,1,1,,,,"{""Type"": ""Folder"", ""RefId"": ""MD-1_M-1_MI-1_PB-537"", ""GroupObjectInstances"": ""MD-1_M-1_MI-1_O-2-1243_R-1924 MD-1_M-1_MI-1_O-2-1245_R-1912 MD-1_M-1_MI-1_O-2-1246_R-1926 MD-1_M-1_MI-1_O-2-1244_R-1925 MD-1_M-1_MI-1_O-2-1247_R-1913""}"
Node,,,,,1,1,,,,"{""Type"": ""Folder"", ""RefId"": ""MD-1_M-1_MI-1_PB-551"", ""GroupObjectInstances"": ""MD-1_M-1_MI-1_O-2-1267_R-1959 MD-1_M-1_MI-1_O-2-1269_R-1947 MD-1_M-1_MI-1_O-2-1270_R-1961 MD-1_M-1_MI-1_O-2-1268_R-1960 MD-1_M-1_MI-1_O-2-1271_R-1948""}"
Node,,,,,1,1,,,,"{""Type"": ""Folder"", ""RefId"": ""MD-1_M-1_MI-1_PB-565"", ""GroupObjectInstances"": ""MD-1_M-1_MI-1_O-2-1291_R-1994 MD-1_M-1_MI-1_O-2-1293_R-1982 MD-1_M-1_MI-1_O-2-1294_R-1996 MD-1_M-1_MI-1_O-2-1292_R-1995 MD-1_M-1_MI-1_O-2-1295_R-1983""}"
Node,,,,,1,1,,,,"{""Type"": ""Folder"", ""RefId"": ""MD-1_M-1_MI-1_PB-579"", ""GroupObjectInstances"": ""MD-1_M-1_MI-1_O-2-1315_R-2029 MD-1_M-1_MI-1_O-2-1317_R-2017 MD-1_M-1_MI-1_O-2-1318_R-2031 MD-1_M-1_MI-1_O-2-1316_R-2030 MD-1_M-1_MI-1_O-2-1319_R-2018""}"
Node,,,,,1,1,,,,"{""Type"": ""Folder"", ""RefId"": ""MD-1_M-1_MI-1_PB-593"", ""GroupObjectInstances"": ""MD-1_M-1_MI-1_O-2-1339_R-2064 MD-1_M-1_MI-1_O-2-1341_R-2052 MD-1_M-1_MI-1_O-2-1342_R-2066 MD-1_M-1_MI-1_O-2-1340_R-2065 MD-1_M-1_MI-1_O-2-1343_R-2053""}"
Node,,,,,1,1,,,,"{""Type"": ""Folder"", ""RefId"": ""MD-1_M-1_MI-1_PB-607"", ""GroupObjectInstances"": ""MD-1_M-1_MI-1_O-2-1363_R-2099 MD-1_M-1_MI-1_O-2-1365_R-2087 MD-1_M-1_MI-1_O-2-1366_R-2101 MD-1_M-1_MI-1_O-2-1364_R-2100 MD-1_M-1_MI-1_O-2-1367_R-2088""}"
Node,,,,,1,1,,,,"{""Type"": ""Folder"", ""RefId"": ""MD-1_M-1_MI-1_PB-621"", ""GroupObjectInstances"": ""MD-1_M-1_MI-1_O-2-1387_R-2134 MD-1_M-1_MI-1_O-2-1389_R-2122 MD-1_M-1_MI-1_O-2-1390_R-2136 MD-1_M-1_MI-1_O-2-1388_R-2135 MD-1_M-1_MI-1_O-2-1391_R-2123""}"
Node,,,,,1,1,,,,"{""Type"": ""Folder"", ""RefId"": ""MD-1_M-1_MI-1_PB-635"", ""GroupObjectInstances"": ""MD-1_M-1_MI-1_O-2-1411_R-2169 MD-1_M-1_MI-1_O-2-1413_R-2157 MD-1_M-1_MI-1_O-2-1414_R-2171 MD-1_M-1_MI-1_O-2-1412_R-2170 MD-1_M-1_MI-1_O-2-1415_R-2158""}"
Node,,,,,1,1,,,,"{""Type"": ""Folder"", ""RefId"": ""MD-1_M-1_MI-1_PB-649"", ""GroupObjectInstances"": ""MD-1_M-1_MI-1_O-2-1435_R-2204 MD-1_M-1_MI-1_O-2-1437_R-2192 MD-1_M-1_MI-1_O-2-1438_R-2206 MD-1_M-1_MI-1_O-2-1436_R-2205 MD-1_M-1_MI-1_O-2-1439_R-2193""}"
Node,,,,,1,1,,,,"{""Type"": ""Folder"", ""RefId"": ""MD-1_M-1_MI-1_PB-663"", ""GroupObjectInstances"": ""MD-1_M-1_MI-1_O-2-1459_R-2239 MD-1_M-1_MI-1_O-2-1461_R-2227 MD-1_M-1_MI-1_O-2-1462_R-2241 MD-1_M-1_MI-1_O-2-1460_R-2240 MD-1_M-1_MI-1_O-2-1463_R-2228""}"
Node,,,,,1,1,,,,"{""Type"": ""Folder"", ""RefId"": ""MD-1_M-1_MI-1_PB-677"", ""GroupObjectInstances"": ""MD-1_M-1_MI-1_O-2-1483_R-2274 MD-1_M-1_MI-1_O-2-1485_R-2262 MD-1_M-1_MI-1_O-2-1486_R-2276 MD-1_M-1_MI-1_O-2-1484_R-2275 MD-1_M-1_MI-1_O-2-1487_R-2263""}"
Node,,,,,1,1,,,,"{""Type"": ""Folder"", ""RefId"": ""MD-1_M-1_MI-1_PB-691"", ""GroupObjectInstances"": ""MD-1_M-1_MI-1_O-2-1507_R-2309 MD-1_M-1_MI-1_O-2-1509_R-2297 MD-1_M-1_MI-1_O-2-1510_R-2311 MD-1_M-1_MI-1_O-2-1508_R-2310 MD-1_M-1_MI-1_O-2-1511_R-2298""}"
Node,,,,,1,1,,,,"{""Type"": ""Folder"", ""RefId"": ""MD-1_M-1_MI-1_PB-705"", ""GroupObjectInstances"": ""MD-1_M-1_MI-1_O-2-1531_R-2344 MD-1_M-1_MI-1_O-2-1533_R-2332 MD-1_M-1_MI-1_O-2-1534_R-2346 MD-1_M-1_MI-1_O-2-1532_R-2345 MD-1_M-1_MI-1_O-2-1535_R-2333""}"
Node,,,,,1,1,,,,"{""Type"": ""Folder"", ""RefId"": ""MD-1_M-1_MI-1_PB-719"", ""GroupObjectInstances"": ""MD-1_M-1_MI-1_O-2-1555_R-2379 MD-1_M-1_MI-1_O-2-1557_R-2367 MD-1_M-1_MI-1_O-2-1558_R-2381 MD-1_M-1_MI-1_O-2-1556_R-2380 MD-1_M-1_MI-1_O-2-1559_R-2368""}"
Node,,,,,1,1,,,,"{""Type"": ""Folder"", ""RefId"": ""MD-1_M-1_MI-1_PB-733"", ""GroupObjectInstances"": ""MD-1_M-1_MI-1_O-2-1579_R-2414 MD-1_M-1_MI-1_O-2-1581_R-2402 MD-1_M-1_MI-1_O-2-1582_R-2416 MD-1_M-1_MI-1_O-2-1580_R-2415 MD-1_M-1_MI-1_O-2-1583_R-2403""}"
Node,,,,,1,1,,,,"{""Type"": ""Folder"", ""RefId"": ""MD-1_M-1_MI-1_PB-747"", ""GroupObjectInstances"": ""MD-1_M-1_MI-1_O-2-1603_R-2449 MD-1_M-1_MI-1_O-2-1605_R-2437 MD-1_M-1_MI-1_O-2-1606_R-2451 MD-1_M-1_MI-1_O-2-1604_R-2450 MD-1_M-1_MI-1_O-2-1607_R-2438""}"
Node,,,,,1,1,,,,"{""Type"": ""Folder"", ""RefId"": ""MD-1_M-1_MI-1_PB-761"", ""GroupObjectInstances"": ""MD-1_M-1_MI-1_O-2-1627_R-2484 MD-1_M-1_MI-1_O-2-1629_R-2472 MD-1_M-1_MI-1_O-2-1630_R-2486 MD-1_M-1_MI-1_O-2-1628_R-2485 MD-1_M-1_MI-1_O-2-1631_R-2473""}"
Node,,,,,1,1,,,,"{""Type"": ""Folder"", ""RefId"": ""MD-1_M-1_MI-1_PB-775"", ""GroupObjectInstances"": ""MD-1_M-1_MI-1_O-2-1651_R-2519 MD-1_M-1_MI-1_O-2-1653_R-2507 MD-1_M-1_MI-1_O-2-1654_R-2521 MD-1_M-1_MI-1_O-2-1652_R-2520 MD-1_M-1_MI-1_O-2-1655_R-2508""}"
Node,,,,,1,1,,,,"{""Type"": ""Folder"", ""RefId"": ""MD-1_M-1_MI-1_PB-789"", ""GroupObjectInstances"": ""MD-1_M-1_MI-1_O-2-1675_R-2554 MD-1_M-1_MI-1_O-2-1677_R-2542 MD-1_M-1_MI-1_O-2-1678_R-2556 MD-1_M-1_MI-1_O-2-1676_R-2555 MD-1_M-1_MI-1_O-2-1679_R-2543""}"
Node,,,,,1,1,,,,"{""Type"": ""Folder"", ""RefId"": ""MD-1_M-1_MI-1_PB-803"", ""GroupObjectInstances"": ""MD-1_M-1_MI-1_O-2-1699_R-2589 MD-1_M-1_MI-1_O-2-1701_R-2577 MD-1_M-1_MI-1_O-2-1702_R-2591 MD-1_M-1_MI-1_O-2-1700_R-2590 MD-1_M-1_MI-1_O-2-1703_R-2578""}"
Node,,,,,1,1,,,,"{""Type"": ""Folder"", ""RefId"": ""MD-1_M-1_MI-1_PB-817"", ""GroupObjectInstances"": ""MD-1_M-1_MI-1_O-2-1723_R-2624 MD-1_M-1_MI-1_O-2-1725_R-2612 MD-1_M-1_MI-1_O-2-1726_R-2626 MD-1_M-1_MI-1_O-2-1724_R-2625 MD-1_M-1_MI-1_O-2-1727_R-2613""}"
Node,,,,,1,1,,,,"{""Type"": ""Folder"", ""RefId"": ""MD-1_M-1_MI-1_PB-831"", ""GroupObjectInstances"": ""MD-1_M-1_MI-1_O-2-1747_R-2659 MD-1_M-1_MI-1_O-2-1749_R-2647 MD-1_M-1_MI-1_O-2-1750_R-2661 MD-1_M-1_MI-1_O-2-1748_R-2660 MD-1_M-1_MI-1_O-2-1751_R-2648""}"
Node,,,,,1,1,,,,"{""Type"": ""Folder"", ""RefId"": ""MD-1_M-1_MI-1_PB-845"", ""GroupObjectInstances"": ""MD-1_M-1_MI-1_O-2-1771_R-2694 MD-1_M-1_MI-1_O-2-1773_R-2682 MD-1_M-1_MI-1_O-2-1774_R-2696 MD-1_M-1_MI-1_O-2-1772_R-2695 MD-1_M-1_MI-1_O-2-1775_R-2683""}"
Node,,,,,1,1,,,,"{""Type"": ""Folder"", ""RefId"": ""MD-1_M-1_MI-1_PB-859"", ""GroupObjectInstances"": ""MD-1_M-1_MI-1_O-2-1795_R-2729 MD-1_M-1_MI-1_O-2-1797_R-2717 MD-1_M-1_MI-1_O-2-1798_R-2731 MD-1_M-1_MI-1_O-2-1796_R-2730 MD-1_M-1_MI-1_O-2-1799_R-2718""}"
Node,,,,,1,1,,,,"{""Type"": ""Folder"", ""RefId"": ""MD-1_M-1_MI-1_PB-873"", ""GroupObjectInstances"": ""MD-1_M-1_MI-1_O-2-1819_R-2764 MD-1_M-1_MI-1_O-2-1821_R-2752 MD-1_M-1_MI-1_O-2-1822_R-2766 MD-1_M-1_MI-1_O-2-1820_R-2765 MD-1_M-1_MI-1_O-2-1823_R-2753""}"
Node,,,,,1,1,,,,"{""Type"": ""Folder"", ""RefId"": ""MD-1_M-1_MI-1_PB-887"", ""GroupObjectInstances"": ""MD-1_M-1_MI-1_O-2-1843_R-2799 MD-1_M-1_MI-1_O-2-1845_R-2787 MD-1_M-1_MI-1_O-2-1846_R-2801 MD-1_M-1_MI-1_O-2-1844_R-2800 MD-1_M-1_MI-1_O-2-1847_R-2788""}"
Node,,,,,1,1,,,,"{""Type"": ""Folder"", ""RefId"": ""MD-1_M-1_MI-1_PB-901"", ""GroupObjectInstances"": ""MD-1_M-1_MI-1_O-2-1867_R-2834 MD-1_M-1_MI-1_O-2-1869_R-2822 MD-1_M-1_MI-1_O-2-1870_R-2836 MD-1_M-1_MI-1_O-2-1868_R-2835 MD-1_M-1_MI-1_O-2-1871_R-2823""}"
Node,,,,,1,1,,,,"{""Type"": ""Folder"", ""RefId"": ""MD-1_M-1_MI-1_PB-915"", ""GroupObjectInstances"": ""MD-1_M-1_MI-1_O-2-1891_R-2869 MD-1_M-1_MI-1_O-2-1893_R-2857 MD-1_M-1_MI-1_O-2-1894_R-2871 MD-1_M-1_MI-1_O-2-1892_R-2870 MD-1_M-1_MI-1_O-2-1895_R-2858""}"
Node,,,,,1,1,,,,"{""Type"": ""Folder"", ""RefId"": ""MD-1_M-1_MI-1_PB-929"", ""GroupObjectInstances"": ""MD-1_M-1_MI-1_O-2-1915_R-2904 MD-1_M-1_MI-1_O-2-1917_R-2892 MD-1_M-1_MI-1_O-2-1918_R-2906 MD-1_M-1_MI-1_O-2-1916_R-2905 MD-1_M-1_MI-1_O-2-1919_R-2893""}"
Node,,,,,1,1,,,,"{""Type"": ""Folder"", ""RefId"": ""MD-1_M-1_MI-1_PB-943"", ""GroupObjectInstances"": ""MD-1_M-1_MI-1_O-2-1939_R-2939 MD-1_M-1_MI-1_O-2-1941_R-2927 MD-1_M-1_MI-1_O-2-1942_R-2941 MD-1_M-1_MI-1_O-2-1940_R-2940 MD-1_M-1_MI-1_O-2-1943_R-2928""}"
Node,,,,,1,1,,,,"{""Type"": ""Folder"", ""RefId"": ""MD-1_M-1_MI-1_PB-957"", ""GroupObjectInstances"": ""MD-1_M-1_MI-1_O-2-1963_R-2974 MD-1_M-1_MI-1_O-2-1965_R-2962 MD-1_M-1_MI-1_O-2-1966_R-2976 MD-1_M-1_MI-1_O-2-1964_R-2975 MD-1_M-1_MI-1_O-2-1967_R-2963""}"
Node,,,,,1,1,,,,"{""Type"": ""Folder"", ""RefId"": ""MD-1_M-1_MI-1_PB-971"", ""GroupObjectInstances"": ""MD-1_M-1_MI-1_O-2-1987_R-3009 MD-1_M-1_MI-1_O-2-1989_R-2997 MD-1_M-1_MI-1_O-2-1990_R-3011 MD-1_M-1_MI-1_O-2-1988_R-3010 MD-1_M-1_MI-1_O-2-1991_R-2998""}"
Node,,,,,1,1,,,,"{""Type"": ""Folder"", ""RefId"": ""MD-1_M-1_MI-1_PB-985"", ""GroupObjectInstances"": ""MD-1_M-1_MI-1_O-2-2011_R-3044 MD-1_M-1_MI-1_O-2-2013_R-3032 MD-1_M-1_MI-1_O-2-2014_R-3046 MD-1_M-1_MI-1_O-2-2012_R-3045 MD-1_M-1_MI-1_O-2-2015_R-3033""}"
Node,,,,,1,1,,,,"{""Type"": ""Folder"", ""RefId"": ""MD-1_M-1_MI-1_PB-999"", ""GroupObjectInstances"": ""MD-1_M-1_MI-1_O-2-2035_R-3079 MD-1_M-1_MI-1_O-2-2037_R-3067 MD-1_M-1_MI-1_O-2-2038_R-3081 MD-1_M-1_MI-1_O-2-2036_R-3080 MD-1_M-1_MI-1_O-2-2039_R-3068""}"
Node,,,,,1,1,,,,"{""Type"": ""Folder"", ""RefId"": ""MD-1_M-1_MI-1_PB-1013"", ""GroupObjectInstances"": ""MD-1_M-1_MI-1_O-2-2059_R-3114 MD-1_M-1_MI-1_O-2-2061_R-3102 MD-1_M-1_MI-1_O-2-2062_R-3116 MD-1_M-1_MI-1_O-2-2060_R-3115 MD-1_M-1_MI-1_O-2-2063_R-3103""}"
Node,,,,,1,1,,,,"{""Type"": ""Folder"", ""RefId"": ""MD-1_M-1_MI-1_PB-1027"", ""GroupObjectInstances"": ""MD-1_M-1_MI-1_O-2-2083_R-3149 MD-1_M-1_MI-1_O-2-2085_R-3137 MD-1_M-1_MI-1_O-2-2086_R-3151 MD-1_M-1_MI-1_O-2-2084_R-3150 MD-1_M-1_MI-1_O-2-2087_R-3138""}"
Node,,,,,1,1,,,,"{""Type"": ""Folder"", ""RefId"": ""MD-1_M-1_MI-1_PB-1041"", ""GroupObjectInstances"": ""MD-1_M-1_MI-1_O-2-2107_R-3184 MD-1_M-1_MI-1_O-2-2109_R-3172 MD-1_M-1_MI-1_O-2-2110_R-3186 MD-1_M-1_MI-1_O-2-2108_R-3185 MD-1_M-1_MI-1_O-2-2111_R-3173""}"
Node,,,,,1,1,,,,"{""Type"": ""Folder"", ""RefId"": ""MD-1_M-1_MI-1_PB-1055"", ""GroupObjectInstances"": ""MD-1_M-1_MI-1_O-2-2131_R-3219 MD-1_M-1_MI-1_O-2-2133_R-3207 MD-1_M-1_MI-1_O-2-2134_R-3221 MD-1_M-1_MI-1_O-2-2132_R-3220 MD-1_M-1_MI-1_O-2-2135_R-3208""}"
Node,,,,,1,1,,,,"{""Type"": ""Folder"", ""RefId"": ""MD-1_M-1_MI-1_PB-1069"", ""GroupObjectInstances"": ""MD-1_M-1_MI-1_O-2-2155_R-3254 MD-1_M-1_MI-1_O-2-2157_R-3242 MD-1_M-1_MI-1_O-2-2158_R-3256 MD-1_M-1_MI-1_O-2-2156_R-3255 MD-1_M-1_MI-1_O-2-2159_R-3243""}"
Node,,,,,1,1,,,,"{""Type"": ""Folder"", ""RefId"": ""MD-1_M-1_MI-1_PB-1083"", ""GroupObjectInstances"": ""MD-1_M-1_MI-1_O-2-2179_R-3289 MD-1_M-1_MI-1_O-2-2181_R-3277 MD-1_M-1_MI-1_O-2-2182_R-3291 MD-1_M-1_MI-1_O-2-2180_R-3290 MD-1_M-1_MI-1_O-2-2183_R-3278""}"
Node,,,,,1,1,,,,"{""Type"": ""Folder"", ""RefId"": ""MD-1_M-1_MI-1_PB-1097"", ""GroupObjectInstances"": ""MD-1_M-1_MI-1_O-2-2203_R-3324 MD-1_M-1_MI-1_O-2-2205_R-3312 MD-1_M-1_MI-1_O-2-2206_R-3326 MD-1_M-1_MI-1_O-2-2204_R-3325 MD-1_M-1_MI-1_O-2-2207_R-3313""}"
Node,,,,,1,1,,,,"{""Type"": ""Folder"", ""RefId"": ""MD-1_M-1_MI-1_PB-1111"", ""GroupObjectInstances"": ""MD-1_M-1_MI-1_O-2-2227_R-3359 MD-1_M-1_MI-1_O-2-2229_R-3347 MD-1_M-1_MI-1_O-2-2230_R-3361 MD-1_M-1_MI-1_O-2-2228_R-3360 MD-1_M-1_MI-1_O-2-2231_R-3348""}"
Node,,,,,1,1,,,,"{""Type"": ""Folder"", ""RefId"": ""MD-1_M-1_MI-1_PB-1125"", ""GroupObjectInstances"": ""MD-1_M-1_MI-1_O-2-2251_R-3394 MD-1_M-1_MI-1_O-2-2253_R-3382 MD-1_M-1_MI-1_O-2-2254_R-3396 MD-1_M-1_MI-1_O-2-2252_R-3395 MD-1_M-1_MI-1_O-2-2255_R-3383""}"
Node,,,,,1,1,,,,"{""Type"": ""Folder"", ""RefId"": ""MD-1_M-1_MI-1_PB-1139"", ""GroupObjectInstances"": ""MD-1_M-1_MI-1_O-2-2275_R-3429 MD-1_M-1_MI-1_O-2-2277_R-3417 MD-1_M-1_MI-1_O-2-2278_R-3431 MD-1_M-1_MI-1_O-2-2276_R-3430 MD-1_M-1_MI-1_O-2-2279_R-3418""}"
Node,,,,,1,1,,,,"{""Type"": ""Folder"", ""RefId"": ""MD-1_M-1_MI-1_PB-1153"", ""GroupObjectInstances"": ""MD-1_M-1_MI-1_O-2-2299_R-3464 MD-1_M-1_MI-1_O-2-2301_R-3452 MD-1_M-1_MI-1_O-2-2302_R-3466 MD-1_M-1_MI-1_O-2-2300_R-3465 MD-1_M-1_MI-1_O-2-2303_R-3453""}"
Node,,,,,1,1,,,,"{""Type"": ""Folder"", ""RefId"": ""MD-1_M-1_MI-1_PB-1167"", ""GroupObjectInstances"": ""MD-1_M-1_MI-1_O-2-2323_R-3499 MD-1_M-1_MI-1_O-2-2325_R-3487 MD-1_M-1_MI-1_O-2-2326_R-3501 MD-1_M-1_MI-1_O-2-2324_R-3500 MD-1_M-1_MI-1_O-2-2327_R-3488""}"
Node,,,,,1,1,,,,"{""Type"": ""Folder"", ""RefId"": ""MD-1_M-1_MI-1_PB-1181"", ""GroupObjectInstances"": ""MD-1_M-1_MI-1_O-2-2347_R-3534 MD-1_M-1_MI-1_O-2-2349_R-3522 MD-1_M-1_MI-1_O-2-2350_R-3536 MD-1_M-1_MI-1_O-2-2348_R-3535 MD-1_M-1_MI-1_O-2-2351_R-3523""}"
Node,,,,,1,1,,,,"{""Type"": ""Folder"", ""RefId"": ""MD-1_M-1_MI-1_PB-1195"", ""GroupObjectInstances"": ""MD-1_M-1_MI-1_O-2-2371_R-3569 MD-1_M-1_MI-1_O-2-2373_R-3557 MD-1_M-1_MI-1_O-2-2374_R-3571 MD-1_M-1_MI-1_O-2-2372_R-3570 MD-1_M-1_MI-1_O-2-2375_R-3558""}"
Node,,,,,1,1,,,,"{""Type"": ""Channel"", ""RefId"": ""MD-1_M-1_MI-1_CH-1""}"
Node,,,,,1,1,,,,"{""Type"": ""Folder"", ""RefId"": ""MD-1_M-1_MI-1_PB-313"", ""GroupObjectInstances"": ""MD-1_M-1_MI-1_O-2-859_R-1364 MD-1_M-1_MI-1_O-2-861_R-1352 MD-1_M-1_MI-1_O-2-862_R-1366 MD-1_M-1_MI-1_O-2-860_R-1365 MD-1_M-1_MI-1_O-2-863_R-1353""}"
Node,,,,,1,1,,,,"{""Type"": ""Folder"", ""RefId"": ""MD-1_M-1_MI-1_PB-327"", ""GroupObjectInstances"": ""MD-1_M-1_MI-1_O-2-883_R-1399 MD-1_M-1_MI-1_O-2-885_R-1387 MD-1_M-1_MI-1_O-2-886_R-1401 MD-1_M-1_MI-1_O-2-884_R-1400 MD-1_M-1_MI-1_O-2-887_R-1388""}"
Node,,,,,1,1,,,,"{""Type"": ""Folder"", ""RefId"": ""MD-1_M-1_MI-1_PB-341"", ""GroupObjectInstances"": ""MD-1_M-1_MI-1_O-2-907_R-1434 MD-1_M-1_MI-1_O-2-909_R-1422 MD-1_M-1_MI-1_O-2-910_R-1436 MD-1_M-1_MI-1_O-2-908_R-1435 MD-1_M-1_MI-1_O-2-911_R-1423""}"
Node,,,,,1,1,,,,"{""Type"": ""Folder"", ""RefId"": ""MD-1_M-1_MI-1_PB-355"", ""GroupObjectInstances"": ""MD-1_M-1_MI-1_O-2-931_R-1469 MD-1_M-1_MI-1_O-2-933_R-1457 MD-1_M-1_MI-1_O-2-934_R-1471 MD-1_M-1_MI-1_O-2-932_R-1470 MD-1_M-1_MI-1_O-2-935_R-1458""}"
Node,,,,,1,1,,,,"{""Type"": ""Folder"", ""RefId"": ""MD-1_M-1_MI-1_PB-369"", ""GroupObjectInstances"": ""MD-1_M-1_MI-1_O-2-955_R-1504 MD-1_M-1_MI-1_O-2-957_R-1492 MD-1_M-1_MI-1_O-2-958_R-1506 MD-1_M-1_MI-1_O-2-956_R-1505 MD-1_M-1_MI-1_O-2-959_R-1493""}"
Node,,,,,1,1,,,,"{""Type"": ""Folder"", ""RefId"": ""MD-1_M-1_MI-1_PB-383"", ""GroupObjectInstances"": ""MD-1_M-1_MI-1_O-2-979_R-1539 MD-1_M-1_MI-1_O-2-981_R-1527 MD-1_M-1_MI-1_O-2-982_R-1541 MD-1_M-1_MI-1_O-2-980_R-1540 MD-1_M-1_MI-1_O-2-983_R-1528""}"
Node,,,,,1,1,,,,"{""Type"": ""Folder"", ""RefId"": ""MD-1_M-1_MI-1_PB-397"", ""GroupObjectInstances"": ""MD-1_M-1_MI-1_O-2-1003_R-1574 MD-1_M-1_MI-1_O-2-1005_R-1562 MD-1_M-1_MI-1_O-2-1006_R-1576 MD-1_M-1_MI-1_O-2-1004_R-1575 MD-1_M-1_MI-1_O-2-1007_R-1563""}"
Node,,,,,1,1,,,,"{""Type"": ""Folder"", ""RefId"": ""MD-1_M-1_MI-1_PB-411"", ""GroupObjectInstances"": ""MD-1_M-1_MI-1_O-2-1027_R-1609 MD-1_M-1_MI-1_O-2-1029_R-1597 MD-1_M-1_MI-1_O-2-1030_R-1611 MD-1_M-1_MI-1_O-2-1028_R-1610 MD-1_M-1_MI-1_O-2-1031_R-1598""}"
Node,,,,,1,1,,,,"{""Type"": ""Folder"", ""RefId"": ""MD-1_M-1_MI-1_PB-425"", ""GroupObjectInstances"": ""MD-1_M-1_MI-1_O-2-1051_R-1644 MD-1_M-1_MI-1_O-2-1053_R-1632 MD-1_M-1_MI-1_O-2-1054_R-1646 MD-1_M-1_MI-1_O-2-1052_R-1645 MD-1_M-1_MI-1_O-2-1055_R-1633""}"
Node,,,,,1,1,,,,"{""Type"": ""Folder"", ""RefId"": ""MD-1_M-1_MI-1_PB-439"", ""GroupObjectInstances"": ""MD-1_M-1_MI-1_O-2-1075_R-1679 MD-1_M-1_MI-1_O-2-1077_R-1667 MD-1_M-1_MI-1_O-2-1078_R-1681 MD-1_M-1_MI-1_O-2-1076_R-1680 MD-1_M-1_MI-1_O-2-1079_R-1668""}"
Node,,,,,1,1,,,,"{""Type"": ""Folder"", ""RefId"": ""MD-1_M-1_MI-1_PB-453"", ""GroupObjectInstances"": ""MD-1_M-1_MI-1_O-2-1099_R-1714 MD-1_M-1_MI-1_O-2-1101_R-1702 MD-1_M-1_MI-1_O-2-1102_R-1716 MD-1_M-1_MI-1_O-2-1100_R-1715 MD-1_M-1_MI-1_O-2-1103_R-1703""}"
Node,,,,,1,1,,,,"{""Type"": ""Folder"", ""RefId"": ""MD-1_M-1_MI-1_PB-467"", ""GroupObjectInstances"": ""MD-1_M-1_MI-1_O-2-1123_R-1749 MD-1_M-1_MI-1_O-2-1125_R-1737 MD-1_M-1_MI-1_O-2-1126_R-1751 MD-1_M-1_MI-1_O-2-1124_R-1750 MD-1_M-1_MI-1_O-2-1127_R-1738""}"
Node,,,,,1,1,,,,"{""Type"": ""Folder"", ""RefId"": ""MD-1_M-1_MI-1_PB-481"", ""GroupObjectInstances"": ""MD-1_M-1_MI-1_O-2-1147_R-1784 MD-1_M-1_MI-1_O-2-1149_R-1772 MD-1_M-1_MI-1_O-2-1150_R-1786 MD-1_M-1_MI-1_O-2-1148_R-1785 MD-1_M-1_MI-1_O-2-1151_R-1773""}"
Node,,,,,1,1,,,,"{""Type"": ""Folder"", ""RefId"": ""MD-1_M-1_MI-1_PB-495"", ""GroupObjectInstances"": ""MD-1_M-1_MI-1_O-2-1171_R-1819 MD-1_M-1_MI-1_O-2-1173_R-1807 MD-1_M-1_MI-1_O-2-1174_R-1821 MD-1_M-1_MI-1_O-2-1172_R-1820 MD-1_M-1_MI-1_O-2-1175_R-1808""}"
Node,,,,,1,1,,,,"{""Type"": ""Folder"", ""RefId"": ""MD-1_M-1_MI-1_PB-509"", ""GroupObjectInstances"": ""MD-1_M-1_MI-1_O-2-1195_R-1854 MD-1_M-1_MI-1_O-2-1197_R-1842 MD-1_M-1_MI-1_O-2-1198_R-1856 MD-1_M-1_MI-1_O-2-1196_R-1855 MD-1_M-1_MI-1_O-2-1199_R-1843""}"
Node,,,,,1,1,,,,"{""Type"": ""Folder"", ""RefId"": ""MD-1_M-1_MI-1_PB-523"", ""GroupObjectInstances"": ""MD-1_M-1_MI-1_O-2-1219_R-1889 MD-1_M-1_MI-1_O-2-1221_R-1877 MD-1_M-1_MI-1_O-2-1222_R-1891 MD-1_M-1_MI-1_O-2-1220_R-1890 MD-1_M-1_MI-1_O-2-1223_R-1878""}"
Node,,,,,1,1,,,,"{""Type"": ""Folder"", ""RefId"": ""MD-1_M-1_MI-1_PB-537"", ""GroupObjectInstances"": ""MD-1_M-1_MI-1_O-2-1243_R-1924 MD-1_M-1_MI-1_O-2-1245_R-1912 MD-1_M-1_MI-1_O-2-1246_R-1926 MD-1_M-1_MI-1_O-2-1244_R-1925 MD-1_M-1_MI-1_O-2-1247_R-1913""}"
Node,,,,,1,1,,,,"{""Type"": ""Folder"", ""RefId"": ""MD-1_M-1_MI-1_PB-551"", ""GroupObjectInstances"": ""MD-1_M-1_MI-1_O-2-1267_R-1959 MD-1_M-1_MI-1_O-2-1269_R-1947 MD-1_M-1_MI-1_O-2-1270_R-1961 MD-1_M-1_MI-1_O-2-1268_R-1960 MD-1_M-1_MI-1_O-2-1271_R-1948""}"
Node,,,,,1,1,,,,"{""Type"": ""Folder"", ""RefId"": ""MD-1_M-1_MI-1_PB-565"", ""GroupObjectInstances"": ""MD-1_M-1_MI-1_O-2-1291_R-1994 MD-1_M-1_MI-1_O-2-1293_R-1982 MD-1_M-1_MI-1_O-2-1294_R-1996 MD-1_M-1_MI-1_O-2-1292_R-1995 MD-1_M-1_MI-1_O-2-1295_R-1983""}"
Node,,,,,1,1,,,,"{""Type"": ""Folder"", ""RefId"": ""MD-1_M-1_MI-1_PB-579"", ""GroupObjectInstances"": ""MD-1_M-1_MI-1_O-2-1315_R-2029 MD-1_M-1_MI-1_O-2-1317_R-2017 MD-1_M-1_MI-1_O-2-1318_R-2031 MD-1_M-1_MI-1_O-2-1316_R-2030 MD-1_M-1_MI-1_O-2-1319_R-2018""}"
Node,,,,,1,1,,,,"{""Type"": ""Folder"", ""RefId"": ""MD-1_M-1_MI-1_PB-593"", ""GroupObjectInstances"": ""MD-1_M-1_MI-1_O-2-1339_R-2064 MD-1_M-1_MI-1_O-2-1341_R-2052 MD-1_M-1_MI-1_O-2-1342_R-2066 MD-1_M-1_MI-1_O-2-1340_R-2065 MD-1_M-1_MI-1_O-2-1343_R-2053""}"
Node,,,,,1,1,,,,"{""Type"": ""Folder"", ""RefId"": ""MD-1_M-1_MI-1_PB-607"", ""GroupObjectInstances"": ""MD-1_M-1_MI-1_O-2-1363_R-2099 MD-1_M-1_MI-1_O-2-1365_R-2087 MD-1_M-1_MI-1_O-2-1366_R-2101 MD-1_M-1_MI-1_O-2-1364_R-2100 MD-1_M-1_MI-1_O-2-1367_R-2088""}"
Node,,,,,1,1,,,,"{""Type"": ""Folder"", ""RefId"": ""MD-1_M-1_MI-1_PB-621"", ""GroupObjectInstances"": ""MD-1_M-1_MI-1_O-2-1387_R-2134 MD-1_M-1_MI-1_O-2-1389_R-2122 MD-1_M-1_MI-1_O-2-1390_R-2136 MD-1_M-1_MI-1_O-2-1388_R-2135 MD-1_M-1_MI-1_O-2-1391_R-2123""}"
Node,,,,,1,1,,,,"{""Type"": ""Folder"", ""RefId"": ""MD-1_M-1_MI-1_PB-635"", ""GroupObjectInstances"": ""MD-1_M-1_MI-1_O-2-1411_R-2169 MD-1_M-1_MI-1_O-2-1413_R-2157 MD-1_M-1_MI-1_O-2-1414_R-2171 MD-1_M-1_MI-1_O-2-1412_R-2170 MD-1_M-1_MI-1_O-2-1415_R-2158""}"
Node,,,,,1,1,,,,"{""Type"": ""Folder"", ""RefId"": ""MD-1_M-1_MI-1_PB-649"", ""GroupObjectInstances"": ""MD-1_M-1_MI-1_O-2-1435_R-2204 MD-1_M-1_MI-1_O-2-1437_R-2192 MD-1_M-1_MI-1_O-2-1438_R-2206 MD-1_M-1_MI-1_O-2-1436_R-2205 MD-1_M-1_MI-1_O-2-1439_R-2193""}"
Node,,,,,1,1,,,,"{""Type"": ""Folder"", ""RefId"": ""MD-1_M-1_MI-1_PB-663"", ""GroupObjectInstances"": ""MD-1_M-1_MI-1_O-2-1459_R-2239 MD-1_M-1_MI-1_O-2-1461_R-2227 MD-1_M-1_MI-1_O-2-1462_R-2241 MD-1_M-1_MI-1_O-2-1460_R-2240 MD-1_M-1_MI-1_O-2-1463_R-2228""}"
Node,,,,,1,1,,,,"{""Type"": ""Folder"", ""RefId"": ""MD-1_M-1_MI-1_PB-677"", ""GroupObjectInstances"": ""MD-1_M-1_MI-1_O-2-1483_R-2274 MD-1_M-1_MI-1_O-2-1485_R-2262 MD-1_M-1_MI-1_O-2-1486_R-2276 MD-1_M-1_MI-1_O-2-1484_R-2275 MD-1_M-1_MI-1_O-2-1487_R-2263""}"
Node,,,,,1,1,,,,"{""Type"": ""Folder"", ""RefId"": ""MD-1_M-1_MI-1_PB-691"", ""GroupObjectInstances"": ""MD-1_M-1_MI-1_O-2-1507_R-2309 MD-1_M-1_MI-1_O-2-1509_R-2297 MD-1_M-1_MI-1_O-2-1510_R-2311 MD-1_M-1_MI-1_O-2-1508_R-2310 MD-1_M-1_MI-1_O-2-1511_R-2298""}"
Node,,,,,1,1,,,,"{""Type"": ""Folder"", ""RefId"": ""MD-1_M-1_MI-1_PB-705"", ""GroupObjectInstances"": ""MD-1_M-1_MI-1_O-2-1531_R-2344 MD-1_M-1_MI-1_O-2-1533_R-2332 MD-1_M-1_MI-1_O-2-1534_R-2346 MD-1_M-1_MI-1_O-2-1532_R-2345 MD-1_M-1_MI-1_O-2-1535_R-2333""}"
Node,,,,,1,1,,,,"{""Type"": ""Folder"", ""RefId"": ""MD-1_M-1_MI-1_PB-719"", ""GroupObjectInstances"": ""MD-1_M-1_MI-1_O-2-1555_R-2379 MD-1_M-1_MI-1_O-2-1557_R-2367 MD-1_M-1_MI-1_O-2-1558_R-2381 MD-1_M-1_MI-1_O-2-1556_R-2380 MD-1_M-1_MI-1_O-2-1559_R-2368""}"
Node,,,,,1,1,,,,"{""Type"": ""Folder"", ""RefId"": ""MD-1_M-1_MI-1_PB-733"", ""GroupObjectInstances"": ""MD-1_M-1_MI-1_O-2-1579_R-2414 MD-1_M-1_MI-1_O-2-1581_R-2402 MD-1_M-1_MI-1_O-2-1582_R-2416 MD-1_M-1_MI-1_O-2-1580_R-2415 MD-1_M-1_MI-1_O-2-1583_R-2403""}"
Node,,,,,1,1,,,,"{""Type"": ""Folder"", ""RefId"": ""MD-1_M-1_MI-1_PB-747"", ""GroupObjectInstances"": ""MD-1_M-1_MI-1_O-2-1603_R-2449 MD-1_M-1_MI-1_O-2-1605_R-2437 MD-1_M-1_MI-1_O-2-1606_R-2451 MD-1_M-1_MI-1_O-2-1604_R-2450 MD-1_M-1_MI-1_O-2-1607_R-2438""}"
Node,,,,,1,1,,,,"{""Type"": ""Folder"", ""RefId"": ""MD-1_M-1_MI-1_PB-761"", ""GroupObjectInstances"": ""MD-1_M-1_MI-1_O-2-1627_R-2484 MD-1_M-1_MI-1_O-2-1629_R-2472 MD-1_M-1_MI-1_O-2-1630_R-2486 MD-1_M-1_MI-1_O-2-1628_R-2485 MD-1_M-1_MI-1_O-2-1631_R-2473""}"
Node,,,,,1,1,,,,"{""Type"": ""Folder"", ""RefId"": ""MD-1_M-1_MI-1_PB-775"", ""GroupObjectInstances"": ""MD-1_M-1_MI-1_O-2-1651_R-2519 MD-1_M-1_MI-1_O-2-1653_R-2507 MD-1_M-1_MI-1_O-2-1654_R-2521 MD-1_M-1_MI-1_O-2-1652_R-2520 MD-1_M-1_MI-1_O-2-1655_R-2508""}"
Node,,,,,1,1,,,,"{""Type"": ""Folder"", ""RefId"": ""MD-1_M-1_MI-1_PB-789"", ""GroupObjectInstances"": ""MD-1_M-1_MI-1_O-2-1675_R-2554 MD-1_M-1_MI-1_O-2-1677_R-2542 MD-1_M-1_MI-1_O-2-1678_R-2556 MD-1_M-1_MI-1_O-2-1676_R-2555 MD-1_M-1_MI-1_O-2-1679_R-2543""}"
Node,,,,,1,1,,,,"{""Type"": ""Folder"", ""RefId"": ""MD-1_M-1_MI-1_PB-803"", ""GroupObjectInstances"": ""MD-1_M-1_MI-1_O-2-1699_R-2589 MD-1_M-1_MI-1_O-2-1701_R-2577 MD-1_M-1_MI-1_O-2-1702_R-2591 MD-1_M-1_MI-1_O-2-1700_R-2590 MD-1_M-1_MI-1_O-2-1703_R-2578""}"
Node,,,,,1,1,,,,"{""Type"": ""Folder"", ""RefId"": ""MD-1_M-1_MI-1_PB-817"", ""GroupObjectInstances"": ""MD-1_M-1_MI-1_O-2-1723_R-2624 MD-1_M-1_MI-1_O-2-1725_R-2612 MD-1_M-1_MI-1_O-2-1726_R-2626 MD-1_M-1_MI-1_O-2-1724_R-2625 MD-1_M-1_MI-1_O-2-1727_R-2613""}"
Node,,,,,1,1,,,,"{""Type"": ""Folder"", ""RefId"": ""MD-1_M-1_MI-1_PB-831"", ""GroupObjectInstances"": ""MD-1_M-1_MI-1_O-2-1747_R-2659 MD-1_M-1_MI-1_O-2-1749_R-2647 MD-1_M-1_MI-1_O-2-1750_R-2661 MD-1_M-1_MI-1_O-2-1748_R-2660 MD-1_M-1_MI-1_O-2-1751_R-2648""}"
Node,,,,,1,1,,,,"{""Type"": ""Folder"", ""RefId"": ""MD-1_M-1_MI-1_PB-845"", ""GroupObjectInstances"": ""MD-1_M-1_MI-1_O-2-1771_R-2694 MD-1_M-1_MI-1_O-2-1773_R-2682 MD-1_M-1_MI-1_O-2-1774_R-2696 MD-1_M-1_MI-1_O-2-1772_R-2695 MD-1_M-1_MI-1_O-2-1775_R-2683""}"
Node,,,,,1,1,,,,"{""Type"": ""Folder"", ""RefId"": ""MD-1_M-1_MI-1_PB-859"", ""GroupObjectInstances"": ""MD-1_M-1_MI-1_O-2-1795_R-2729 MD-1_M-1_MI-1_O-2-1797_R-2717 MD-1_M-1_MI-1_O-2-1798_R-2731 MD-1_M-1_MI-1_O-2-1796_R-2730 MD-1_M-1_MI-1_O-2-1799_R-2718""}"
Node,,,,,1,1,,,,"{""Type"": ""Folder"", ""RefId"": ""MD-1_M-1_MI-1_PB-873"", ""GroupObjectInstances"": ""MD-1_M-1_MI-1_O-2-1819_R-2764 MD-1_M-1_MI-1_O-2-1821_R-2752 MD-1_M-1_MI-1_O-2-1822_R-2766 MD-1_M-1_MI-1_O-2-1820_R-2765 MD-1_M-1_MI-1_O-2-1823_R-2753""}"
Node,,,,,1,1,,,,"{""Type"": ""Folder"", ""RefId"": ""MD-1_M-1_MI-1_PB-887"", ""GroupObjectInstances"": ""MD-1_M-1_MI-1_O-2-1843_R-2799 MD-1_M-1_MI-1_O-2-1845_R-2787 MD-1_M-1_MI-1_O-2-1846_R-2801 MD-1_M-1_MI-1_O-2-1844_R-2800 MD-1_M-1_MI-1_O-2-1847_R-2788""}"
Node,,,,,1,1,,,,"{""Type"": ""Folder"", ""RefId"": ""MD-1_M-1_MI-1_PB-901"", ""GroupObjectInstances"": ""MD-1_M-1_MI-1_O-2-1867_R-2834 MD-1_M-1_MI-1_O-2-1869_R-2822 MD-1_M-1_MI-1_O-2-1870_R-2836 MD-1_M-1_MI-1_O-2-1868_R-2835 MD-1_M-1_MI-1_O-2-1871_R-2823""}"
Node,,,,,1,1,,,,"{""Type"": ""Folder"", ""RefId"": ""MD-1_M-1_MI-1_PB-915"", ""GroupObjectInstances"": ""MD-1_M-1_MI-1_O-2-1891_R-2869 MD-1_M-1_MI-1_O-2-1893_R-2857 MD-1_M-1_MI-1_O-2-1894_R-2871 MD-1_M-1_MI-1_O-2-1892_R-2870 MD-1_M-1_MI-1_O-2-1895_R-2858""}"
Node,,,,,1,1,,,,"{""Type"": ""Folder"", ""RefId"": ""MD-1_M-1_MI-1_PB-929"", ""GroupObjectInstances"": ""MD-1_M-1_MI-1_O-2-1915_R-2904 MD-1_M-1_MI-1_O-2-1917_R-2892 MD-1_M-1_MI-1_O-2-1918_R-2906 MD-1_M-1_MI-1_O-2-1916_R-2905 MD-1_M-1_MI-1_O-2-1919_R-2893""}"
Node,,,,,1,1,,,,"{""Type"": ""Folder"", ""RefId"": ""MD-1_M-1_MI-1_PB-943"", ""GroupObjectInstances"": ""MD-1_M-1_MI-1_O-2-1939_R-2939 MD-1_M-1_MI-1_O-2-1941_R-2927 MD-1_M-1_MI-1_O-2-1942_R-2941 MD-1_M-1_MI-1_O-2-1940_R-2940 MD-1_M-1_MI-1_O-2-1943_R-2928""}"
Node,,,,,1,1,,,,"{""Type"": ""Folder"", ""RefId"": ""MD-1_M-1_MI-1_PB-957"", ""GroupObjectInstances"": ""MD-1_M-1_MI-1_O-2-1963_R-2974 MD-1_M-1_MI-1_O-2-1965_R-2962 MD-1_M-1_MI-1_O-2-1966_R-2976 MD-1_M-1_MI-1_O-2-1964_R-2975 MD-1_M-1_MI-1_O-2-1967_R-2963""}"
Node,,,,,1,1,,,,"{""Type"": ""Folder"", ""RefId"": ""MD-1_M-1_MI-1_PB-971"", ""GroupObjectInstances"": ""MD-1_M-1_MI-1_O-2-1987_R-3009 MD-1_M-1_MI-1_O-2-1989_R-2997 MD-1_M-1_MI-1_O-2-1990_R-3011 MD-1_M-1_MI-1_O-2-1988_R-3010 MD-1_M-1_MI-1_O-2-1991_R-2998""}"
Node,,,,,1,1,,,,"{""Type"": ""Folder"", ""RefId"": ""MD-1_M-1_MI-1_PB-985"", ""GroupObjectInstances"": ""MD-1_M-1_MI-1_O-2-2011_R-3044 MD-1_M-1_MI-1_O-2-2013_R-3032 MD-1_M-1_MI-1_O-2-2014_R-3046 MD-1_M-1_MI-1_O-2-2012_R-3045 MD-1_M-1_MI-1_O-2-2015_R-3033""}"
Node,,,,,1,1,,,,"{""Type"": ""Folder"", ""RefId"": ""MD-1_M-1_MI-1_PB-999"", ""GroupObjectInstances"": ""MD-1_M-1_MI-1_O-2-2035_R-3079 MD-1_M-1_MI-1_O-2-2037_R-3067 MD-1_M-1_MI-1_O-2-2038_R-3081 MD-1_M-1_MI-1_O-2-2036_R-3080 MD-1_M-1_MI-1_O-2-2039_R-3068""}"
Node,,,,,1,1,,,,"{""Type"": ""Folder"", ""RefId"": ""MD-1_M-1_MI-1_PB-1013"", ""GroupObjectInstances"": ""MD-1_M-1_MI-1_O-2-2059_R-3114 MD-1_M-1_MI-1_O-2-2061_R-3102 MD-1_M-1_MI-1_O-2-2062_R-3116 MD-1_M-1_MI-1_O-2-2060_R-3115 MD-1_M-1_MI-1_O-2-2063_R-3103""}"
Node,,,,,1,1,,,,"{""Type"": ""Folder"", ""RefId"": ""MD-1_M-1_MI-1_PB-1027"", ""GroupObjectInstances"": ""MD-1_M-1_MI-1_O-2-2083_R-3149 MD-1_M-1_MI-1_O-2-2085_R-3137 MD-1_M-1_MI-1_O-2-2086_R-3151 MD-1_M-1_MI-1_O-2-2084_R-3150 MD-1_M-1_MI-1_O-2-2087_R-3138""}"
Node,,,,,1,1,,,,"{""Type"": ""Folder"", ""RefId"": ""MD-1_M-1_MI-1_PB-1041"", ""GroupObjectInstances"": ""MD-1_M-1_MI-1_O-2-2107_R-3184 MD-1_M-1_MI-1_O-2-2109_R-3172 MD-1_M-1_MI-1_O-2-2110_R-3186 MD-1_M-1_MI-1_O-2-2108_R-3185 MD-1_M-1_MI-1_O-2-2111_R-3173""}"
Node,,,,,1,1,,,,"{""Type"": ""Folder"", ""RefId"": ""MD-1_M-1_MI-1_PB-1055"", ""GroupObjectInstances"": ""MD-1_M-1_MI-1_O-2-2131_R-3219 MD-1_M-1_MI-1_O-2-2133_R-3207 MD-1_M-1_MI-1_O-2-2134_R-3221 MD-1_M-1_MI-1_O-2-2132_R-3220 MD-1_M-1_MI-1_O-2-2135_R-3208""}"
Node,,,,,1,1,,,,"{""Type"": ""Folder"", ""RefId"": ""MD-1_M-1_MI-1_PB-1069"", ""GroupObjectInstances"": ""MD-1_M-1_MI-1_O-2-2155_R-3254 MD-1_M-1_MI-1_O-2-2157_R-3242 MD-1_M-1_MI-1_O-2-2158_R-3256 MD-1_M-1_MI-1_O-2-2156_R-3255 MD-1_M-1_MI-1_O-2-2159_R-3243""}"
Node,,,,,1,1,,,,"{""Type"": ""Folder"", ""RefId"": ""MD-1_M-1_MI-1_PB-1083"", ""GroupObjectInstances"": ""MD-1_M-1_MI-1_O-2-2179_R-3289 MD-1_M-1_MI-1_O-2-2181_R-3277 MD-1_M-1_MI-1_O-2-2182_R-3291 MD-1_M-1_MI-1_O-2-2180_R-3290 MD-1_M-1_MI-1_O-2-2183_R-3278""}"
Node,,,,,1,1,,,,"{""Type"": ""Folder"", ""RefId"": ""MD-1_M-1_MI-1_PB-1097"", ""GroupObjectInstances"": ""MD-1_M-1_MI-1_O-2-2203_R-3324 MD-1_M-1_MI-1_O-2-2205_R-3312 MD-1_M-1_MI-1_O-2-2206_R-3326 MD-1_M-1_MI-1_O-2-2204_R-3325 MD-1_M-1_MI-1_O-2-2207_R-3313""}"
Node,,,,,1,1,,,,"{""Type"": ""Folder"", ""RefId"": ""MD-1_M-1_MI-1_PB-1111"", ""GroupObjectInstances"": ""MD-1_M-1_MI-1_O-2-2227_R-3359 MD-1_M-1_MI-1_O-2-2229_R-3347 MD-1_M-1_MI-1_O-2-2230_R-3361 MD-1_M-1_MI-1_O-2-2228_R-3360 MD-1_M-1_MI-1_O-2-2231_R-3348""}"
Node,,,,,1,1,,,,"{""Type"": ""Folder"", ""RefId"": ""MD-1_M-1_MI-1_PB-1125"", ""GroupObjectInstances"": ""MD-1_M-1_MI-1_O-2-2251_R-3394 MD-1_M-1_MI-1_O-2-2253_R-3382 MD-1_M-1_MI-1_O-2-2254_R-3396 MD-1_M-1_MI-1_O-2-2252_R-3395 MD-1_M-1_MI-1_O-2-2255_R-3383""}"
Node,,,,,1,1,,,,"{""Type"": ""Folder"", ""RefId"": ""MD-1_M-1_MI-1_PB-1139"", ""GroupObjectInstances"": ""MD-1_M-1_MI-1_O-2-2275_R-3429 MD-1_M-1_MI-1_O-2-2277_R-3417 MD-1_M-1_MI-1_O-2-2278_R-3431 MD-1_M-1_MI-1_O-2-2276_R-3430 MD-1_M-1_MI-1_O-2-2279_R-3418""}"
Node,,,,,1,1,,,,"{""Type"": ""Folder"", ""RefId"": ""MD-1_M-1_MI-1_PB-1153"", ""GroupObjectInstances"": ""MD-1_M-1_MI-1_O-2-2299_R-3464 MD-1_M-1_MI-1_O-2-2301_R-3452 MD-1_M-1_MI-1_O-2-2302_R-3466 MD-1_M-1_MI-1_O-2-2300_R-3465 MD-1_M-1_MI-1_O-2-2303_R-3453""}"
Node,,,,,1,1,,,,"{""Type"": ""Folder"", ""RefId"": ""MD-1_M-1_MI-1_PB-1167"", ""GroupObjectInstances"": ""MD-1_M-1_MI-1_O-2-2323_R-3499 MD-1_M-1_MI-1_O-2-2325_R-3487 MD-1_M-1_MI-1_O-2-2326_R-3501 MD-1_M-1_MI-1_O-2-2324_R-3500 MD-1_M-1_MI-1_O-2-2327_R-3488""}"
Node,,,,,1,1,,,,"{""Type"": ""Folder"", ""RefId"": ""MD-1_M-1_MI-1_PB-1181"", ""GroupObjectInstances"": ""MD-1_M-1_MI-1_O-2-2347_R-3534 MD-1_M-1_MI-1_O-2-2349_R-3522 MD-1_M-1_MI-1_O-2-2350_R-3536 MD-1_M-1_MI-1_O-2-2348_R-3535 MD-1_M-1_MI-1_O-2-2351_R-3523""}"
Node,,,,,1,1,,,,"{""Type"": ""Folder"", ""RefId"": ""MD-1_M-1_MI-1_PB-1195"", ""GroupObjectInstances"": ""MD-1_M-1_MI-1_O-2-2371_R-3569 MD-1_M-1_MI-1_O-2-2373_R-3557 MD-1_M-1_MI-1_O-2-2374_R-3571 MD-1_M-1_MI-1_O-2-2372_R-3570 MD-1_M-1_MI-1_O-2-2375_R-3558""}"
Node,,,,,1,1,,,,"{""Type"": ""Channel"", ""RefId"": ""CH-79""}"
Node,,,,,1,1,,,,"{""Type"": ""Folder"", ""RefId"": ""PB-633"", ""GroupObjectInstances"": ""O-271_R-2743 O-282_R-2752 O-283_R-2753 O-270_R-2741 O-275_R-2745""}"
Node,,,,,1,1,,,,"{""Type"": ""Folder"", ""RefId"": ""PB-11"", ""GroupObjectInstances"": ""O-28_R-33 O-29_R-35 O-30_R-36""}"
Node,,,,,1,1,,,,"{""Type"": ""Folder"", ""RefId"": ""PB-12"", ""GroupObjectInstances"": ""O-39_R-46 O-40_R-48 O-41_R-49""}"
Node,,,,,1,1,,,,"{""Type"": ""Folder"", ""RefId"": ""PB-13"", ""GroupObjectInstances"": ""O-50_R-59 O-51_R-61 O-52_R-62""}"
Node,,,,,1,1,,,,"{""Type"": ""Folder"", ""RefId"": ""PB-14"", ""GroupObjectInstances"": ""O-61_R-72 O-62_R-74 O-63_R-75""}"
Node,,,,,1,1,,,,"{""Type"": ""Folder"", ""RefId"": ""PB-15"", ""GroupObjectInstances"": ""O-72_R-85 O-73_R-87 O-74_R-88""}"
Node,,,,,1,1,,,,"{""Type"": ""Folder"", ""RefId"": ""PB-16"", ""GroupObjectInstances"": ""O-83_R-98 O-84_R-100 O-85_R-101""}"
Node,,,,,1,1,,,,"{""Type"": ""Channel"", ""RefId"": ""CH-104""}"
Node,,,,,1,1,,,,"{""Type"": ""Channel"", ""RefId"": ""CH-79""}"
Node,,,,,1,1,,,,"{""Type"": ""Folder"", ""RefId"": ""PB-3"", ""GroupObjectInstances"": ""O-6_R-7 O-7_R-9 O-8_R-10""}"
Node,,,,,1,1,,,,"{""Type"": ""Folder"", ""RefId"": ""PB-9"", ""GroupObjectInstances"": ""O-17_R-20 O-18_R-22 O-19_R-23""}"
Node,,,,,1,1,,,,"{""Type"": ""Folder"", ""RefId"": ""PB-11"", ""GroupObjectInstances"": ""O-28_R-33 O-29_R-35 O-30_R-36""}"
Node,,,,,1,1,,,,"{""Type"": ""Folder"", ""RefId"": ""PB-12"", ""GroupObjectInstances"": ""O-39_R-46 O-40_R-48 O-41_R-49""}"
Node,,,,,1,1,,,,"{""Type"": ""Folder"", ""RefId"": ""PB-13"", ""GroupObjectInstances"": ""O-50_R-59 O-51_R-61 O-52_R-62""}"
Node,,,,,1,1,,,,"{""Type"": ""Folder"", ""RefId"": ""PB-14"", ""GroupObjectInstances"": ""O-61_R-72 O-62_R-74 O-63_R-75""}"
Node,,,,,1,1,,,,"{""Type"": ""Folder"", ""RefId"": ""PB-15"", ""GroupObjectInstances"": ""O-72_R-85 O-73_R-87 O-74_R-88""}"
Node,,,,,1,1,,,,"{""Type"": ""Folder"", ""RefId"": ""PB-16"", ""GroupObjectInstances"": ""O-83_R-98 O-84_R-100 O-85_R-101""}"
Node,,,,,1,1,,,,"{""Type"": ""Channel"", ""RefId"": ""CH-104""}"
Node,,,,,1,1,,,,"{""Type"": ""Channel"", ""RefId"": ""CH-79""}"
Node,,,,,1,1,,,,"{""Type"": ""Folder"", ""RefId"": ""PB-3"", ""GroupObjectInstances"": ""O-6_R-7 O-7_R-9 O-8_R-10""}"
Node,,,,,1,1,,,,"{""Type"": ""Folder"", ""RefId"": ""PB-9"", ""GroupObjectInstances"": ""O-17_R-20 O-18_R-22 O-19_R-23""}"
Node,,,,,1,1,,,,"{""Type"": ""Folder"", ""RefId"": ""PB-11"", ""GroupObjectInstances"": ""O-28_R-33 O-29_R-35 O-30_R-36""}"
Node,,,,,1,1,,,,"{""Type"": ""Folder"", ""RefId"": ""PB-12"", ""GroupObjectInstances"": ""O-39_R-46 O-40_R-48 O-41_R-49""}"
Node,,,,,1,1,,,,"{""Type"": ""Folder"", ""RefId"": ""PB-13"", ""GroupObjectInstances"": ""O-50_R-59 O-51_R-61 O-52_R-62""}"
Node,,,,,1,1,,,,"{""Type"": ""Folder"", ""RefId"": ""PB-14"", ""GroupObjectInstances"": ""O-61_R-72 O-62_R-74 O-63_R-75""}"
Node,,,,,1,1,,,,"{""Type"": ""Folder"", ""RefId"": ""PB-15"", ""GroupObjectInstances"": ""O-72_R-85 O-73_R-87 O-74_R-88""}"
Node,,,,,1,1,,,,"{""Type"": ""Folder"", ""RefId"": ""PB-16"", ""GroupObjectInstances"": ""O-83_R-98 O-84_R-100 O-85_R-101""}"
Node,,,,,1,1,,,,"{""Type"": ""Folder"", ""RefId"": ""PB-17"", ""GroupObjectInstances"": ""O-94_R-111 O-95_R-113 O-96_R-114""}"
Node,,,,,1,1,,,,"{""Type"": ""Folder"", ""RefId"": ""PB-23"", ""GroupObjectInstances"": ""O-105_R-124 O-106_R-126 O-107_R-127""}"
Node,,,,,1,1,,,,"{""Type"": ""Folder"", ""RefId"": ""PB-24"", ""GroupObjectInstances"": ""O-116_R-137 O-117_R-139 O-118_R-140""}"
Node,,,,,1,1,,,,"{""Type"": ""Folder"", ""RefId"": ""PB-19"", ""GroupObjectInstances"": ""O-127_R-150 O-128_R-152 O-129_R-153""}"
Node,,,,,1,1,,,,"{""Type"": ""Folder"", ""RefId"": ""PB-30"", ""GroupObjectInstances"": ""O-138_R-163 O-139_R-165 O-140_R-166""}"
Node,,,,,1,1,,,,"{""Type"": ""Folder"", ""RefId"": ""PB-31"", ""GroupObjectInstances"": ""O-149_R-176 O-150_R-178 O-151_R-179""}"
Node,,,,,1,1,,,,"{""Type"": ""Folder"", ""RefId"": ""PB-37"", ""GroupObjectInstances"": ""O-160_R-189 O-161_R-191 O-162_R-192""}"
Node,,,,,1,1,,,,"{""Type"": ""Folder"", ""RefId"": ""PB-38"", ""GroupObjectInstances"": ""O-171_R-202 O-172_R-204 O-173_R-205""}"
Node,,,,,1,1,,,,"{""Type"": ""Channel"", ""RefId"": ""CH-104""}"
Node,,,,,1,1,,,,"{""Type"": ""Channel"", ""RefId"": ""CH-79""}"
Node,,,,,1,1,,,,"{""Type"": ""Folder"", ""RefId"": ""PB-3"", ""GroupObjectInstances"": ""O-6_R-7 O-7_R-9 O-8_R-10""}"
Node,,,,,1,1,,,,"{""Type"": ""Folder"", ""RefId"": ""PB-9"", ""GroupObjectInstances"": ""O-17_R-20 O-18_R-22 O-19_R-23""}"
Node,,,,,1,1,,,,"{""Type"": ""Folder"", ""RefId"": ""PB-11"", ""GroupObjectInstances"": ""O-28_R-33 O-29_R-35 O-30_R-36""}"
Node,,,,,1,1,,,,"{""Type"": ""Folder"", ""RefId"": ""PB-12"", ""GroupObjectInstances"": ""O-39_R-46 O-40_R-48 O-41_R-49""}"
Node,,,,,1,1,,,,"{""Type"": ""Folder"", ""RefId"": ""PB-13"", ""GroupObjectInstances"": ""O-50_R-59 O-51_R-61 O-52_R-62""}"
Node,,,,,1,1,,,,"{""Type"": ""Folder"", ""RefId"": ""PB-14"", ""GroupObjectInstances"": ""O-61_R-72 O-62_R-74 O-63_R-75""}"
Node,,,,,1,1,,,,"{""Type"": ""Folder"", ""RefId"": ""PB-15"", ""GroupObjectInstances"": ""O-72_R-85 O-73_R-87 O-74_R-88""}"
Node,,,,,1,1,,,,"{""Type"": ""Folder"", ""RefId"": ""PB-16"", ""GroupObjectInstances"": ""O-83_R-98 O-84_R-100 O-85_R-101""}"
Node,,,,,1,1,,,,"{""Type"": ""Folder"", ""RefId"": ""PB-17"", ""GroupObjectInstances"": ""O-94_R-111 O-95_R-113 O-96_R-114""}"
Node,,,,,1,1,,,,"{""Type"": ""Folder"", ""RefId"": ""PB-23"", ""GroupObjectInstances"": ""O-105_R-124 O-106_R-126 O-107_R-127""}"
Node,,,,,1,1,,,,"{""Type"": ""Folder"", ""RefId"": ""PB-24"", ""GroupObjectInstances"": ""O-116_R-137 O-117_R-139 O-118_R-140""}"
Node,,,,,1,1,,,,"{""Type"": ""Folder"", ""RefId"": ""PB-19"", ""GroupObjectInstances"": ""O-127_R-150 O-128_R-152 O-129_R-153""}"
Node,,,,,1,1,,,,"{""Type"": ""Folder"", ""RefId"": ""PB-30"", ""GroupObjectInstances"": ""O-138_R-163 O-139_R-165 O-140_R-166""}"
Node,,,,,1,1,,,,"{""Type"": ""Folder"", ""RefId"": ""PB-31"", ""GroupObjectInstances"": ""O-149_R-176 O-150_R-178 O-151_R-179""}"
Node,,,,,1,1,,,,"{""Type"": ""Folder"", ""RefId"": ""PB-37"", ""GroupObjectInstances"": ""O-160_R-189 O-161_R-191 O-162_R-192""}"
Node,,,,,1,1,,,,"{""Type"": ""Folder"", ""RefId"": ""PB-38"", ""GroupObjectInstances"": ""O-171_R-202 O-172_R-204 O-173_R-205""}"
Node,,,,,1,1,,,,"{""Type"": ""Channel"", ""RefId"": ""CH-104""}"
Node,,,,,1,1,,,,"{""Type"": ""Channel"", ""RefId"": ""CH-79""}"
Node,,,,,1,1,,,,"{""Type"": ""Folder"", ""RefId"": ""PB-3"", ""GroupObjectInstances"": ""O-6_R-7 O-7_R-9 O-8_R-10""}"
Node,,,,,1,1,,,,"{""Type"": ""Folder"", ""RefId"": ""PB-9"", ""GroupObjectInstances"": ""O-17_R-20 O-18_R-22 O-19_R-23""}"
Node,,,,,1,1,,,,"{""Type"": ""Folder"", ""RefId"": ""PB-11"", ""GroupObjectInstances"": ""O-28_R-33 O-29_R-35 O-30_R-36""}"
Node,,,,,1,1,,,,"{""Type"": ""Folder"", ""RefId"": ""PB-12"", ""GroupObjectInstances"": ""O-39_R-46 O-40_R-48 O-41_R-49""}"
Node,,,,,1,1,,,,"{""Type"": ""Folder"", ""RefId"": ""PB-13"", ""GroupObjectInstances"": ""O-50_R-59 O-51_R-61 O-52_R-62""}"
Node,,,,,1,1,,,,"{""Type"": ""Folder"", ""RefId"": ""PB-14"", ""GroupObjectInstances"": ""O-61_R-72 O-62_R-74 O-63_R-75""}"
Node,,,,,1,1,,,,"{""Type"": ""Folder"", ""RefId"": ""PB-15"", ""GroupObjectInstances"": ""O-72_R-85 O-73_R-87 O-74_R-88""}"
Node,,,,,1,1,,,,"{""Type"": ""Folder"", ""RefId"": ""PB-16"", ""GroupObjectInstances"": ""O-83_R-98 O-84_R-100 O-85_R-101""}"
Node,,,,,1,1,,,,"{""Type"": ""Folder"", ""RefId"": ""PB-17"", ""GroupObjectInstances"": ""O-94_R-111 O-95_R-113 O-96_R-114""}"
Node,,,,,1,1,,,,"{""Type"": ""Folder"", ""RefId"": ""PB-23"", ""GroupObjectInstances"": ""O-105_R-124 O-106_R-126 O-107_R-127""}"
Node,,,,,1,1,,,,"{""Type"": ""Folder"", ""RefId"": ""PB-24"", ""GroupObjectInstances"": ""O-116_R-137 O-117_R-139 O-118_R-140""}"
Node,,,,,1,1,,,,"{""Type"": ""Folder"", ""RefId"": ""PB-19"", ""GroupObjectInstances"": ""O-127_R-150 O-128_R-152 O-129_R-153""}"
Node,,,,,1,1,,,,"{""Type"": ""Folder"", ""RefId"": ""PB-30"", ""GroupObjectInstances"": ""O-138_R-163 O-139_R-165 O-140_R-166""}"
Node,,,,,1,1,,,,"{""Type"": ""Folder"", ""RefId"": ""PB-31"", ""GroupObjectInstances"": ""O-149_R-176 O-150_R-178 O-151_R-179""}"
Node,,,,,1,1,,,,"{""Type"": ""Folder"", ""RefId"": ""PB-37"", ""GroupObjectInstances"": ""O-160_R-189 O-161_R-191 O-162_R-192""}"
Node,,,,,1,1,,,,"{""Type"": ""Folder"", ""RefId"": ""PB-38"", ""GroupObjectInstances"": ""O-171_R-202 O-172_R-204 O-173_R-205""}"
Node,,,,,1,1,,,,"{""Type"": ""Folder"", ""RefId"": ""PB-44"", ""GroupObjectInstances"": ""O-182_R-215 O-183_R-217 O-184_R-218""}"
Node,,,,,1,1,,,,"{""Type"": ""Folder"", ""RefId"": ""PB-45"", ""GroupObjectInstances"": ""O-193_R-228 O-194_R-230 O-195_R-231""}"
Node,,,,,1,1,,,,"{""Type"": ""Folder"", ""RefId"": ""PB-51"", ""GroupObjectInstances"": ""O-204_R-241 O-205_R-243 O-206_R-244""}"
Node,,,,,1,1,,,,"{""Type"": ""Folder"", ""RefId"": ""PB-52"", ""GroupObjectInstances"": ""O-215_R-254 O-216_R-256 O-217_R-257""}"
Node,,,,,1,1,,,,"{""Type"": ""Folder"", ""RefId"": ""PB-58"", ""GroupObjectInstances"": ""O-226_R-267 O-227_R-269 O-228_R-270""}"
Node,,,,,1,1,,,,"{""Type"": ""Folder"", ""RefId"": ""PB-59"", ""GroupObjectInstances"": ""O-237_R-280 O-238_R-282 O-239_R-283""}"
Node,,,,,1,1,,,,"{""Type"": ""Folder"", ""RefId"": ""PB-65"", ""GroupObjectInstances"": ""O-248_R-293 O-249_R-295 O-250_R-296""}"
Node,,,,,1,1,,,,"{""Type"": ""Folder"", ""RefId"": ""PB-66"", ""GroupObjectInstances"": ""O-259_R-306 O-260_R-308 O-261_R-309""}"
Node,,,,,1,1,,,,"{""Type"": ""Channel"", ""RefId"": ""CH-104""}"
Node,,,,,1,1,,,,"{""Type"": ""Channel"", ""RefId"": ""CH-79""}"
Node,,,,,1,1,,,,"{""Type"": ""Folder"", ""RefId"": ""PB-633"", ""GroupObjectInstances"": ""O-271_R-2743 O-277_R-2747 O-270_R-2741 O-275_R-2745""}"
Node,,,,,1,1,,,,"{""Type"": ""Folder"", ""RefId"": ""PB-644"", ""GroupObjectInstances"": ""O-303_R-2786 O-309_R-2790 O-302_R-2784 O-307_R-2788""}"
Node,,,,,1,1,,,,"{""Type"": ""Folder"", ""RefId"": ""PB-655"", ""GroupObjectInstances"": ""O-335_R-2829 O-341_R-2833 O-334_R-2827 O-339_R-2831""}"
Node,,,,,1,1,,,,"{""Type"": ""Folder"", ""RefId"": ""PB-666"", ""GroupObjectInstances"": ""O-367_R-2872 O-373_R-2876 O-366_R-2870 O-371_R-2874""}"
Node,,,,,1,1,,,,"{""Type"": ""Folder"", ""RefId"": ""PB-677"", ""GroupObjectInstances"": ""O-399_R-2915 O-405_R-2919 O-398_R-2913 O-403_R-2917""}"
Node,,,,,1,1,,,,"{""Type"": ""Folder"", ""RefId"": ""PB-688"", ""GroupObjectInstances"": ""O-431_R-2958 O-437_R-2962 O-430_R-2956 O-435_R-2960""}"
Node,,,,,1,1,,,,"{""Type"": ""Folder"", ""RefId"": ""PB-699"", ""GroupObjectInstances"": ""O-463_R-3001 O-469_R-3005 O-462_R-2999 O-467_R-3003""}"
Node,,,,,1,1,,,,"{""Type"": ""Folder"", ""RefId"": ""PB-710"", ""GroupObjectInstances"": ""O-495_R-3044 O-501_R-3048 O-494_R-3042 O-499_R-3046""}"
Node,,,,,1,1,,,,"{""Type"": ""Channel"", ""RefId"": ""CH-104""}"
Node,,,,,1,1,,,,"{""Type"": ""Channel"", ""RefId"": ""CH-79""}"
Node,,,,,1,1,,,,"{""Type"": ""Folder"", ""RefId"": ""PB-633"", ""GroupObjectInstances"": ""O-271_R-2743 O-277_R-2747 O-270_R-2741 O-275_R-2745""}"
Node,,,,,1,1,,,,"{""Type"": ""Folder"", ""RefId"": ""PB-644"", ""GroupObjectInstances"": ""O-303_R-2786 O-309_R-2790 O-302_R-2784 O-307_R-2788""}"
Node,,,,,1,1,,,,"{""Type"": ""Folder"", ""RefId"": ""PB-655"", ""GroupObjectInstances"": ""O-335_R-2829 O-341_R-2833 O-334_R-2827 O-339_R-2831""}"
Node,,,,,1,1,,,,"{""Type"": ""Folder"", ""RefId"": ""PB-666"", ""GroupObjectInstances"": ""O-367_R-2872 O-373_R-2876 O-366_R-2870 O-371_R-2874""}"
Node,,,,,1,1,,,,"{""Type"": ""Folder"", ""RefId"": ""PB-677"", ""GroupObjectInstances"": ""O-399_R-2915 O-405_R-2919 O-398_R-2913 O-403_R-2917""}"
Node,,,,,1,1,,,,"{""Type"": ""Folder"", ""RefId"": ""PB-688"", ""GroupObjectInstances"": ""O-431_R-2958 O-437_R-2962 O-430_R-2956 O-435_R-2960""}"
Node,,,,,1,1,,,,"{""Type"": ""Folder"", ""RefId"": ""PB-699"", ""GroupObjectInstances"": ""O-463_R-3001 O-469_R-3005 O-462_R-2999 O-467_R-3003""}"
Node,,,,,1,1,,,,"{""Type"": ""Folder"", ""RefId"": ""PB-710"", ""GroupObjectInstances"": ""O-495_R-3044 O-501_R-3048 O-494_R-3042 O-499_R-3046""}"
Node,,,,,1,1,,,,"{""Type"": ""Channel"", ""RefId"": ""CH-104""}"
Node,,,,,1,1,,,,"{""Type"": ""Channel"", ""RefId"": ""CH-79""}"
Node,,,,,1,1,,,,"{""Type"": ""Folder"", ""RefId"": ""PB-633"", ""GroupObjectInstances"": ""O-271_R-2743 O-277_R-2747 O-270_R-2741 O-275_R-2745""}"
Node,,,,,1,1,,,,"{""Type"": ""Folder"", ""RefId"": ""PB-644"", ""GroupObjectInstances"": ""O-303_R-2786 O-309_R-2790 O-302_R-2784 O-307_R-2788""}"
Node,,,,,1,1,,,,"{""Type"": ""Folder"", ""RefId"": ""PB-655"", ""GroupObjectInstances"": ""O-335_R-2829 O-341_R-2833 O-334_R-2827 O-339_R-2831""}"
Node,,,,,1,1,,,,"{""Type"": ""Folder"", ""RefId"": ""PB-666"", ""GroupObjectInstances"": ""O-367_R-2872 O-373_R-2876 O-366_R-2870 O-371_R-2874""}"
Node,,,,,1,1,,,,"{""Type"": ""Folder"", ""RefId"": ""PB-677"", ""GroupObjectInstances"": ""O-399_R-2915 O-405_R-2919 O-398_R-2913 O-403_R-2917""}"
Node,,,,,1,1,,,,"{""Type"": ""Folder"", ""RefId"": ""PB-688"", ""GroupObjectInstances"": ""O-431_R-2958 O-437_R-2962 O-430_R-2956 O-435_R-2960""}"
Node,,,,,1,1,,,,"{""Type"": ""Folder"", ""RefId"": ""PB-699"", ""GroupObjectInstances"": ""O-463_R-3001 O-469_R-3005 O-462_R-2999 O-467_R-3003""}"
Node,,,,,1,1,,,,"{""Type"": ""Folder"", ""RefId"": ""PB-710"", ""GroupObjectInstances"": ""O-495_R-3044 O-501_R-3048 O-494_R-3042 O-499_R-3046""}"
Node,,,,,1,1,,,,"{""Type"": ""Channel"", ""RefId"": ""CH-104""}"
Node,,,,,1,1,,,,"{""Type"": ""Channel"", ""RefId"": ""CH-34"", ""GroupObjectInstances"": ""O-236_R-841 O-204_R-824 O-205_R-825 O-228_R-851 O-229_R-852 O-215_R-867 O-214_R-868 O-208_R-828 O-209_R-829 O-211_R-830 O-212_R-832 O-213_R-833 O-234_R-857 O-210_R-873""}"
Node,,,,,1,1,,,,"{""Type"": ""Channel"", ""RefId"": ""CH-34"", ""GroupObjectInstances"": ""O-236_R-841 O-204_R-824 O-205_R-825 O-228_R-851 O-229_R-852 O-215_R-867 O-214_R-868 O-208_R-828 O-209_R-829 O-211_R-830 O-212_R-832 O-213_R-833 O-234_R-857 O-210_R-873""}"
Node,,,,,1,1,,,,"{""Type"": ""Channel"", ""RefId"": ""CH-34"", ""GroupObjectInstances"": ""O-236_R-841 O-204_R-824 O-205_R-825 O-228_R-851 O-229_R-852 O-215_R-867 O-214_R-868 O-208_R-828 O-209_R-829 O-211_R-830 O-212_R-832 O-213_R-833 O-234_R-857 O-210_R-873""}"
Node,,,,,1,1,,,,"{""Type"": ""Channel"", ""RefId"": ""CH-34"", ""GroupObjectInstances"": ""O-236_R-841 O-204_R-824 O-205_R-825 O-228_R-851 O-229_R-852 O-215_R-867 O-214_R-868 O-208_R-828 O-209_R-829 O-211_R-830 O-212_R-832 O-213_R-833 O-234_R-857 O-210_R-873""}"
Node,,,,,1,1,,,,"{""Type"": ""Channel"", ""RefId"": ""CH-34"", ""GroupObjectInstances"": ""O-236_R-841 O-204_R-824 O-205_R-825 O-228_R-851 O-229_R-852 O-215_R-867 O-214_R-868 O-208_R-828 O-209_R-829 O-211_R-830 O-212_R-832 O-213_R-833 O-234_R-857 O-210_R-873""}"
Node,,,,,1,1,,,,"{""Type"": ""Channel"", ""RefId"": ""CH-34"", ""GroupObjectInstances"": ""O-236_R-841 O-204_R-824 O-205_R-825 O-228_R-851 O-229_R-852 O-215_R-867 O-214_R-868 O-208_R-828 O-209_R-829 O-211_R-830 O-212_R-832 O-213_R-833 O-234_R-857 O-210_R-873""}"
Node,,,,,1,1,,,,"{""Type"": ""Channel"", ""RefId"": ""CH-34"", ""GroupObjectInstances"": ""O-236_R-841 O-204_R-824 O-205_R-825 O-228_R-851 O-229_R-852 O-215_R-867 O-214_R-868 O-208_R-828 O-209_R-829 O-211_R-830 O-212_R-832 O-213_R-833 O-234_R-857 O-210_R-873""}"
Node,,,,,1,1,,,,"{""Type"": ""Channel"", ""RefId"": ""CH-34"", ""GroupObjectInstances"": ""O-236_R-841 O-204_R-824 O-205_R-825 O-228_R-851 O-229_R-852 O-215_R-867 O-214_R-868 O-208_R-828 O-209_R-829 O-211_R-830 O-212_R-832 O-213_R-833 O-234_R-857 O-210_R-873""}"
Node,,,,,1,1,,,,"{""Type"": ""Channel"", ""RefId"": ""CH-34"", ""GroupObjectInstances"": ""O-236_R-841 O-204_R-824 O-205_R-825 O-228_R-851 O-229_R-852 O-215_R-867 O-214_R-868 O-208_R-828 O-209_R-829 O-211_R-830 O-212_R-832 O-213_R-833 O-234_R-857 O-210_R-873""}"
Node,,,,,1,1,,,,"{""Type"": ""Channel"", ""RefId"": ""CH-34"", ""GroupObjectInstances"": ""O-236_R-841 O-204_R-824 O-205_R-825 O-228_R-851 O-229_R-852 O-215_R-867 O-214_R-868 O-208_R-828 O-209_R-829 O-211_R-830 O-212_R-832 O-213_R-833 O-234_R-857 O-210_R-873""}"
Node,,,,,1,1,,,,"{""Type"": ""Channel"", ""RefId"": ""CH-34"", ""GroupObjectInstances"": ""O-236_R-841 O-204_R-824 O-205_R-825 O-228_R-851 O-229_R-852 O-215_R-867 O-214_R-868 O-208_R-828 O-209_R-829 O-211_R-830 O-212_R-832 O-213_R-833 O-234_R-857 O-210_R-873""}"
Node,,,,,1,1,,,,"{""Type"": ""Channel"", ""RefId"": ""CH-1"", ""GroupObjectInstances"": ""O-16_R-7471 O-5_R-3 O-4_R-2 O-17_R-7472 O-18_R-7473""}"
Node,,,,,1,1,,,,"{""Type"": ""Channel"", ""RefId"": ""CH-15"", ""GroupObjectInstances"": ""O-29_R-1966 O-25_R-1058 O-26_R-1059 O-28_R-987 O-31_R-18 O-34_R-73 O-37_R-77 O-40_R-75 O-43_R-146 O-46_R-144""}"
Node,,,,,1,1,,,,"{""Type"": ""Channel"", ""RefId"": ""CH-1"", ""GroupObjectInstances"": ""O-16_R-7471 O-5_R-3 O-4_R-2 O-17_R-7472 O-18_R-7473""}"
Node,,,,,1,1,,,,"{""Type"": ""Channel"", ""RefId"": ""CH-15""}"
Node,,,,,1,1,,,,"{""Type"": ""Channel"", ""RefId"": ""CH-1"", ""GroupObjectInstances"": ""O-16_R-7471 O-5_R-3 O-4_R-2 O-17_R-7472 O-18_R-7473""}"
Node,,,,,1,1,,,,"{""Type"": ""Channel"", ""RefId"": ""CH-15""}"
Node,,,,,1,1,,,,"{""Type"": ""Channel"", ""RefId"": ""CH-1"", ""GroupObjectInstances"": ""O-16_R-7471 O-5_R-3 O-4_R-2 O-17_R-7472 O-18_R-7473""}"
Node,,,,,1,1,,,,"{""Type"": ""Channel"", ""RefId"": ""CH-15""}"
Node,,,,,1,1,,,,"{""Type"": ""Channel"", ""RefId"": ""CH-1"", ""GroupObjectInstances"": ""O-16_R-7471 O-5_R-3 O-4_R-2 O-17_R-7472 O-18_R-7473""}"
Node,,,,,1,1,,,,"{""Type"": ""Channel"", ""RefId"": ""CH-15""}"
Node,,,,,1,1,,,,"{""Type"": ""Channel"", ""RefId"": ""CH-1"", ""GroupObjectInstances"": ""O-16_R-7471 O-5_R-3 O-4_R-2 O-17_R-7472 O-18_R-7473""}"
Node,,,,,1,1,,,,"{""Type"": ""Channel"", ""RefId"": ""CH-15""}"
Node,,,,,1,1,,,,"{""Type"": ""Channel"", ""RefId"": ""CH-1"", ""GroupObjectInstances"": ""O-16_R-7471 O-5_R-3 O-4_R-2 O-17_R-7472 O-18_R-7473""}"
Node,,,,,1,1,,,,"{""Type"": ""Channel"", ""RefId"": ""CH-15""}"
Node,,,,,1,1,,,,"{""Type"": ""Channel"", ""RefId"": ""CH-1"", ""GroupObjectInstances"": ""O-16_R-7471 O-5_R-3 O-4_R-2 O-17_R-7472 O-18_R-7473""}"
Node,,,,,1,1,,,,"{""Type"": ""Channel"", ""RefId"": ""CH-15""}"
Node,,,,,1,1,,,,"{""Type"": ""Channel"", ""RefId"": ""CH-1"", ""GroupObjectInstances"": ""O-1_R-1 O-2_R-2""}"
Node,,,,,1,1,,,,"{""Type"": ""Channel"", ""RefId"": ""CH-2""}"
Node,,,,,1,1,,,,"{""Type"": ""Channel"", ""RefId"": ""CH-3""}"
Node,,,,,1,1,,,,"{""Type"": ""Channel"", ""RefId"": ""CH-1"", ""GroupObjectInstances"": ""O-1_R-1 O-2_R-2""}"
Node,,,,,1,1,,,,"{""Type"": ""Channel"", ""RefId"": ""CH-2""}"
Node,,,,,1,1,,,,"{""Type"": ""Channel"", ""RefId"": ""CH-3""}"
Node,,,,,1,1,,,,"{""Type"": ""Channel"", ""RefId"": ""CH-1"", ""GroupObjectInstances"": ""O-1_R-1 O-2_R-2""}"
Node,,,,,1,1,,,,"{""Type"": ""Channel"", ""RefId"": ""CH-2"", ""GroupObjectInstances"": ""O-15_R-38 O-14_R-33 O-24_R-125 O-26_R-129 O-27_R-139 O-29_R-172 O-31_R-176 O-32_R-186 O-34_R-219 O-36_R-223 O-37_R-233 O-39_R-266 O-41_R-270 O-42_R-280""}"
Node,,,,,1,1,,,,"{""Type"": ""Channel"", ""RefId"": ""CH-3""}"
Node,,,,,1,1,,,,"{""Type"": ""Channel"", ""RefId"": ""CH-1"", ""GroupObjectInstances"": ""O-1_R-1 O-2_R-2""}"
Node,,,,,1,1,,,,"{""Type"": ""Channel"", ""RefId"": ""CH-2"", ""GroupObjectInstances"": ""O-15_R-38 O-14_R-33 O-24_R-125 O-26_R-129 O-27_R-139 O-29_R-172 O-31_R-176 O-32_R-186 O-34_R-219 O-36_R-223 O-37_R-233 O-39_R-266 O-41_R-270 O-42_R-280 O-44_R-313 O-46_R-317 O-47_R-327 O-49_R-360 O-51_R-364 O-52_R-374""}"
Node,,,,,1,1,,,,"{""Type"": ""Channel"", ""RefId"": ""CH-3""}"
Node,,,,,1,1,,,,"{""Type"": ""Channel"", ""RefId"": ""CH-1"", ""GroupObjectInstances"": ""O-16_R-7471 O-5_R-3 O-4_R-2 O-17_R-7472 O-18_R-7473""}"
Node,,,,,1,1,,,,"{""Type"": ""Channel"", ""RefId"": ""CH-15""}"
Node,,,,,1,1,,,,"{""Type"": ""Channel"", ""RefId"": ""CH-1"", ""GroupObjectInstances"": ""O-16_R-7471 O-5_R-3 O-4_R-2 O-17_R-7472 O-18_R-7473""}"
Node,,,,,1,1,,,,"{""Type"": ""Channel"", ""RefId"": ""CH-15""}"
Node,,,,,1,1,,,,"{""Type"": ""Channel"", ""RefId"": ""CH-1"", ""GroupObjectInstances"": ""O-1_R-1 O-2_R-2""}"
Node,,,,,1,1,,,,"{""Type"": ""Channel"", ""RefId"": ""CH-2"", ""GroupObjectInstances"": ""O-15_R-38 O-14_R-33 O-24_R-125 O-26_R-129 O-27_R-139 O-29_R-172 O-31_R-176 O-32_R-186 O-34_R-219 O-36_R-223 O-37_R-233 O-39_R-266 O-41_R-270 O-42_R-280""}"
Node,,,,,1,1,,,,"{""Type"": ""Channel"", ""RefId"": ""CH-3""}"
Node,,,,,1,1,,,,"{""Type"": ""Channel"", ""RefId"": ""CH-1"", ""GroupObjectInstances"": ""O-993_R-6151 O-994_R-6152 O-46_R-13 O-47_R-22 O-52_R-36 O-999_R-6156 O-1017_R-660 O-1021_R-215 O-992_R-6150 O-61_R-33 O-2_R-3 O-3_R-28 O-4_R-4 O-5_R-5 O-6_R-2""}"
Node,,,,,1,1,,,,"{""Type"": ""Channel"", ""RefId"": ""CH-2""}"
Node,,,,,1,1,,,,"{""Type"": ""Folder"", ""RefId"": ""MD-2_M-8_MI-1_PB-1"", ""GroupObjectInstances"": ""MD-2_M-8_MI-1_O-4-4_R-45 MD-2_M-8_MI-1_O-4-10_R-118""}"
Node,,,,,1,1,,,,"{""Type"": ""Folder"", ""RefId"": ""MD-2_M-8_MI-2_PB-1"", ""GroupObjectInstances"": ""MD-2_M-8_MI-2_O-4-10_R-115 MD-2_M-8_MI-2_O-4-4_R-48""}"
Node,,,,,1,1,,,,"{""Type"": ""Folder"", ""RefId"": ""MD-2_M-8_MI-3_PB-1"", ""GroupObjectInstances"": ""MD-2_M-8_MI-3_O-4-8_R-99 MD-2_M-8_MI-3_O-4-11_R-133""}"
Node,,,,,1,1,,,,"{""Type"": ""Folder"", ""RefId"": ""MD-2_M-8_MI-4_PB-1"", ""GroupObjectInstances"": ""MD-2_M-8_MI-4_O-4-11_R-129""}"
Node,,,,,1,1,,,,"{""Type"": ""Folder"", ""RefId"": ""MD-2_M-8_MI-5_PB-1"", ""GroupObjectInstances"": ""MD-2_M-8_MI-5_O-4-4_R-23 MD-2_M-8_MI-5_O-4-2_R-39 MD-2_M-8_MI-5_O-4-10_R-113 MD-2_M-8_MI-5_O-4-0_R-12""}"
Node,,,,,1,1,,,,"{""Type"": ""Folder"", ""RefId"": ""MD-2_M-8_MI-6_PB-1"", ""GroupObjectInstances"": ""MD-2_M-8_MI-6_O-4-4_R-23 MD-2_M-8_MI-6_O-4-2_R-39 MD-2_M-8_MI-6_O-4-10_R-113 MD-2_M-8_MI-6_O-4-0_R-12""}"
Node,,,,,1,1,,,,"{""Type"": ""Folder"", ""RefId"": ""MD-2_M-8_MI-7_PB-1"", ""GroupObjectInstances"": ""MD-2_M-8_MI-7_O-4-4_R-23 MD-2_M-8_MI-7_O-4-2_R-39 MD-2_M-8_MI-7_O-4-10_R-113 MD-2_M-8_MI-7_O-4-0_R-12""}"
Node,,,,,1,1,,,,"{""Type"": ""Folder"", ""RefId"": ""MD-2_M-8_MI-8_PB-1"", ""GroupObjectInstances"": ""MD-2_M-8_MI-8_O-4-4_R-23 MD-2_M-8_MI-8_O-4-2_R-39 MD-2_M-8_MI-8_O-4-10_R-113 MD-2_M-8_MI-8_O-4-0_R-12""}"
Node,,,,,1,1,,,,"{""Type"": ""Folder"", ""RefId"": ""MD-2_M-8_MI-9_PB-1"", ""GroupObjectInstances"": ""MD-2_M-8_MI-9_O-4-4_R-23 MD-2_M-8_MI-9_O-4-2_R-39 MD-2_M-8_MI-9_O-4-10_R-113 MD-2_M-8_MI-9_O-4-0_R-12""}"
Node,,,,,1,1,,,,"{""Type"": ""Folder"", ""RefId"": ""MD-2_M-8_MI-10_PB-1"", ""GroupObjectInstances"": ""MD-2_M-8_MI-10_O-4-4_R-23 MD-2_M-8_MI-10_O-4-2_R-39 MD-2_M-8_MI-10_O-4-10_R-113 MD-2_M-8_MI-10_O-4-0_R-12""}"
Node,,,,,1,1,,,,"{""Type"": ""Folder"", ""RefId"": ""MD-2_M-8_MI-11_PB-1"", ""GroupObjectInstances"": ""MD-2_M-8_MI-11_O-4-9_R-104 MD-2_M-8_MI-11_O-4-0_R-6""}"
Node,,,,,1,1,,,,"{""Type"": ""Folder"", ""RefId"": ""MD-2_M-8_MI-12_PB-1"", ""GroupObjectInstances"": ""MD-2_M-8_MI-12_O-4-9_R-104 MD-2_M-8_MI-12_O-4-0_R-6""}"
Node,,,,,1,1,,,,"{""Type"": ""Folder"", ""RefId"": ""MD-2_M-8_MI-13_PB-1"", ""GroupObjectInstances"": ""MD-2_M-8_MI-13_O-4-9_R-104 MD-2_M-8_MI-13_O-4-0_R-6""}"
Node,,,,,1,1,,,,"{""Type"": ""Folder"", ""RefId"": ""MD-2_M-8_MI-14_PB-1"", ""GroupObjectInstances"": ""MD-2_M-8_MI-14_O-4-0_R-6 MD-2_M-8_MI-14_O-4-9_R-104""}"
Node,,,,,1,1,,,,"{""Type"": ""Folder"", ""RefId"": ""MD-2_M-8_MI-15_PB-1"", ""GroupObjectInstances"": ""MD-2_M-8_MI-15_O-4-0_R-6 MD-2_M-8_MI-15_O-4-9_R-104""}"
Node,,,,,1,1,,,,"{""Type"": ""Folder"", ""RefId"": ""MD-2_M-8_MI-16_PB-1"", ""GroupObjectInstances"": ""MD-2_M-8_MI-16_O-4-4_R-81 MD-2_M-8_MI-16_O-4-10_R-114 MD-2_M-8_MI-16_O-4-0_R-13 MD-2_M-8_MI-16_O-4-1_R-30""}"
Node,,,,,1,1,,,,"{""Type"": ""Folder"", ""RefId"": ""MD-2_M-8_MI-17_PB-1"", ""GroupObjectInstances"": ""MD-2_M-8_MI-17_O-4-4_R-81 MD-2_M-8_MI-17_O-4-10_R-114 MD-2_M-8_MI-17_O-4-0_R-13 MD-2_M-8_MI-17_O-4-1_R-30""}"
Node,,,,,1,1,,,,"{""Type"": ""Folder"", ""RefId"": ""MD-2_M-8_MI-18_PB-1"", ""GroupObjectInstances"": ""MD-2_M-8_MI-18_O-4-9_R-104""}"
Node,,,,,1,1,,,,"{""Type"": ""Folder"", ""RefId"": ""MD-2_M-8_MI-19_PB-1"", ""GroupObjectInstances"": ""MD-2_M-8_MI-19_O-4-9_R-104""}"
Node,,,,,1,1,,,,"{""Type"": ""Folder"", ""RefId"": ""MD-2_M-8_MI-20_PB-1"", ""GroupObjectInstances"": ""MD-2_M-8_MI-20_O-4-9_R-104""}"
Node,,,,,1,1,,,,"{""Type"": ""Channel"", ""RefId"": ""CH-10""}"
Node,,,,,1,1,,,,"{""Type"": ""Folder"", ""RefId"": ""PB-17"", ""GroupObjectInstances"": ""O-1186_R-6432 O-1187_R-6433 O-1171_R-6411 O-1178_R-6422 O-1168_R-6408 O-1182_R-6427 O-1179_R-6424 O-1180_R-6425 O-1185_R-6431 O-1199_R-6445 O-1195_R-6441 O-1198_R-6444 O-1194_R-6440""}"
Node,,,,,1,1,,,,"{""Type"": ""Channel"", ""RefId"": ""CH-1"", ""GroupObjectInstances"": ""O-993_R-6151 O-994_R-6152 O-46_R-13 O-47_R-22 O-52_R-36 O-999_R-6156 O-1017_R-660 O-1021_R-215 O-992_R-6150 O-61_R-33 O-2_R-3 O-3_R-28 O-4_R-4 O-5_R-5 O-6_R-2""}"
Node,,,,,1,1,,,,"{""Type"": ""Channel"", ""RefId"": ""CH-2""}"
Node,,,,,1,1,,,,"{""Type"": ""Folder"", ""RefId"": ""MD-2_M-8_MI-1_PB-1"", ""GroupObjectInstances"": ""MD-2_M-8_MI-1_O-4-4_R-45 MD-2_M-8_MI-1_O-4-10_R-118""}"
Node,,,,,1,1,,,,"{""Type"": ""Folder"", ""RefId"": ""MD-2_M-8_MI-2_PB-1"", ""GroupObjectInstances"": ""MD-2_M-8_MI-2_O-4-10_R-115 MD-2_M-8_MI-2_O-4-4_R-48""}"
Node,,,,,1,1,,,,"{""Type"": ""Folder"", ""RefId"": ""MD-2_M-8_MI-3_PB-1"", ""GroupObjectInstances"": ""MD-2_M-8_MI-3_O-4-8_R-99 MD-2_M-8_MI-3_O-4-11_R-133""}"
Node,,,,,1,1,,,,"{""Type"": ""Folder"", ""RefId"": ""MD-2_M-8_MI-4_PB-1"", ""GroupObjectInstances"": ""MD-2_M-8_MI-4_O-4-11_R-129""}"
Node,,,,,1,1,,,,"{""Type"": ""Folder"", ""RefId"": ""MD-2_M-8_MI-5_PB-1"", ""GroupObjectInstances"": ""MD-2_M-8_MI-5_O-4-4_R-23 MD-2_M-8_MI-5_O-4-2_R-39 MD-2_M-8_MI-5_O-4-10_R-113 MD-2_M-8_MI-5_O-4-0_R-12""}"
Node,,,,,1,1,,,,"{""Type"": ""Folder"", ""RefId"": ""MD-2_M-8_MI-6_PB-1"", ""GroupObjectInstances"": ""MD-2_M-8_MI-6_O-4-4_R-23 MD-2_M-8_MI-6_O-4-2_R-39 MD-2_M-8_MI-6_O-4-10_R-113 MD-2_M-8_MI-6_O-4-0_R-12""}"
Node,,,,,1,1,,,,"{""Type"": ""Folder"", ""RefId"": ""MD-2_M-8_MI-7_PB-1"", ""GroupObjectInstances"": ""MD-2_M-8_MI-7_O-4-4_R-23 MD-2_M-8_MI-7_O-4-2_R-39 MD-2_M-8_MI-7_O-4-10_R-113 MD-2_M-8_MI-7_O-4-0_R-12""}"
Node,,,,,1,1,,,,"{""Type"": ""Folder"", ""RefId"": ""MD-2_M-8_MI-8_PB-1"", ""GroupObjectInstances"": ""MD-2_M-8_MI-8_O-4-4_R-23 MD-2_M-8_MI-8_O-4-2_R-39 MD-2_M-8_MI-8_O-4-10_R-113 MD-2_M-8_MI-8_O-4-0_R-12""}"
Node,,,,,1,1,,,,"{""Type"": ""Folder"", ""RefId"": ""MD-2_M-8_MI-9_PB-1"", ""GroupObjectInstances"": ""MD-2_M-8_MI-9_O-4-4_R-23 MD-2_M-8_MI-9_O-4-2_R-39 MD-2_M-8_MI-9_O-4-10_R-113 MD-2_M-8_MI-9_O-4-0_R-12""}"
Node,,,,,1,1,,,,"{""Type"": ""Folder"", ""RefId"": ""MD-2_M-8_MI-10_PB-1"", ""GroupObjectInstances"": ""MD-2_M-8_MI-10_O-4-9_R-104 MD-2_M-8_MI-10_O-4-0_R-6""}"
Node,,,,,1,1,,,,"{""Type"": ""Folder"", ""RefId"": ""MD-2_M-8_MI-11_PB-1"", ""GroupObjectInstances"": ""MD-2_M-8_MI-11_O-4-9_R-104 MD-2_M-8_MI-11_O-4-0_R-6""}"
Node,,,,,1,1,,,,"{""Type"": ""Folder"", ""RefId"": ""MD-2_M-8_MI-12_PB-1"", ""GroupObjectInstances"": ""MD-2_M-8_MI-12_O-4-9_R-104 MD-2_M-8_MI-12_O-4-0_R-6""}"
Node,,,,,1,1,,,,"{""Type"": ""Folder"", ""RefId"": ""MD-2_M-8_MI-13_PB-1"", ""GroupObjectInstances"": ""MD-2_M-8_MI-13_O-4-4_R-81 MD-2_M-8_MI-13_O-4-10_R-114 MD-2_M-8_MI-13_O-4-0_R-13 MD-2_M-8_MI-13_O-4-1_R-30""}"
Node,,,,,1,1,,,,"{""Type"": ""Folder"", ""RefId"": ""MD-2_M-8_MI-14_PB-1"", ""GroupObjectInstances"": ""MD-2_M-8_MI-14_O-4-4_R-81 MD-2_M-8_MI-14_O-4-10_R-114 MD-2_M-8_MI-14_O-4-0_R-13 MD-2_M-8_MI-14_O-4-1_R-30""}"
Node,,,,,1,1,,,,"{""Type"": ""Folder"", ""RefId"": ""MD-2_M-8_MI-15_PB-1"", ""GroupObjectInstances"": ""MD-2_M-8_MI-15_O-4-4_R-81 MD-2_M-8_MI-15_O-4-10_R-114 MD-2_M-8_MI-15_O-4-0_R-13 MD-2_M-8_MI-15_O-4-1_R-30""}"
Node,,,,,1,1,,,,"{""Type"": ""Folder"", ""RefId"": ""MD-2_M-8_MI-16_PB-1"", ""GroupObjectInstances"": ""MD-2_M-8_MI-16_O-4-9_R-104""}"
Node,,,,,1,1,,,,"{""Type"": ""Folder"", ""RefId"": ""MD-2_M-8_MI-17_PB-1"", ""GroupObjectInstances"": ""MD-2_M-8_MI-17_O-4-9_R-104""}"
Node,,,,,1,1,,,,"{""Type"": ""Folder"", ""RefId"": ""MD-2_M-8_MI-18_PB-1"", ""GroupObjectInstances"": ""MD-2_M-8_MI-18_O-4-9_R-104""}"
Node,,,,,1,1,,,,"{""Type"": ""Folder"", ""RefId"": ""MD-2_M-8_MI-19_PB-1"", ""GroupObjectInstances"": ""MD-2_M-8_MI-19_O-4-9_R-104""}"
Node,,,,,1,1,,,,"{""Type"": ""Folder"", ""RefId"": ""MD-2_M-8_MI-20_PB-1"", ""GroupObjectInstances"": ""MD-2_M-8_MI-20_O-4-9_R-104""}"
Node,,,,,1,1,,,,"{""Type"": ""Channel"", ""RefId"": ""CH-10""}"
Node,,,,,1,1,,,,"{""Type"": ""Folder"", ""RefId"": ""PB-17"", ""GroupObjectInstances"": ""O-1186_R-6432 O-1187_R-6433 O-1171_R-6411 O-1178_R-6422 O-1168_R-6408 O-1182_R-6427 O-1179_R-6424 O-1180_R-6425 O-1185_R-6431 O-1199_R-6445 O-1195_R-6441 O-1198_R-6444 O-1194_R-6440""}"
Node,,,,,1,1,,,,"{""Type"": ""Channel"", ""RefId"": ""CH-1"", ""GroupObjectInstances"": ""O-993_R-6151 O-994_R-6152 O-46_R-13 O-47_R-22 O-52_R-36 O-999_R-6156 O-1017_R-660 O-1021_R-215 O-992_R-6150 O-61_R-33 O-2_R-3 O-3_R-28 O-4_R-4 O-5_R-5 O-6_R-2""}"
Node,,,,,1,1,,,,"{""Type"": ""Channel"", ""RefId"": ""CH-2""}"
Node,,,,,1,1,,,,"{""Type"": ""Folder"", ""RefId"": ""MD-2_M-8_MI-1_PB-1"", ""GroupObjectInstances"": ""MD-2_M-8_MI-1_O-4-4_R-45 MD-2_M-8_MI-1_O-4-10_R-118""}"
Node,,,,,1,1,,,,"{""Type"": ""Folder"", ""RefId"": ""MD-2_M-8_MI-2_PB-1"", ""GroupObjectInstances"": ""MD-2_M-8_MI-2_O-4-10_R-115 MD-2_M-8_MI-2_O-4-4_R-48""}"
Node,,,,,1,1,,,,"{""Type"": ""Folder"", ""RefId"": ""MD-2_M-8_MI-3_PB-1"", ""GroupObjectInstances"": ""MD-2_M-8_MI-3_O-4-8_R-99 MD-2_M-8_MI-3_O-4-11_R-133""}"
Node,,,,,1,1,,,,"{""Type"": ""Folder"", ""RefId"": ""MD-2_M-8_MI-4_PB-1"", ""GroupObjectInstances"": ""MD-2_M-8_MI-4_O-4-11_R-129""}"
Node,,,,,1,1,,,,"{""Type"": ""Folder"", ""RefId"": ""MD-2_M-8_MI-5_PB-1"", ""GroupObjectInstances"": ""MD-2_M-8_MI-5_O-4-4_R-81 MD-2_M-8_MI-5_O-4-10_R-114 MD-2_M-8_MI-5_O-4-0_R-13 MD-2_M-8_MI-5_O-4-1_R-30""}"
Node,,,,,1,1,,,,"{""Type"": ""Folder"", ""RefId"": ""MD-2_M-8_MI-6_PB-1"", ""GroupObjectInstances"": ""MD-2_M-8_MI-6_O-4-4_R-23 MD-2_M-8_MI-6_O-4-2_R-39 MD-2_M-8_MI-6_O-4-10_R-113 MD-2_M-8_MI-6_O-4-0_R-12""}"
Node,,,,,1,1,,,,"{""Type"": ""Folder"", ""RefId"": ""MD-2_M-8_MI-7_PB-1"", ""GroupObjectInstances"": ""MD-2_M-8_MI-7_O-4-4_R-23 MD-2_M-8_MI-7_O-4-2_R-39 MD-2_M-8_MI-7_O-4-10_R-113 MD-2_M-8_MI-7_O-4-0_R-12""}"
Node,,,,,1,1,,,,"{""Type"": ""Folder"", ""RefId"": ""MD-2_M-8_MI-8_PB-1"", ""GroupObjectInstances"": ""MD-2_M-8_MI-8_O-4-9_R-104""}"
Node,,,,,1,1,,,,"{""Type"": ""Folder"", ""RefId"": ""MD-2_M-8_MI-9_PB-1"", ""GroupObjectInstances"": ""MD-2_M-8_MI-9_O-4-9_R-104""}"
Node,,,,,1,1,,,,"{""Type"": ""Folder"", ""RefId"": ""MD-2_M-8_MI-10_PB-1"", ""GroupObjectInstances"": ""MD-2_M-8_MI-10_O-4-9_R-104""}"
Node,,,,,1,1,,,,"{""Type"": ""Channel"", ""RefId"": ""CH-10""}"
Node,,,,,1,1,,,,"{""Type"": ""Folder"", ""RefId"": ""PB-17"", ""GroupObjectInstances"": ""O-1186_R-6432 O-1187_R-6433 O-1171_R-6411 O-1178_R-6422 O-1168_R-6408 O-1182_R-6427 O-1179_R-6424 O-1180_R-6425 O-1185_R-6431 O-1199_R-6445 O-1195_R-6441 O-1198_R-6444 O-1194_R-6440""}"
Node,,,,,1,1,,,,"{""Type"": ""Channel"", ""RefId"": ""CH-1"", ""GroupObjectInstances"": ""O-993_R-6151 O-994_R-6152 O-46_R-13 O-47_R-22 O-52_R-36 O-999_R-6156 O-1017_R-660 O-1021_R-215 O-992_R-6150 O-61_R-33 O-2_R-3 O-3_R-28 O-4_R-4 O-5_R-5 O-6_R-2""}"
Node,,,,,1,1,,,,"{""Type"": ""Channel"", ""RefId"": ""CH-2""}"
Node,,,,,1,1,,,,"{""Type"": ""Folder"", ""RefId"": ""MD-2_M-8_MI-1_PB-1"", ""GroupObjectInstances"": ""MD-2_M-8_MI-1_O-4-4_R-45 MD-2_M-8_MI-1_O-4-10_R-118""}"
Node,,,,,1,1,,,,"{""Type"": ""Folder"", ""RefId"": ""MD-2_M-8_MI-2_PB-1"", ""GroupObjectInstances"": ""MD-2_M-8_MI-2_O-4-10_R-115 MD-2_M-8_MI-2_O-4-4_R-48""}"
Node,,,,,1,1,,,,"{""Type"": ""Folder"", ""RefId"": ""MD-2_M-8_MI-3_PB-1"", ""GroupObjectInstances"": ""MD-2_M-8_MI-3_O-4-8_R-99 MD-2_M-8_MI-3_O-4-11_R-133""}"
Node,,,,,1,1,,,,"{""Type"": ""Folder"", ""RefId"": ""MD-2_M-8_MI-4_PB-1"", ""GroupObjectInstances"": ""MD-2_M-8_MI-4_O-4-11_R-129""}"
Node,,,,,1,1,,,,"{""Type"": ""Folder"", ""RefId"": ""MD-2_M-8_MI-5_PB-1"", ""GroupObjectInstances"": ""MD-2_M-8_MI-5_O-4-4_R-23 MD-2_M-8_MI-5_O-4-2_R-39 MD-2_M-8_MI-5_O-4-10_R-113 MD-2_M-8_MI-5_O-4-0_R-12""}"
Node,,,,,1,1,,,,"{""Type"": ""Folder"", ""RefId"": ""MD-2_M-8_MI-6_PB-1"", ""GroupObjectInstances"": ""MD-2_M-8_MI-6_O-4-4_R-23 MD-2_M-8_MI-6_O-4-2_R-39 MD-2_M-8_MI-6_O-4-10_R-113 MD-2_M-8_MI-6_O-4-0_R-12""}"
Node,,,,,1,1,,,,"{""Type"": ""Folder"", ""RefId"": ""MD-2_M-8_MI-7_PB-1"", ""GroupObjectInstances"": ""MD-2_M-8_MI-7_O-4-4_R-23 MD-2_M-8_MI-7_O-4-2_R-39 MD-2_M-8_MI-7_O-4-10_R-113 MD-2_M-8_MI-7_O-4-0_R-12""}"
Node,,,,,1,1,,,,"{""Type"": ""Folder"", ""RefId"": ""MD-2_M-8_MI-8_PB-1"", ""GroupObjectInstances"": ""MD-2_M-8_MI-8_O-4-4_R-23 MD-2_M-8_MI-8_O-4-2_R-39 MD-2_M-8_MI-8_O-4-10_R-113 MD-2_M-8_MI-8_O-4-0_R-12""}"
Node,,,,,1,1,,,,"{""Type"": ""Folder"", ""RefId"": ""MD-2_M-8_MI-9_PB-1"", ""GroupObjectInstances"": ""MD-2_M-8_MI-9_O-4-4_R-23 MD-2_M-8_MI-9_O-4-2_R-39 MD-2_M-8_MI-9_O-4-10_R-113 MD-2_M-8_MI-9_O-4-0_R-12""}"
Node,,,,,1,1,,,,"{""Type"": ""Folder"", ""RefId"": ""MD-2_M-8_MI-10_PB-1"", ""GroupObjectInstances"": ""MD-2_M-8_MI-10_O-4-4_R-23 MD-2_M-8_MI-10_O-4-2_R-39 MD-2_M-8_MI-10_O-4-10_R-113 MD-2_M-8_MI-10_O-4-0_R-12""}"
Node,,,,,1,1,,,,"{""Type"": ""Folder"", ""RefId"": ""MD-2_M-8_MI-11_PB-1"", ""GroupObjectInstances"": ""MD-2_M-8_MI-11_O-4-4_R-23 MD-2_M-8_MI-11_O-4-2_R-39 MD-2_M-8_MI-11_O-4-10_R-113 MD-2_M-8_MI-11_O-4-0_R-12""}"
Node,,,,,1,1,,,,"{""Type"": ""Folder"", ""RefId"": ""MD-2_M-8_MI-12_PB-1"", ""GroupObjectInstances"": ""MD-2_M-8_MI-12_O-4-0_R-6 MD-2_M-8_MI-12_O-4-9_R-104""}"
Node,,,,,1,1,,,,"{""Type"": ""Folder"", ""RefId"": ""MD-2_M-8_MI-13_PB-1"", ""GroupObjectInstances"": ""MD-2_M-8_MI-13_O-4-0_R-6 MD-2_M-8_MI-13_O-4-9_R-104""}"
Node,,,,,1,1,,,,"{""Type"": ""Folder"", ""RefId"": ""MD-2_M-8_MI-14_PB-1"", ""GroupObjectInstances"": ""MD-2_M-8_MI-14_O-4-0_R-6 MD-2_M-8_MI-14_O-4-9_R-104""}"
Node,,,,,1,1,,,,"{""Type"": ""Folder"", ""RefId"": ""MD-2_M-8_MI-15_PB-1"", ""GroupObjectInstances"": ""MD-2_M-8_MI-15_O-4-4_R-81 MD-2_M-8_MI-15_O-4-10_R-114 MD-2_M-8_MI-15_O-4-0_R-13 MD-2_M-8_MI-15_O-4-1_R-30""}"
Node,,,,,1,1,,,,"{""Type"": ""Folder"", ""RefId"": ""MD-2_M-8_MI-16_PB-1"", ""GroupObjectInstances"": ""MD-2_M-8_MI-16_O-4-9_R-104 MD-2_M-8_MI-16_O-4-0_R-6""}"
Node,,,,,1,1,,,,"{""Type"": ""Folder"", ""RefId"": ""MD-2_M-8_MI-17_PB-1"", ""GroupObjectInstances"": ""MD-2_M-8_MI-17_O-4-9_R-104 MD-2_M-8_MI-17_O-4-0_R-6""}"
Node,,,,,1,1,,,,"{""Type"": ""Folder"", ""RefId"": ""MD-2_M-8_MI-18_PB-1"", ""GroupObjectInstances"": ""MD-2_M-8_MI-18_O-4-9_R-104""}"
Node,,,,,1,1,,,,"{""Type"": ""Folder"", ""RefId"": ""MD-2_M-8_MI-19_PB-1"", ""GroupObjectInstances"": ""MD-2_M-8_MI-19_O-4-9_R-104""}"
Node,,,,,1,1,,,,"{""Type"": ""Folder"", ""RefId"": ""MD-2_M-8_MI-20_PB-1"", ""GroupObjectInstances"": ""MD-2_M-8_MI-20_O-4-9_R-104""}"
Node,,,,,1,1,,,,"{""Type"": ""Channel"", ""RefId"": ""CH-10""}"
Node,,,,,1,1,,,,"{""Type"": ""Folder"", ""RefId"": ""PB-17"", ""GroupObjectInstances"": ""O-1186_R-6432 O-1187_R-6433 O-1171_R-6411 O-1178_R-6422 O-1168_R-6408 O-1182_R-6427 O-1179_R-6424 O-1180_R-6425 O-1185_R-6431 O-1199_R-6445 O-1195_R-6441 O-1198_R-6444 O-1194_R-6440""}"
Node,,,,,1,1,,,,"{""Type"": ""Channel"", ""RefId"": ""CH-1"", ""GroupObjectInstances"": ""O-993_R-6151 O-994_R-6152 O-46_R-13 O-47_R-22 O-52_R-36 O-999_R-6156 O-1017_R-660 O-1021_R-215 O-992_R-6150 O-61_R-33 O-2_R-3 O-3_R-28 O-4_R-4 O-5_R-5 O-6_R-2""}"
Node,,,,,1,1,,,,"{""Type"": ""Channel"", ""RefId"": ""CH-2""}"
Node,,,,,1,1,,,,"{""Type"": ""Folder"", ""RefId"": ""MD-2_M-8_MI-1_PB-1"", ""GroupObjectInstances"": ""MD-2_M-8_MI-1_O-4-4_R-45 MD-2_M-8_MI-1_O-4-10_R-118""}"
Node,,,,,1,1,,,,"{""Type"": ""Folder"", ""RefId"": ""MD-2_M-8_MI-2_PB-1"", ""GroupObjectInstances"": ""MD-2_M-8_MI-2_O-4-10_R-115 MD-2_M-8_MI-2_O-4-4_R-48""}"
Node,,,,,1,1,,,,"{""Type"": ""Folder"", ""RefId"": ""MD-2_M-8_MI-3_PB-1"", ""GroupObjectInstances"": ""MD-2_M-8_MI-3_O-4-8_R-99 MD-2_M-8_MI-3_O-4-11_R-133""}"
Node,,,,,1,1,,,,"{""Type"": ""Folder"", ""RefId"": ""MD-2_M-8_MI-4_PB-1"", ""GroupObjectInstances"": ""MD-2_M-8_MI-4_O-4-11_R-129""}"
Node,,,,,1,1,,,,"{""Type"": ""Folder"", ""RefId"": ""MD-2_M-8_MI-5_PB-1"", ""GroupObjectInstances"": ""MD-2_M-8_MI-5_O-4-4_R-23 MD-2_M-8_MI-5_O-4-2_R-39 MD-2_M-8_MI-5_O-4-10_R-113 MD-2_M-8_MI-5_O-4-0_R-12""}"
Node,,,,,1,1,,,,"{""Type"": ""Folder"", ""RefId"": ""MD-2_M-8_MI-6_PB-1"", ""GroupObjectInstances"": ""MD-2_M-8_MI-6_O-4-4_R-23 MD-2_M-8_MI-6_O-4-2_R-39 MD-2_M-8_MI-6_O-4-10_R-113 MD-2_M-8_MI-6_O-4-0_R-12""}"
Node,,,,,1,1,,,,"{""Type"": ""Folder"", ""RefId"": ""MD-2_M-8_MI-7_PB-1"", ""GroupObjectInstances"": ""MD-2_M-8_MI-7_O-4-4_R-23 MD-2_M-8_MI-7_O-4-2_R-39 MD-2_M-8_MI-7_O-4-10_R-113 MD-2_M-8_MI-7_O-4-0_R-12""}"
Node,,,,,1,1,,,,"{""Type"": ""Folder"", ""RefId"": ""MD-2_M-8_MI-8_PB-1"", ""GroupObjectInstances"": ""MD-2_M-8_MI-8_O-4-4_R-23 MD-2_M-8_MI-8_O-4-2_R-39 MD-2_M-8_MI-8_O-4-10_R-113 MD-2_M-8_MI-8_O-4-0_R-12""}"
Node,,,,,1,1,,,,"{""Type"": ""Folder"", ""RefId"": ""MD-2_M-8_MI-9_PB-1"", ""GroupObjectInstances"": ""MD-2_M-8_MI-9_O-4-4_R-23 MD-2_M-8_MI-9_O-4-2_R-39 MD-2_M-8_MI-9_O-4-10_R-113 MD-2_M-8_MI-9_O-4-0_R-12""}"
Node,,,,,1,1,,,,"{""Type"": ""Folder"", ""RefId"": ""MD-2_M-8_MI-10_PB-1"", ""GroupObjectInstances"": ""MD-2_M-8_MI-10_O-4-4_R-23 MD-2_M-8_MI-10_O-4-2_R-39 MD-2_M-8_MI-10_O-4-10_R-113 MD-2_M-8_MI-10_O-4-0_R-12""}"
Node,,,,,1,1,,,,"{""Type"": ""Folder"", ""RefId"": ""MD-2_M-8_MI-11_PB-1"", ""GroupObjectInstances"": ""MD-2_M-8_MI-11_O-4-4_R-81 MD-2_M-8_MI-11_O-4-10_R-114 MD-2_M-8_MI-11_O-4-0_R-13 MD-2_M-8_MI-11_O-4-1_R-30""}"
Node,,,,,1,1,,,,"{""Type"": ""Folder"", ""RefId"": ""MD-2_M-8_MI-12_PB-1"", ""GroupObjectInstances"": ""MD-2_M-8_MI-12_O-4-9_R-104""}"
Node,,,,,1,1,,,,"{""Type"": ""Folder"", ""RefId"": ""MD-2_M-8_MI-13_PB-1"", ""GroupObjectInstances"": ""MD-2_M-8_MI-13_O-4-9_R-104""}"
Node,,,,,1,1,,,,"{""Type"": ""Folder"", ""RefId"": ""MD-2_M-8_MI-14_PB-1"", ""GroupObjectInstances"": ""MD-2_M-8_MI-14_O-4-9_R-104""}"
Node,,,,,1,1,,,,"{""Type"": ""Folder"", ""RefId"": ""MD-2_M-8_MI-15_PB-1"", ""GroupObjectInstances"": ""MD-2_M-8_MI-15_O-4-9_R-104""}"
Node,,,,,1,1,,,,"{""Type"": ""Channel"", ""RefId"": ""CH-10""}"
Node,,,,,1,1,,,,"{""Type"": ""Folder"", ""RefId"": ""PB-17"", ""GroupObjectInstances"": ""O-1186_R-6432 O-1187_R-6433 O-1171_R-6411 O-1178_R-6422 O-1168_R-6408 O-1182_R-6427 O-1179_R-6424 O-1180_R-6425 O-1185_R-6431 O-1199_R-6445 O-1195_R-6441 O-1198_R-6444 O-1194_R-6440""}"
Node,,,,,1,1,,,,"{""Type"": ""Channel"", ""RefId"": ""CH-1"", ""GroupObjectInstances"": ""O-993_R-6151 O-994_R-6152 O-46_R-13 O-47_R-22 O-52_R-36 O-999_R-6156 O-1017_R-660 O-1021_R-215 O-992_R-6150 O-61_R-33 O-2_R-3 O-3_R-28 O-4_R-4 O-5_R-5 O-6_R-2""}"
Node,,,,,1,1,,,,"{""Type"": ""Channel"", ""RefId"": ""CH-2""}"
Node,,,,,1,1,,,,"{""Type"": ""Folder"", ""RefId"": ""MD-2_M-8_MI-1_PB-1"", ""GroupObjectInstances"": ""MD-2_M-8_MI-1_O-4-4_R-45 MD-2_M-8_MI-1_O-4-10_R-118""}"
Node,,,,,1,1,,,,"{""Type"": ""Folder"", ""RefId"": ""MD-2_M-8_MI-2_PB-1"", ""GroupObjectInstances"": ""MD-2_M-8_MI-2_O-4-10_R-115 MD-2_M-8_MI-2_O-4-4_R-48""}"
Node,,,,,1,1,,,,"{""Type"": ""Folder"", ""RefId"": ""MD-2_M-8_MI-3_PB-1"", ""GroupObjectInstances"": ""MD-2_M-8_MI-3_O-4-8_R-99 MD-2_M-8_MI-3_O-4-11_R-133""}"
Node,,,,,1,1,,,,"{""Type"": ""Folder"", ""RefId"": ""MD-2_M-8_MI-4_PB-1"", ""GroupObjectInstances"": ""MD-2_M-8_MI-4_O-4-11_R-129""}"
Node,,,,,1,1,,,,"{""Type"": ""Folder"", ""RefId"": ""MD-2_M-8_MI-5_PB-1"", ""GroupObjectInstances"": ""MD-2_M-8_MI-5_O-4-4_R-23 MD-2_M-8_MI-5_O-4-2_R-39 MD-2_M-8_MI-5_O-4-10_R-113 MD-2_M-8_MI-5_O-4-0_R-12""}"
Node,,,,,1,1,,,,"{""Type"": ""Folder"", ""RefId"": ""MD-2_M-8_MI-6_PB-1"", ""GroupObjectInstances"": ""MD-2_M-8_MI-6_O-4-4_R-23 MD-2_M-8_MI-6_O-4-2_R-39 MD-2_M-8_MI-6_O-4-10_R-113 MD-2_M-8_MI-6_O-4-0_R-12""}"
Node,,,,,1,1,,,,"{""Type"": ""Folder"", ""RefId"": ""MD-2_M-8_MI-7_PB-1"", ""GroupObjectInstances"": ""MD-2_M-8_MI-7_O-4-4_R-23 MD-2_M-8_MI-7_O-4-2_R-39 MD-2_M-8_MI-7_O-4-10_R-113 MD-2_M-8_MI-7_O-4-0_R-12""}"
Node,,,,,1,1,,,,"{""Type"": ""Folder"", ""RefId"": ""MD-2_M-8_MI-8_PB-1"", ""GroupObjectInstances"": ""MD-2_M-8_MI-8_O-4-4_R-23 MD-2_M-8_MI-8_O-4-2_R-39 MD-2_M-8_MI-8_O-4-10_R-113 MD-2_M-8_MI-8_O-4-0_R-12""}"
Node,,,,,1,1,,,,"{""Type"": ""Folder"", ""RefId"": ""MD-2_M-8_MI-9_PB-1"", ""GroupObjectInstances"": ""MD-2_M-8_MI-9_O-4-4_R-23 MD-2_M-8_MI-9_O-4-2_R-39 MD-2_M-8_MI-9_O-4-10_R-113 MD-2_M-8_MI-9_O-4-0_R-12""}"
Node,,,,,1,1,,,,"{""Type"": ""Folder"", ""RefId"": ""MD-2_M-8_MI-10_PB-1"", ""GroupObjectInstances"": ""MD-2_M-8_MI-10_O-4-4_R-23 MD-2_M-8_MI-10_O-4-2_R-39 MD-2_M-8_MI-10_O-4-10_R-113 MD-2_M-8_MI-10_O-4-0_R-12""}"
Node,,,,,1,1,,,,"{""Type"": ""Folder"", ""RefId"": ""MD-2_M-8_MI-11_PB-1"", ""GroupObjectInstances"": ""MD-2_M-8_MI-11_O-4-4_R-81 MD-2_M-8_MI-11_O-4-10_R-114 MD-2_M-8_MI-11_O-4-0_R-13 MD-2_M-8_MI-11_O-4-1_R-30""}"
Node,,,,,1,1,,,,"{""Type"": ""Folder"", ""RefId"": ""MD-2_M-8_MI-12_PB-1"", ""GroupObjectInstances"": ""MD-2_M-8_MI-12_O-4-9_R-104""}"
Node,,,,,1,1,,,,"{""Type"": ""Folder"", ""RefId"": ""MD-2_M-8_MI-13_PB-1"", ""GroupObjectInstances"": ""MD-2_M-8_MI-13_O-4-9_R-104""}"
Node,,,,,1,1,,,,"{""Type"": ""Folder"", ""RefId"": ""MD-2_M-8_MI-14_PB-1"", ""GroupObjectInstances"": ""MD-2_M-8_MI-14_O-4-9_R-104""}"
Node,,,,,1,1,,,,"{""Type"": ""Folder"", ""RefId"": ""MD-2_M-8_MI-15_PB-1"", ""GroupObjectInstances"": ""MD-2_M-8_MI-15_O-4-9_R-104""}"
Node,,,,,1,1,,,,"{""Type"": ""Channel"", ""RefId"": ""CH-10""}"
Node,,,,,1,1,,,,"{""Type"": ""Folder"", ""RefId"": ""PB-17"", ""GroupObjectInstances"": ""O-1186_R-6432 O-1187_R-6433 O-1171_R-6411 O-1178_R-6422 O-1168_R-6408 O-1182_R-6427 O-1179_R-6424 O-1180_R-6425 O-1185_R-6431 O-1199_R-6445 O-1195_R-6441 O-1198_R-6444 O-1194_R-6440""}"
Node,,,,,1,1,,,,"{""Type"": ""Channel"", ""RefId"": ""CH-1"", ""GroupObjectInstances"": ""O-993_R-6151 O-994_R-6152 O-46_R-13 O-47_R-22 O-52_R-36 O-999_R-6156 O-1017_R-660 O-1021_R-215 O-992_R-6150 O-61_R-33 O-2_R-3 O-3_R-28 O-4_R-4 O-5_R-5 O-6_R-2""}"
Node,,,,,1,1,,,,"{""Type"": ""Channel"", ""RefId"": ""CH-2""}"
Node,,,,,1,1,,,,"{""Type"": ""Folder"", ""RefId"": ""MD-2_M-8_MI-1_PB-1"", ""GroupObjectInstances"": ""MD-2_M-8_MI-1_O-4-4_R-45 MD-2_M-8_MI-1_O-4-10_R-118""}"
Node,,,,,1,1,,,,"{""Type"": ""Folder"", ""RefId"": ""MD-2_M-8_MI-2_PB-1"", ""GroupObjectInstances"": ""MD-2_M-8_MI-2_O-4-10_R-115 MD-2_M-8_MI-2_O-4-4_R-48""}"
Node,,,,,1,1,,,,"{""Type"": ""Folder"", ""RefId"": ""MD-2_M-8_MI-3_PB-1"", ""GroupObjectInstances"": ""MD-2_M-8_MI-3_O-4-8_R-99 MD-2_M-8_MI-3_O-4-11_R-133""}"
Node,,,,,1,1,,,,"{""Type"": ""Folder"", ""RefId"": ""MD-2_M-8_MI-4_PB-1"", ""GroupObjectInstances"": ""MD-2_M-8_MI-4_O-4-11_R-129""}"
Node,,,,,1,1,,,,"{""Type"": ""Folder"", ""RefId"": ""MD-2_M-8_MI-5_PB-1"", ""GroupObjectInstances"": ""MD-2_M-8_MI-5_O-4-4_R-23 MD-2_M-8_MI-5_O-4-2_R-39 MD-2_M-8_MI-5_O-4-10_R-113 MD-2_M-8_MI-5_O-4-0_R-12""}"
Node,,,,,1,1,,,,"{""Type"": ""Folder"", ""RefId"": ""MD-2_M-8_MI-6_PB-1"", ""GroupObjectInstances"": ""MD-2_M-8_MI-6_O-4-4_R-23 MD-2_M-8_MI-6_O-4-2_R-39 MD-2_M-8_MI-6_O-4-10_R-113 MD-2_M-8_MI-6_O-4-0_R-12""}"
Node,,,,,1,1,,,,"{""Type"": ""Folder"", ""RefId"": ""MD-2_M-8_MI-7_PB-1"", ""GroupObjectInstances"": ""MD-2_M-8_MI-7_O-4-4_R-23 MD-2_M-8_MI-7_O-4-2_R-39 MD-2_M-8_MI-7_O-4-10_R-113 MD-2_M-8_MI-7_O-4-0_R-12""}"
Node,,,,,1,1,,,,"{""Type"": ""Folder"", ""RefId"": ""MD-2_M-8_MI-8_PB-1"", ""GroupObjectInstances"": ""MD-2_M-8_MI-8_O-4-4_R-23 MD-2_M-8_MI-8_O-4-2_R-39 MD-2_M-8_MI-8_O-4-10_R-113 MD-2_M-8_MI-8_O-4-0_R-12""}"
Node,,,,,1,1,,,,"{""Type"": ""Folder"", ""RefId"": ""MD-2_M-8_MI-9_PB-1"", ""GroupObjectInstances"": ""MD-2_M-8_MI-9_O-4-0_R-6 MD-2_M-8_MI-9_O-4-9_R-104""}"
Node,,,,,1,1,,,,"{""Type"": ""Folder"", ""RefId"": ""MD-2_M-8_MI-10_PB-1"", ""GroupObjectInstances"": ""MD-2_M-8_MI-10_O-4-0_R-6 MD-2_M-8_MI-10_O-4-9_R-104""}"
Node,,,,,1,1,,,,"{""Type"": ""Folder"", ""RefId"": ""MD-2_M-8_MI-11_PB-1"", ""GroupObjectInstances"": ""MD-2_M-8_MI-11_O-4-9_R-104 MD-2_M-8_MI-11_O-4-0_R-6""}"
Node,,,,,1,1,,,,"{""Type"": ""Folder"", ""RefId"": ""MD-2_M-8_MI-12_PB-1"", ""GroupObjectInstances"": ""MD-2_M-8_MI-12_O-4-4_R-81 MD-2_M-8_MI-12_O-4-10_R-114 MD-2_M-8_MI-12_O-4-0_R-13 MD-2_M-8_MI-12_O-4-1_R-30""}"
Node,,,,,1,1,,,,"{""Type"": ""Folder"", ""RefId"": ""MD-2_M-8_MI-13_PB-1"", ""GroupObjectInstances"": ""MD-2_M-8_MI-13_O-4-9_R-104""}"
Node,,,,,1,1,,,,"{""Type"": ""Folder"", ""RefId"": ""MD-2_M-8_MI-14_PB-1"", ""GroupObjectInstances"": ""MD-2_M-8_MI-14_O-4-9_R-104""}"
Node,,,,,1,1,,,,"{""Type"": ""Folder"", ""RefId"": ""MD-2_M-8_MI-15_PB-1"", ""GroupObjectInstances"": ""MD-2_M-8_MI-15_O-4-9_R-104""}"
Node,,,,,1,1,,,,"{""Type"": ""Folder"", ""RefId"": ""MD-2_M-8_MI-16_PB-1"", ""GroupObjectInstances"": ""MD-2_M-8_MI-16_O-4-9_R-104""}"
Node,,,,,1,1,,,,"{""Type"": ""Folder"", ""RefId"": ""MD-2_M-8_MI-17_PB-1"", ""GroupObjectInstances"": ""MD-2_M-8_MI-17_O-4-9_R-104""}"
Node,,,,,1,1,,,,"{""Type"": ""Folder"", ""RefId"": ""MD-2_M-8_MI-18_PB-1"", ""GroupObjectInstances"": ""MD-2_M-8_MI-18_O-4-9_R-104""}"
Node,,,,,1,1,,,,"{""Type"": ""Folder"", ""RefId"": ""MD-2_M-8_MI-19_PB-1"", ""GroupObjectInstances"": ""MD-2_M-8_MI-19_O-4-9_R-104""}"
Node,,,,,1,1,,,,"{""Type"": ""Folder"", ""RefId"": ""MD-2_M-8_MI-20_PB-1"", ""GroupObjectInstances"": ""MD-2_M-8_MI-20_O-4-9_R-104""}"
Node,,,,,1,1,,,,"{""Type"": ""Folder"", ""RefId"": ""MD-2_M-8_MI-21_PB-1"", ""GroupObjectInstances"": ""MD-2_M-8_MI-21_O-4-9_R-104""}"
Node,,,,,1,1,,,,"{""Type"": ""Folder"", ""RefId"": ""MD-2_M-8_MI-22_PB-1"", ""GroupObjectInstances"": ""MD-2_M-8_MI-22_O-4-9_R-104""}"
Node,,,,,1,1,,,,"{""Type"": ""Folder"", ""RefId"": ""MD-2_M-8_MI-23_PB-1"", ""GroupObjectInstances"": ""MD-2_M-8_MI-23_O-4-9_R-104""}"
Node,,,,,1,1,,,,"{""Type"": ""Folder"", ""RefId"": ""MD-2_M-8_MI-24_PB-1"", ""GroupObjectInstances"": ""MD-2_M-8_MI-24_O-4-9_R-104""}"
Node,,,,,1,1,,,,"{""Type"": ""Folder"", ""RefId"": ""MD-2_M-8_MI-25_PB-1"", ""GroupObjectInstances"": ""MD-2_M-8_MI-25_O-4-9_R-104""}"
Node,,,,,1,1,,,,"{""Type"": ""Folder"", ""RefId"": ""MD-2_M-8_MI-26_PB-1"", ""GroupObjectInstances"": ""MD-2_M-8_MI-26_O-4-9_R-104""}"
Node,,,,,1,1,,,,"{""Type"": ""Folder"", ""RefId"": ""MD-2_M-8_MI-27_PB-1"", ""GroupObjectInstances"": ""MD-2_M-8_MI-27_O-4-9_R-104""}"
Node,,,,,1,1,,,,"{""Type"": ""Folder"", ""RefId"": ""MD-2_M-8_MI-28_PB-1"", ""GroupObjectInstances"": ""MD-2_M-8_MI-28_O-4-9_R-104""}"
Node,,,,,1,1,,,,"{""Type"": ""Folder"", ""RefId"": ""MD-2_M-8_MI-29_PB-1"", ""GroupObjectInstances"": ""MD-2_M-8_MI-29_O-4-9_R-104""}"
Node,,,,,1,1,,,,"{""Type"": ""Folder"", ""RefId"": ""MD-2_M-8_MI-30_PB-1"", ""GroupObjectInstances"": ""MD-2_M-8_MI-30_O-4-9_R-104""}"
Node,,,,,1,1,,,,"{""Type"": ""Folder"", ""RefId"": ""MD-2_M-8_MI-31_PB-1"", ""GroupObjectInstances"": ""MD-2_M-8_MI-31_O-4-9_R-104""}"
Node,,,,,1,1,,,,"{""Type"": ""Folder"", ""RefId"": ""MD-2_M-8_MI-32_PB-1"", ""GroupObjectInstances"": ""MD-2_M-8_MI-32_O-4-9_R-104""}"
Node,,,,,1,1,,,,"{""Type"": ""Folder"", ""RefId"": ""MD-2_M-8_MI-33_PB-1"", ""GroupObjectInstances"": ""MD-2_M-8_MI-33_O-4-9_R-104""}"
Node,,,,,1,1,,,,"{""Type"": ""Folder"", ""RefId"": ""MD-2_M-8_MI-34_PB-1"", ""GroupObjectInstances"": ""MD-2_M-8_MI-34_O-4-9_R-104""}"
Node,,,,,1,1,,,,"{""Type"": ""Folder"", ""RefId"": ""MD-2_M-8_MI-35_PB-1"", ""GroupObjectInstances"": ""MD-2_M-8_MI-35_O-4-9_R-104""}"
Node,,,,,1,1,,,,"{""Type"": ""Folder"", ""RefId"": ""MD-2_M-8_MI-36_PB-1"", ""GroupObjectInstances"": ""MD-2_M-8_MI-36_O-4-9_R-104""}"
Node,,,,,1,1,,,,"{""Type"": ""Folder"", ""RefId"": ""MD-2_M-8_MI-37_PB-1"", ""GroupObjectInstances"": ""MD-2_M-8_MI-37_O-4-9_R-104""}"
Node,,,,,1,1,,,,"{""Type"": ""Folder"", ""RefId"": ""MD-2_M-8_MI-38_PB-1"", ""GroupObjectInstances"": ""MD-2_M-8_MI-38_O-4-9_R-104""}"
Node,,,,,1,1,,,,"{""Type"": ""Folder"", ""RefId"": ""MD-2_M-8_MI-39_PB-1"", ""GroupObjectInstances"": ""MD-2_M-8_MI-39_O-4-9_R-104""}"
Node,,,,,1,1,,,,"{""Type"": ""Folder"", ""RefId"": ""MD-2_M-8_MI-40_PB-1"", ""GroupObjectInstances"": ""MD-2_M-8_MI-40_O-4-9_R-104""}"
Node,,,,,1,1,,,,"{""Type"": ""Folder"", ""RefId"": ""MD-2_M-8_MI-41_PB-1"", ""GroupObjectInstances"": ""MD-2_M-8_MI-41_O-4-9_R-104""}"
Node,,,,,1,1,,,,"{""Type"": ""Folder"", ""RefId"": ""MD-2_M-8_MI-42_PB-1"", ""GroupObjectInstances"": ""MD-2_M-8_MI-42_O-4-9_R-104""}"
Node,,,,,1,1,,,,"{""Type"": ""Folder"", ""RefId"": ""MD-2_M-8_MI-43_PB-1"", ""GroupObjectInstances"": ""MD-2_M-8_MI-43_O-4-9_R-104""}"
Node,,,,,1,1,,,,"{""Type"": ""Folder"", ""RefId"": ""MD-2_M-8_MI-44_PB-1"", ""GroupObjectInstances"": ""MD-2_M-8_MI-44_O-4-9_R-104""}"
Node,,,,,1,1,,,,"{""Type"": ""Folder"", ""RefId"": ""MD-2_M-8_MI-45_PB-1"", ""GroupObjectInstances"": ""MD-2_M-8_MI-45_O-4-9_R-104""}"
Node,,,,,1,1,,,,"{""Type"": ""Folder"", ""RefId"": ""MD-2_M-8_MI-46_PB-1"", ""GroupObjectInstances"": ""MD-2_M-8_MI-46_O-4-9_R-104""}"
Node,,,,,1,1,,,,"{""Type"": ""Folder"", ""RefId"": ""MD-2_M-8_MI-47_PB-1"", ""GroupObjectInstances"": ""MD-2_M-8_MI-47_O-4-9_R-104""}"
Node,,,,,1,1,,,,"{""Type"": ""Folder"", ""RefId"": ""MD-2_M-8_MI-48_PB-1"", ""GroupObjectInstances"": ""MD-2_M-8_MI-48_O-4-9_R-104""}"
Node,,,,,1,1,,,,"{""Type"": ""Folder"", ""RefId"": ""MD-2_M-8_MI-49_PB-1"", ""GroupObjectInstances"": ""MD-2_M-8_MI-49_O-4-9_R-104""}"
Node,,,,,1,1,,,,"{""Type"": ""Folder"", ""RefId"": ""MD-2_M-8_MI-50_PB-1"", ""GroupObjectInstances"": ""MD-2_M-8_MI-50_O-4-9_R-104""}"
Node,,,,,1,1,,,,"{""Type"": ""Folder"", ""RefId"": ""MD-2_M-8_MI-51_PB-1"", ""GroupObjectInstances"": ""MD-2_M-8_MI-51_O-4-9_R-104""}"
Node,,,,,1,1,,,,"{""Type"": ""Folder"", ""RefId"": ""MD-2_M-8_MI-52_PB-1"", ""GroupObjectInstances"": ""MD-2_M-8_MI-52_O-4-9_R-104""}"
Node,,,,,1,1,,,,"{""Type"": ""Folder"", ""RefId"": ""MD-2_M-8_MI-53_PB-1"", ""GroupObjectInstances"": ""MD-2_M-8_MI-53_O-4-9_R-104""}"
Node,,,,,1,1,,,,"{""Type"": ""Folder"", ""RefId"": ""MD-2_M-8_MI-54_PB-1"", ""GroupObjectInstances"": ""MD-2_M-8_MI-54_O-4-9_R-104""}"
Node,,,,,1,1,,,,"{""Type"": ""Folder"", ""RefId"": ""MD-2_M-8_MI-55_PB-1"", ""GroupObjectInstances"": ""MD-2_M-8_MI-55_O-4-9_R-104""}"
Node,,,,,1,1,,,,"{""Type"": ""Folder"", ""RefId"": ""MD-2_M-8_MI-56_PB-1"", ""GroupObjectInstances"": ""MD-2_M-8_MI-56_O-4-9_R-104""}"
Node,,,,,1,1,,,,"{""Type"": ""Channel"", ""RefId"": ""CH-10""}"
Node,,,,,1,1,,,,"{""Type"": ""Folder"", ""RefId"": ""PB-17"", ""GroupObjectInstances"": ""O-1186_R-6432 O-1187_R-6433 O-1171_R-6411 O-1178_R-6422 O-1168_R-6408 O-1182_R-6427 O-1179_R-6424 O-1180_R-6425 O-1185_R-6431 O-1199_R-6445 O-1195_R-6441 O-1198_R-6444 O-1194_R-6440""}"
Node,,,,,1,1,,,,"{""Type"": ""Channel"", ""RefId"": ""CH-1"", ""GroupObjectInstances"": ""O-993_R-6151 O-994_R-6152 O-46_R-13 O-47_R-22 O-52_R-36 O-999_R-6156 O-1017_R-660 O-1021_R-215 O-992_R-6150 O-61_R-33 O-2_R-3 O-3_R-28 O-4_R-4 O-5_R-5 O-6_R-2""}"
Node,,,,,1,1,,,,"{""Type"": ""Channel"", ""RefId"": ""CH-2""}"
Node,,,,,1,1,,,,"{""Type"": ""Folder"", ""RefId"": ""MD-2_M-8_MI-1_PB-1"", ""GroupObjectInstances"": ""MD-2_M-8_MI-1_O-4-4_R-45 MD-2_M-8_MI-1_O-4-10_R-118""}"
Node,,,,,1,1,,,,"{""Type"": ""Folder"", ""RefId"": ""MD-2_M-8_MI-2_PB-1"", ""GroupObjectInstances"": ""MD-2_M-8_MI-2_O-4-10_R-115 MD-2_M-8_MI-2_O-4-4_R-48""}"
Node,,,,,1,1,,,,"{""Type"": ""Folder"", ""RefId"": ""MD-2_M-8_MI-3_PB-1"", ""GroupObjectInstances"": ""MD-2_M-8_MI-3_O-4-8_R-99 MD-2_M-8_MI-3_O-4-11_R-133""}"
Node,,,,,1,1,,,,"{""Type"": ""Folder"", ""RefId"": ""MD-2_M-8_MI-4_PB-1"", ""GroupObjectInstances"": ""MD-2_M-8_MI-4_O-4-11_R-129""}"
Node,,,,,1,1,,,,"{""Type"": ""Folder"", ""RefId"": ""MD-2_M-8_MI-5_PB-1"", ""GroupObjectInstances"": ""MD-2_M-8_MI-5_O-4-4_R-23 MD-2_M-8_MI-5_O-4-2_R-39 MD-2_M-8_MI-5_O-4-10_R-113 MD-2_M-8_MI-5_O-4-0_R-12""}"
Node,,,,,1,1,,,,"{""Type"": ""Folder"", ""RefId"": ""MD-2_M-8_MI-6_PB-1"", ""GroupObjectInstances"": ""MD-2_M-8_MI-6_O-4-4_R-23 MD-2_M-8_MI-6_O-4-2_R-39 MD-2_M-8_MI-6_O-4-10_R-113 MD-2_M-8_MI-6_O-4-0_R-12""}"
Node,,,,,1,1,,,,"{""Type"": ""Folder"", ""RefId"": ""MD-2_M-8_MI-7_PB-1"", ""GroupObjectInstances"": ""MD-2_M-8_MI-7_O-4-4_R-23 MD-2_M-8_MI-7_O-4-2_R-39 MD-2_M-8_MI-7_O-4-10_R-113 MD-2_M-8_MI-7_O-4-0_R-12""}"
Node,,,,,1,1,,,,"{""Type"": ""Folder"", ""RefId"": ""MD-2_M-8_MI-8_PB-1"", ""GroupObjectInstances"": ""MD-2_M-8_MI-8_O-4-4_R-23 MD-2_M-8_MI-8_O-4-2_R-39 MD-2_M-8_MI-8_O-4-10_R-113 MD-2_M-8_MI-8_O-4-0_R-12""}"
Node,,,,,1,1,,,,"{""Type"": ""Folder"", ""RefId"": ""MD-2_M-8_MI-9_PB-1"", ""GroupObjectInstances"": ""MD-2_M-8_MI-9_O-4-4_R-23 MD-2_M-8_MI-9_O-4-2_R-39 MD-2_M-8_MI-9_O-4-10_R-113 MD-2_M-8_MI-9_O-4-0_R-12""}"
Node,,,,,1,1,,,,"{""Type"": ""Folder"", ""RefId"": ""MD-2_M-8_MI-10_PB-1"", ""GroupObjectInstances"": ""MD-2_M-8_MI-10_O-4-4_R-23 MD-2_M-8_MI-10_O-4-2_R-39 MD-2_M-8_MI-10_O-4-10_R-113 MD-2_M-8_MI-10_O-4-0_R-12""}"
Node,,,,,1,1,,,,"{""Type"": ""Folder"", ""RefId"": ""MD-2_M-8_MI-11_PB-1"", ""GroupObjectInstances"": ""MD-2_M-8_MI-11_O-4-4_R-81 MD-2_M-8_MI-11_O-4-10_R-114 MD-2_M-8_MI-11_O-4-0_R-13 MD-2_M-8_MI-11_O-4-1_R-30""}"
Node,,,,,1,1,,,,"{""Type"": ""Folder"", ""RefId"": ""MD-2_M-8_MI-12_PB-1"", ""GroupObjectInstances"": ""MD-2_M-8_MI-12_O-4-4_R-81 MD-2_M-8_MI-12_O-4-10_R-114 MD-2_M-8_MI-12_O-4-0_R-13 MD-2_M-8_MI-12_O-4-1_R-30""}"
Node,,,,,1,1,,,,"{""Type"": ""Folder"", ""RefId"": ""MD-2_M-8_MI-13_PB-1"", ""GroupObjectInstances"": ""MD-2_M-8_MI-13_O-4-9_R-104""}"
Node,,,,,1,1,,,,"{""Type"": ""Folder"", ""RefId"": ""MD-2_M-8_MI-14_PB-1"", ""GroupObjectInstances"": ""MD-2_M-8_MI-14_O-4-9_R-104""}"
Node,,,,,1,1,,,,"{""Type"": ""Folder"", ""RefId"": ""MD-2_M-8_MI-15_PB-1"", ""GroupObjectInstances"": ""MD-2_M-8_MI-15_O-4-9_R-104""}"
Node,,,,,1,1,,,,"{""Type"": ""Folder"", ""RefId"": ""MD-2_M-8_MI-16_PB-1"", ""GroupObjectInstances"": ""MD-2_M-8_MI-16_O-4-9_R-104""}"
Node,,,,,1,1,,,,"{""Type"": ""Folder"", ""RefId"": ""MD-2_M-8_MI-17_PB-1"", ""GroupObjectInstances"": ""MD-2_M-8_MI-17_O-4-9_R-104""}"
Node,,,,,1,1,,,,"{""Type"": ""Folder"", ""RefId"": ""MD-2_M-8_MI-18_PB-1"", ""GroupObjectInstances"": ""MD-2_M-8_MI-18_O-4-9_R-104""}"
Node,,,,,1,1,,,,"{""Type"": ""Folder"", ""RefId"": ""MD-2_M-8_MI-19_PB-1"", ""GroupObjectInstances"": ""MD-2_M-8_MI-19_O-4-9_R-104""}"
Node,,,,,1,1,,,,"{""Type"": ""Folder"", ""RefId"": ""MD-2_M-8_MI-20_PB-1"", ""GroupObjectInstances"": ""MD-2_M-8_MI-20_O-4-9_R-104""}"
Node,,,,,1,1,,,,"{""Type"": ""Folder"", ""RefId"": ""MD-2_M-8_MI-21_PB-1"", ""GroupObjectInstances"": ""MD-2_M-8_MI-21_O-4-9_R-104""}"
Node,,,,,1,1,,,,"{""Type"": ""Folder"", ""RefId"": ""MD-2_M-8_MI-22_PB-1"", ""GroupObjectInstances"": ""MD-2_M-8_MI-22_O-4-9_R-104""}"
Node,,,,,1,1,,,,"{""Type"": ""Folder"", ""RefId"": ""MD-2_M-8_MI-23_PB-1"", ""GroupObjectInstances"": ""MD-2_M-8_MI-23_O-4-9_R-104""}"
Node,,,,,1,1,,,,"{""Type"": ""Folder"", ""RefId"": ""MD-2_M-8_MI-24_PB-1"", ""GroupObjectInstances"": ""MD-2_M-8_MI-24_O-4-9_R-104""}"
Node,,,,,1,1,,,,"{""Type"": ""Folder"", ""RefId"": ""MD-2_M-8_MI-25_PB-1"", ""GroupObjectInstances"": ""MD-2_M-8_MI-25_O-4-9_R-104""}"
Node,,,,,1,1,,,,"{""Type"": ""Folder"", ""RefId"": ""MD-2_M-8_MI-26_PB-1"", ""GroupObjectInstances"": ""MD-2_M-8_MI-26_O-4-9_R-104""}"
Node,,,,,1,1,,,,"{""Type"": ""Folder"", ""RefId"": ""MD-2_M-8_MI-27_PB-1"", ""GroupObjectInstances"": ""MD-2_M-8_MI-27_O-4-9_R-104""}"
Node,,,,,1,1,,,,"{""Type"": ""Folder"", ""RefId"": ""MD-2_M-8_MI-28_PB-1"", ""GroupObjectInstances"": ""MD-2_M-8_MI-28_O-4-9_R-104""}"
Node,,,,,1,1,,,,"{""Type"": ""Folder"", ""RefId"": ""MD-2_M-8_MI-29_PB-1"", ""GroupObjectInstances"": ""MD-2_M-8_MI-29_O-4-9_R-104""}"
Node,,,,,1,1,,,,"{""Type"": ""Folder"", ""RefId"": ""MD-2_M-8_MI-30_PB-1"", ""GroupObjectInstances"": ""MD-2_M-8_MI-30_O-4-9_R-104""}"
Node,,,,,1,1,,,,"{""Type"": ""Folder"", ""RefId"": ""MD-2_M-8_MI-31_PB-1"", ""GroupObjectInstances"": ""MD-2_M-8_MI-31_O-4-9_R-104""}"
Node,,,,,1,1,,,,"{""Type"": ""Folder"", ""RefId"": ""MD-2_M-8_MI-32_PB-1"", ""GroupObjectInstances"": ""MD-2_M-8_MI-32_O-4-9_R-104""}"
Node,,,,,1,1,,,,"{""Type"": ""Folder"", ""RefId"": ""MD-2_M-8_MI-33_PB-1"", ""GroupObjectInstances"": ""MD-2_M-8_MI-33_O-4-9_R-104""}"
Node,,,,,1,1,,,,"{""Type"": ""Folder"", ""RefId"": ""MD-2_M-8_MI-34_PB-1"", ""GroupObjectInstances"": ""MD-2_M-8_MI-34_O-4-9_R-104""}"
Node,,,,,1,1,,,,"{""Type"": ""Folder"", ""RefId"": ""MD-2_M-8_MI-35_PB-1"", ""GroupObjectInstances"": ""MD-2_M-8_MI-35_O-4-9_R-104""}"
Node,,,,,1,1,,,,"{""Type"": ""Folder"", ""RefId"": ""MD-2_M-8_MI-36_PB-1"", ""GroupObjectInstances"": ""MD-2_M-8_MI-36_O-4-9_R-104""}"
Node,,,,,1,1,,,,"{""Type"": ""Folder"", ""RefId"": ""MD-2_M-8_MI-37_PB-1"", ""GroupObjectInstances"": ""MD-2_M-8_MI-37_O-4-9_R-104""}"
Node,,,,,1,1,,,,"{""Type"": ""Folder"", ""RefId"": ""MD-2_M-8_MI-38_PB-1"", ""GroupObjectInstances"": ""MD-2_M-8_MI-38_O-4-9_R-104""}"
Node,,,,,1,1,,,,"{""Type"": ""Folder"", ""RefId"": ""MD-2_M-8_MI-39_PB-1"", ""GroupObjectInstances"": ""MD-2_M-8_MI-39_O-4-9_R-104""}"
Node,,,,,1,1,,,,"{""Type"": ""Folder"", ""RefId"": ""MD-2_M-8_MI-40_PB-1"", ""GroupObjectInstances"": ""MD-2_M-8_MI-40_O-4-9_R-104""}"
Node,,,,,1,1,,,,"{""Type"": ""Folder"", ""RefId"": ""MD-2_M-8_MI-41_PB-1"", ""GroupObjectInstances"": ""MD-2_M-8_MI-41_O-4-9_R-104""}"
Node,,,,,1,1,,,,"{""Type"": ""Folder"", ""RefId"": ""MD-2_M-8_MI-42_PB-1"", ""GroupObjectInstances"": ""MD-2_M-8_MI-42_O-4-9_R-104""}"
Node,,,,,1,1,,,,"{""Type"": ""Folder"", ""RefId"": ""MD-2_M-8_MI-43_PB-1"", ""GroupObjectInstances"": ""MD-2_M-8_MI-43_O-4-9_R-104""}"
Node,,,,,1,1,,,,"{""Type"": ""Folder"", ""RefId"": ""MD-2_M-8_MI-44_PB-1"", ""GroupObjectInstances"": ""MD-2_M-8_MI-44_O-4-9_R-104""}"
Node,,,,,1,1,,,,"{""Type"": ""Folder"", ""RefId"": ""MD-2_M-8_MI-45_PB-1"", ""GroupObjectInstances"": ""MD-2_M-8_MI-45_O-4-9_R-104""}"
Node,,,,,1,1,,,,"{""Type"": ""Folder"", ""RefId"": ""MD-2_M-8_MI-46_PB-1"", ""GroupObjectInstances"": ""MD-2_M-8_MI-46_O-4-9_R-104""}"
Node,,,,,1,1,,,,"{""Type"": ""Folder"", ""RefId"": ""MD-2_M-8_MI-47_PB-1"", ""GroupObjectInstances"": ""MD-2_M-8_MI-47_O-4-9_R-104""}"
Node,,,,,1,1,,,,"{""Type"": ""Folder"", ""RefId"": ""MD-2_M-8_MI-48_PB-1"", ""GroupObjectInstances"": ""MD-2_M-8_MI-48_O-4-9_R-104""}"
Node,,,,,1,1,,,,"{""Type"": ""Folder"", ""RefId"": ""MD-2_M-8_MI-49_PB-1"", ""GroupObjectInstances"": ""MD-2_M-8_MI-49_O-4-9_R-104""}"
Node,,,,,1,1,,,,"{""Type"": ""Folder"", ""RefId"": ""MD-2_M-8_MI-50_PB-1"", ""GroupObjectInstances"": ""MD-2_M-8_MI-50_O-4-9_R-104""}"
Node,,,,,1,1,,,,"{""Type"": ""Folder"", ""RefId"": ""MD-2_M-8_MI-51_PB-1"", ""GroupObjectInstances"": ""MD-2_M-8_MI-51_O-4-9_R-104""}"
Node,,,,,1,1,,,,"{""Type"": ""Folder"", ""RefId"": ""MD-2_M-8_MI-52_PB-1"", ""GroupObjectInstances"": ""MD-2_M-8_MI-52_O-4-9_R-104""}"
Node,,,,,1,1,,,,"{""Type"": ""Folder"", ""RefId"": ""MD-2_M-8_MI-53_PB-1"", ""GroupObjectInstances"": ""MD-2_M-8_MI-53_O-4-9_R-104""}"
Node,,,,,1,1,,,,"{""Type"": ""Folder"", ""RefId"": ""MD-2_M-8_MI-54_PB-1"", ""GroupObjectInstances"": ""MD-2_M-8_MI-54_O-4-9_R-104""}"
Node,,,,,1,1,,,,"{""Type"": ""Folder"", ""RefId"": ""MD-2_M-8_MI-55_PB-1"", ""GroupObjectInstances"": ""MD-2_M-8_MI-55_O-4-9_R-104""}"
Node,,,,,1,1,,,,"{""Type"": ""Folder"", ""RefId"": ""MD-2_M-8_MI-56_PB-1"", ""GroupObjectInstances"": ""MD-2_M-8_MI-56_O-4-9_R-104""}"
Node,,,,,1,1,,,,"{""Type"": ""Channel"", ""RefId"": ""CH-10""}"
Node,,,,,1,1,,,,"{""Type"": ""Folder"", ""RefId"": ""PB-17"", ""GroupObjectInstances"": ""O-1186_R-6432 O-1187_R-6433 O-1171_R-6411 O-1178_R-6422 O-1168_R-6408 O-1182_R-6427 O-1179_R-6424 O-1180_R-6425 O-1185_R-6431 O-1199_R-6445 O-1195_R-6441 O-1198_R-6444 O-1194_R-6440""}"
Node,,,,,1,1,,,,"{""Type"": ""Channel"", ""RefId"": ""CH-1"", ""GroupObjectInstances"": ""O-993_R-6151 O-994_R-6152 O-46_R-13 O-47_R-22 O-52_R-36 O-999_R-6156 O-1017_R-660 O-1021_R-215 O-992_R-6150 O-61_R-33 O-2_R-3 O-3_R-28 O-4_R-4 O-5_R-5 O-6_R-2""}"
Node,,,,,1,1,,,,"{""Type"": ""Channel"", ""RefId"": ""CH-2""}"
Node,,,,,1,1,,,,"{""Type"": ""Folder"", ""RefId"": ""MD-2_M-8_MI-1_PB-1"", ""GroupObjectInstances"": ""MD-2_M-8_MI-1_O-4-4_R-45 MD-2_M-8_MI-1_O-4-10_R-118""}"
Node,,,,,1,1,,,,"{""Type"": ""Folder"", ""RefId"": ""MD-2_M-8_MI-2_PB-1"", ""GroupObjectInstances"": ""MD-2_M-8_MI-2_O-4-10_R-115 MD-2_M-8_MI-2_O-4-4_R-48""}"
Node,,,,,1,1,,,,"{""Type"": ""Folder"", ""RefId"": ""MD-2_M-8_MI-3_PB-1"", ""GroupObjectInstances"": ""MD-2_M-8_MI-3_O-4-8_R-99 MD-2_M-8_MI-3_O-4-11_R-133""}"
Node,,,,,1,1,,,,"{""Type"": ""Folder"", ""RefId"": ""MD-2_M-8_MI-4_PB-1"", ""GroupObjectInstances"": ""MD-2_M-8_MI-4_O-4-11_R-129""}"
Node,,,,,1,1,,,,"{""Type"": ""Folder"", ""RefId"": ""MD-2_M-8_MI-5_PB-1"", ""GroupObjectInstances"": ""MD-2_M-8_MI-5_O-4-4_R-23 MD-2_M-8_MI-5_O-4-2_R-39 MD-2_M-8_MI-5_O-4-10_R-113 MD-2_M-8_MI-5_O-4-0_R-12""}"
Node,,,,,1,1,,,,"{""Type"": ""Folder"", ""RefId"": ""MD-2_M-8_MI-6_PB-1"", ""GroupObjectInstances"": ""MD-2_M-8_MI-6_O-4-4_R-23 MD-2_M-8_MI-6_O-4-2_R-39 MD-2_M-8_MI-6_O-4-10_R-113 MD-2_M-8_MI-6_O-4-0_R-12""}"
Node,,,,,1,1,,,,"{""Type"": ""Folder"", ""RefId"": ""MD-2_M-8_MI-7_PB-1"", ""GroupObjectInstances"": ""MD-2_M-8_MI-7_O-4-4_R-23 MD-2_M-8_MI-7_O-4-2_R-39 MD-2_M-8_MI-7_O-4-10_R-113 MD-2_M-8_MI-7_O-4-0_R-12""}"
Node,,,,,1,1,,,,"{""Type"": ""Folder"", ""RefId"": ""MD-2_M-8_MI-8_PB-1"", ""GroupObjectInstances"": ""MD-2_M-8_MI-8_O-4-4_R-23 MD-2_M-8_MI-8_O-4-2_R-39 MD-2_M-8_MI-8_O-4-10_R-113 MD-2_M-8_MI-8_O-4-0_R-12""}"
Node,,,,,1,1,,,,"{""Type"": ""Folder"", ""RefId"": ""MD-2_M-8_MI-9_PB-1"", ""GroupObjectInstances"": ""MD-2_M-8_MI-9_O-4-4_R-23 MD-2_M-8_MI-9_O-4-2_R-39 MD-2_M-8_MI-9_O-4-10_R-113 MD-2_M-8_MI-9_O-4-0_R-12""}"
Node,,,,,1,1,,,,"{""Type"": ""Folder"", ""RefId"": ""MD-2_M-8_MI-10_PB-1"", ""GroupObjectInstances"": ""MD-2_M-8_MI-10_O-4-4_R-23 MD-2_M-8_MI-10_O-4-2_R-39 MD-2_M-8_MI-10_O-4-10_R-113 MD-2_M-8_MI-10_O-4-0_R-12""}"
Node,,,,,1,1,,,,"{""Type"": ""Folder"", ""RefId"": ""MD-2_M-8_MI-11_PB-1"", ""GroupObjectInstances"": ""MD-2_M-8_MI-11_O-4-9_R-104 MD-2_M-8_MI-11_O-4-0_R-6""}"
Node,,,,,1,1,,,,"{""Type"": ""Folder"", ""RefId"": ""MD-2_M-8_MI-12_PB-1"", ""GroupObjectInstances"": ""MD-2_M-8_MI-12_O-4-9_R-104 MD-2_M-8_MI-12_O-4-0_R-6""}"
Node,,,,,1,1,,,,"{""Type"": ""Folder"", ""RefId"": ""MD-2_M-8_MI-13_PB-1"", ""GroupObjectInstances"": ""MD-2_M-8_MI-13_O-4-9_R-104 MD-2_M-8_MI-13_O-4-0_R-6""}"
Node,,,,,1,1,,,,"{""Type"": ""Folder"", ""RefId"": ""MD-2_M-8_MI-14_PB-1"", ""GroupObjectInstances"": ""MD-2_M-8_MI-14_O-4-0_R-6 MD-2_M-8_MI-14_O-4-9_R-104""}"
Node,,,,,1,1,,,,"{""Type"": ""Folder"", ""RefId"": ""MD-2_M-8_MI-15_PB-1"", ""GroupObjectInstances"": ""MD-2_M-8_MI-15_O-4-0_R-6 MD-2_M-8_MI-15_O-4-9_R-104""}"
Node,,,,,1,1,,,,"{""Type"": ""Folder"", ""RefId"": ""MD-2_M-8_MI-16_PB-1"", ""GroupObjectInstances"": ""MD-2_M-8_MI-16_O-4-4_R-81 MD-2_M-8_MI-16_O-4-10_R-114 MD-2_M-8_MI-16_O-4-0_R-13 MD-2_M-8_MI-16_O-4-1_R-30""}"
Node,,,,,1,1,,,,"{""Type"": ""Folder"", ""RefId"": ""MD-2_M-8_MI-17_PB-1"", ""GroupObjectInstances"": ""MD-2_M-8_MI-17_O-4-4_R-81 MD-2_M-8_MI-17_O-4-10_R-114 MD-2_M-8_MI-17_O-4-0_R-13 MD-2_M-8_MI-17_O-4-1_R-30""}"
Node,,,,,1,1,,,,"{""Type"": ""Folder"", ""RefId"": ""MD-2_M-8_MI-18_PB-1"", ""GroupObjectInstances"": ""MD-2_M-8_MI-18_O-4-9_R-104""}"
Node,,,,,1,1,,,,"{""Type"": ""Folder"", ""RefId"": ""MD-2_M-8_MI-19_PB-1"", ""GroupObjectInstances"": ""MD-2_M-8_MI-19_O-4-9_R-104""}"
Node,,,,,1,1,,,,"{""Type"": ""Folder"", ""RefId"": ""MD-2_M-8_MI-20_PB-1"", ""GroupObjectInstances"": ""MD-2_M-8_MI-20_O-4-9_R-104""}"
Node,,,,,1,1,,,,"{""Type"": ""Channel"", ""RefId"": ""CH-10""}"
Node,,,,,1,1,,,,"{""Type"": ""Folder"", ""RefId"": ""PB-17"", ""GroupObjectInstances"": ""O-1186_R-6432 O-1187_R-6433 O-1171_R-6411 O-1178_R-6422 O-1168_R-6408 O-1182_R-6427 O-1179_R-6424 O-1180_R-6425 O-1185_R-6431 O-1199_R-6445 O-1195_R-6441 O-1198_R-6444 O-1194_R-6440""}"
Node,,,,,1,1,,,,"{""Type"": ""Channel"", ""RefId"": ""CH-1"", ""GroupObjectInstances"": ""O-1_R-29 O-2_R-30 O-1474_R-653 O-1475_R-654 O-1473_R-652 O-7_R-8 O-8_R-688 O-1470_R-44 O-56_R-20 O-3_R-4 O-4_R-5 O-5_R-6 O-55_R-19""}"
Node,,,,,1,1,,,,"{""Type"": ""Channel"", ""RefId"": ""CH-2""}"
Node,,,,,1,1,,,,"{""Type"": ""Folder"", ""RefId"": ""PB-14""}"
Node,,,,,1,1,,,,"{""Type"": ""Folder"", ""RefId"": ""PB-36""}"
Node,,,,,1,1,,,,"{""Type"": ""Folder"", ""RefId"": ""MD-2_M-4_MI-1_PB-1"", ""GroupObjectInstances"": ""MD-2_M-4_MI-1_O-2-1_R-50 MD-2_M-4_MI-1_O-2-2_R-51 MD-2_M-4_MI-1_O-2-0_R-52 MD-2_M-4_MI-1_O-2-3_R-117""}"
Node,,,,,1,1,,,,"{""Type"": ""Folder"", ""RefId"": ""MD-2_M-4_MI-2_PB-1"", ""GroupObjectInstances"": ""MD-2_M-4_MI-2_O-2-1_R-50 MD-2_M-4_MI-2_O-2-2_R-51 MD-2_M-4_MI-2_O-2-0_R-52 MD-2_M-4_MI-2_O-2-3_R-117""}"
Node,,,,,1,1,,,,"{""Type"": ""Folder"", ""RefId"": ""MD-2_M-4_MI-3_PB-1"", ""GroupObjectInstances"": ""MD-2_M-4_MI-3_O-2-1_R-50 MD-2_M-4_MI-3_O-2-2_R-51 MD-2_M-4_MI-3_O-2-0_R-52 MD-2_M-4_MI-3_O-2-3_R-117""}"
Node,,,,,1,1,,,,"{""Type"": ""Folder"", ""RefId"": ""MD-2_M-4_MI-4_PB-1"", ""GroupObjectInstances"": ""MD-2_M-4_MI-4_O-2-1_R-50 MD-2_M-4_MI-4_O-2-2_R-51 MD-2_M-4_MI-4_O-2-0_R-52 MD-2_M-4_MI-4_O-2-3_R-117""}"
Node,,,,,1,1,,,,"{""Type"": ""Folder"", ""RefId"": ""MD-2_M-4_MI-5_PB-1"", ""GroupObjectInstances"": ""MD-2_M-4_MI-5_O-2-1_R-50 MD-2_M-4_MI-5_O-2-2_R-51 MD-2_M-4_MI-5_O-2-0_R-52 MD-2_M-4_MI-5_O-2-3_R-117""}"
Node,,,,,1,1,,,,"{""Type"": ""Folder"", ""RefId"": ""MD-2_M-4_MI-6_PB-1"", ""GroupObjectInstances"": ""MD-2_M-4_MI-6_O-2-1_R-50 MD-2_M-4_MI-6_O-2-2_R-51 MD-2_M-4_MI-6_O-2-0_R-52 MD-2_M-4_MI-6_O-2-3_R-117""}"
Node,,,,,1,1,,,,"{""Type"": ""Folder"", ""RefId"": ""MD-2_M-4_MI-7_PB-1"", ""GroupObjectInstances"": ""MD-2_M-4_MI-7_O-2-1_R-17 MD-2_M-4_MI-7_O-2-0_R-1""}"
Node,,,,,1,1,,,,"{""Type"": ""Folder"", ""RefId"": ""MD-2_M-4_MI-8_PB-1"", ""GroupObjectInstances"": ""MD-2_M-4_MI-8_O-2-0_R-1 MD-2_M-4_MI-8_O-2-1_R-17""}"
Node,,,,,1,1,,,,"{""Type"": ""Folder"", ""RefId"": ""MD-2_M-4_MI-9_PB-1"", ""GroupObjectInstances"": ""MD-2_M-4_MI-9_O-2-0_R-1 MD-2_M-4_MI-9_O-2-1_R-17""}"
Node,,,,,1,1,,,,"{""Type"": ""Folder"", ""RefId"": ""MD-2_M-4_MI-10_PB-1"", ""GroupObjectInstances"": ""MD-2_M-4_MI-10_O-2-0_R-1 MD-2_M-4_MI-10_O-2-1_R-17""}"
Node,,,,,1,1,,,,"{""Type"": ""Folder"", ""RefId"": ""MD-2_M-4_MI-11_PB-1"", ""GroupObjectInstances"": ""MD-2_M-4_MI-11_O-2-0_R-1 MD-2_M-4_MI-11_O-2-1_R-17""}"
Node,,,,,1,1,,,,"{""Type"": ""Folder"", ""RefId"": ""MD-2_M-4_MI-12_PB-1"", ""GroupObjectInstances"": ""MD-2_M-4_MI-12_O-2-1_R-50 MD-2_M-4_MI-12_O-2-2_R-51 MD-2_M-4_MI-12_O-2-0_R-52 MD-2_M-4_MI-12_O-2-3_R-117""}"
Node,,,,,1,1,,,,"{""Type"": ""Folder"", ""RefId"": ""MD-2_M-4_MI-13_PB-1"", ""GroupObjectInstances"": ""MD-2_M-4_MI-13_O-2-1_R-50 MD-2_M-4_MI-13_O-2-2_R-51 MD-2_M-4_MI-13_O-2-0_R-52 MD-2_M-4_MI-13_O-2-3_R-117""}"
Node,,,,,1,1,,,,"{""Type"": ""Folder"", ""RefId"": ""MD-2_M-4_MI-14_PB-1"", ""GroupObjectInstances"": ""MD-2_M-4_MI-14_O-2-1_R-50 MD-2_M-4_MI-14_O-2-2_R-51 MD-2_M-4_MI-14_O-2-0_R-52 MD-2_M-4_MI-14_O-2-3_R-117""}"
Node,,,,,1,1,,,,"{""Type"": ""Folder"", ""RefId"": ""MD-2_M-4_MI-15_PB-1"", ""GroupObjectInstances"": ""MD-2_M-4_MI-15_O-2-1_R-50 MD-2_M-4_MI-15_O-2-2_R-51 MD-2_M-4_MI-15_O-2-0_R-52 MD-2_M-4_MI-15_O-2-3_R-117""}"
Node,,,,,1,1,,,,"{""Type"": ""Folder"", ""RefId"": ""PB-37""}"
Node,,,,,1,1,,,,"{""Type"": ""Folder"", ""RefId"": ""MD-2_M-5_MI-1_PB-1"", ""GroupObjectInstances"": ""MD-2_M-5_MI-1_O-2-1_R-50 MD-2_M-5_MI-1_O-2-2_R-51 MD-2_M-5_MI-1_O-2-0_R-52 MD-2_M-5_MI-1_O-2-3_R-117""}"
Node,,,,,1,1,,,,"{""Type"": ""Folder"", ""RefId"": ""MD-2_M-5_MI-2_PB-1"", ""GroupObjectInstances"": ""MD-2_M-5_MI-2_O-2-0_R-1 MD-2_M-5_MI-2_O-2-1_R-17""}"
Node,,,,,1,1,,,,"{""Type"": ""Folder"", ""RefId"": ""MD-2_M-5_MI-3_PB-1"", ""GroupObjectInstances"": ""MD-2_M-5_MI-3_O-2-0_R-1 MD-2_M-5_MI-3_O-2-1_R-17""}"
Node,,,,,1,1,,,,"{""Type"": ""Folder"", ""RefId"": ""MD-2_M-5_MI-4_PB-1"", ""GroupObjectInstances"": ""MD-2_M-5_MI-4_O-2-0_R-1 MD-2_M-5_MI-4_O-2-1_R-17""}"
Node,,,,,1,1,,,,"{""Type"": ""Folder"", ""RefId"": ""MD-2_M-5_MI-5_PB-1"", ""GroupObjectInstances"": ""MD-2_M-5_MI-5_O-2-1_R-50 MD-2_M-5_MI-5_O-2-2_R-51 MD-2_M-5_MI-5_O-2-0_R-52 MD-2_M-5_MI-5_O-2-3_R-117""}"
Node,,,,,1,1,,,,"{""Type"": ""Folder"", ""RefId"": ""MD-2_M-5_MI-6_PB-1"", ""GroupObjectInstances"": ""MD-2_M-5_MI-6_O-2-1_R-50 MD-2_M-5_MI-6_O-2-2_R-51 MD-2_M-5_MI-6_O-2-0_R-52 MD-2_M-5_MI-6_O-2-3_R-117""}"
Node,,,,,1,1,,,,"{""Type"": ""Folder"", ""RefId"": ""MD-2_M-5_MI-7_PB-1"", ""GroupObjectInstances"": ""MD-2_M-5_MI-7_O-2-0_R-1 MD-2_M-5_MI-7_O-2-1_R-17""}"
Node,,,,,1,1,,,,"{""Type"": ""Folder"", ""RefId"": ""MD-2_M-5_MI-8_PB-1"", ""GroupObjectInstances"": ""MD-2_M-5_MI-8_O-2-1_R-50 MD-2_M-5_MI-8_O-2-2_R-51 MD-2_M-5_MI-8_O-2-0_R-52 MD-2_M-5_MI-8_O-2-3_R-117""}"
Node,,,,,1,1,,,,"{""Type"": ""Folder"", ""RefId"": ""MD-2_M-5_MI-9_PB-1"", ""GroupObjectInstances"": ""MD-2_M-5_MI-9_O-2-1_R-50 MD-2_M-5_MI-9_O-2-2_R-51 MD-2_M-5_MI-9_O-2-0_R-52 MD-2_M-5_MI-9_O-2-3_R-117""}"
Node,,,,,1,1,,,,"{""Type"": ""Folder"", ""RefId"": ""MD-2_M-5_MI-10_PB-1"", ""GroupObjectInstances"": ""MD-2_M-5_MI-10_O-2-0_R-1 MD-2_M-5_MI-10_O-2-1_R-17""}"
Node,,,,,1,1,,,,"{""Type"": ""Folder"", ""RefId"": ""MD-2_M-5_MI-11_PB-1"", ""GroupObjectInstances"": ""MD-2_M-5_MI-11_O-2-0_R-1 MD-2_M-5_MI-11_O-2-1_R-17""}"
Node,,,,,1,1,,,,"{""Type"": ""Folder"", ""RefId"": ""MD-2_M-5_MI-12_PB-1"", ""GroupObjectInstances"": ""MD-2_M-5_MI-12_O-2-0_R-1 MD-2_M-5_MI-12_O-2-1_R-17""}"
Node,,,,,1,1,,,,"{""Type"": ""Folder"", ""RefId"": ""MD-2_M-5_MI-13_PB-1"", ""GroupObjectInstances"": ""MD-2_M-5_MI-13_O-2-0_R-1 MD-2_M-5_MI-13_O-2-1_R-17""}"
Node,,,,,1,1,,,,"{""Type"": ""Folder"", ""RefId"": ""MD-2_M-5_MI-14_PB-1"", ""GroupObjectInstances"": ""MD-2_M-5_MI-14_O-2-0_R-1 MD-2_M-5_MI-14_O-2-1_R-17""}"
Node,,,,,1,1,,,,"{""Type"": ""Folder"", ""RefId"": ""MD-2_M-5_MI-15_PB-1"", ""GroupObjectInstances"": ""MD-2_M-5_MI-15_O-2-0_R-1 MD-2_M-5_MI-15_O-2-1_R-17""}"
Node,,,,,1,1,,,,"{""Type"": ""Folder"", ""RefId"": ""PB-38""}"
Node,,,,,1,1,,,,"{""Type"": ""Folder"", ""RefId"": ""MD-2_M-2_MI-1_PB-1"", ""GroupObjectInstances"": ""MD-2_M-2_MI-1_O-2-0_R-1 MD-2_M-2_MI-1_O-2-1_R-17""}"
Node,,,,,1,1,,,,"{""Type"": ""Folder"", ""RefId"": ""MD-2_M-2_MI-2_PB-1"", ""GroupObjectInstances"": ""MD-2_M-2_MI-2_O-2-1_R-50 MD-2_M-2_MI-2_O-2-2_R-51 MD-2_M-2_MI-2_O-2-0_R-52 MD-2_M-2_MI-2_O-2-3_R-117""}"
Node,,,,,1,1,,,,"{""Type"": ""Folder"", ""RefId"": ""MD-2_M-2_MI-3_PB-1"", ""GroupObjectInstances"": ""MD-2_M-2_MI-3_O-2-1_R-50 MD-2_M-2_MI-3_O-2-2_R-51 MD-2_M-2_MI-3_O-2-0_R-52 MD-2_M-2_MI-3_O-2-3_R-117""}"
Node,,,,,1,1,,,,"{""Type"": ""Folder"", ""RefId"": ""MD-2_M-2_MI-4_PB-1"", ""GroupObjectInstances"": ""MD-2_M-2_MI-4_O-2-1_R-50 MD-2_M-2_MI-4_O-2-2_R-51 MD-2_M-2_MI-4_O-2-0_R-52 MD-2_M-2_MI-4_O-2-3_R-117""}"
Node,,,,,1,1,,,,"{""Type"": ""Folder"", ""RefId"": ""MD-2_M-2_MI-5_PB-1"", ""GroupObjectInstances"": ""MD-2_M-2_MI-5_O-2-1_R-50 MD-2_M-2_MI-5_O-2-2_R-51 MD-2_M-2_MI-5_O-2-0_R-52 MD-2_M-2_MI-5_O-2-3_R-117""}"
Node,,,,,1,1,,,,"{""Type"": ""Folder"", ""RefId"": ""MD-2_M-2_MI-6_PB-1"", ""GroupObjectInstances"": ""MD-2_M-2_MI-6_O-2-1_R-50 MD-2_M-2_MI-6_O-2-2_R-51 MD-2_M-2_MI-6_O-2-0_R-52 MD-2_M-2_MI-6_O-2-3_R-117""}"
Node,,,,,1,1,,,,"{""Type"": ""Folder"", ""RefId"": ""MD-2_M-2_MI-7_PB-1"", ""GroupObjectInstances"": ""MD-2_M-2_MI-7_O-2-1_R-50 MD-2_M-2_MI-7_O-2-2_R-51 MD-2_M-2_MI-7_O-2-0_R-52 MD-2_M-2_MI-7_O-2-3_R-117""}"
Node,,,,,1,1,,,,"{""Type"": ""Folder"", ""RefId"": ""MD-2_M-2_MI-8_PB-1"", ""GroupObjectInstances"": ""MD-2_M-2_MI-8_O-2-1_R-50 MD-2_M-2_MI-8_O-2-2_R-51 MD-2_M-2_MI-8_O-2-0_R-52 MD-2_M-2_MI-8_O-2-3_R-117""}"
Node,,,,,1,1,,,,"{""Type"": ""Folder"", ""RefId"": ""MD-2_M-2_MI-9_PB-1"", ""GroupObjectInstances"": ""MD-2_M-2_MI-9_O-2-0_R-1 MD-2_M-2_MI-9_O-2-1_R-17""}"
Node,,,,,1,1,,,,"{""Type"": ""Folder"", ""RefId"": ""MD-2_M-2_MI-10_PB-1"", ""GroupObjectInstances"": ""MD-2_M-2_MI-10_O-2-0_R-1 MD-2_M-2_MI-10_O-2-1_R-17""}"
Node,,,,,1,1,,,,"{""Type"": ""Folder"", ""RefId"": ""MD-2_M-2_MI-11_PB-1"", ""GroupObjectInstances"": ""MD-2_M-2_MI-11_O-2-0_R-1 MD-2_M-2_MI-11_O-2-1_R-17""}"
Node,,,,,1,1,,,,"{""Type"": ""Folder"", ""RefId"": ""MD-2_M-2_MI-12_PB-1"", ""GroupObjectInstances"": ""MD-2_M-2_MI-12_O-2-1_R-50 MD-2_M-2_MI-12_O-2-2_R-51 MD-2_M-2_MI-12_O-2-0_R-52 MD-2_M-2_MI-12_O-2-3_R-117""}"
Node,,,,,1,1,,,,"{""Type"": ""Folder"", ""RefId"": ""MD-2_M-2_MI-13_PB-1"", ""GroupObjectInstances"": ""MD-2_M-2_MI-13_O-2-1_R-50 MD-2_M-2_MI-13_O-2-2_R-51 MD-2_M-2_MI-13_O-2-0_R-52 MD-2_M-2_MI-13_O-2-3_R-117""}"
Node,,,,,1,1,,,,"{""Type"": ""Folder"", ""RefId"": ""MD-2_M-2_MI-14_PB-1"", ""GroupObjectInstances"": ""MD-2_M-2_MI-14_O-2-1_R-50 MD-2_M-2_MI-14_O-2-2_R-51 MD-2_M-2_MI-14_O-2-0_R-52 MD-2_M-2_MI-14_O-2-3_R-117""}"
Node,,,,,1,1,,,,"{""Type"": ""Folder"", ""RefId"": ""MD-2_M-2_MI-15_PB-1"", ""GroupObjectInstances"": ""MD-2_M-2_MI-15_O-2-1_R-50 MD-2_M-2_MI-15_O-2-2_R-51 MD-2_M-2_MI-15_O-2-0_R-52 MD-2_M-2_MI-15_O-2-3_R-117""}"
Node,,,,,1,1,,,,"{""Type"": ""Folder"", ""RefId"": ""PB-39""}"
Node,,,,,1,1,,,,"{""Type"": ""Folder"", ""RefId"": ""MD-2_M-6_MI-1_PB-1"", ""GroupObjectInstances"": ""MD-2_M-6_MI-1_O-2-0_R-1 MD-2_M-6_MI-1_O-2-1_R-17""}"
Node,,,,,1,1,,,,"{""Type"": ""Folder"", ""RefId"": ""MD-2_M-6_MI-2_PB-1"", ""GroupObjectInstances"": ""MD-2_M-6_MI-2_O-2-0_R-1 MD-2_M-6_MI-2_O-2-1_R-17""}"
Node,,,,,1,1,,,,"{""Type"": ""Folder"", ""RefId"": ""MD-2_M-6_MI-3_PB-1"", ""GroupObjectInstances"": ""MD-2_M-6_MI-3_O-2-0_R-1 MD-2_M-6_MI-3_O-2-1_R-17""}"
Node,,,,,1,1,,,,"{""Type"": ""Folder"", ""RefId"": ""MD-2_M-6_MI-4_PB-1"", ""GroupObjectInstances"": ""MD-2_M-6_MI-4_O-2-1_R-50 MD-2_M-6_MI-4_O-2-2_R-51 MD-2_M-6_MI-4_O-2-0_R-52 MD-2_M-6_MI-4_O-2-3_R-117""}"
Node,,,,,1,1,,,,"{""Type"": ""Folder"", ""RefId"": ""MD-2_M-6_MI-5_PB-1"", ""GroupObjectInstances"": ""MD-2_M-6_MI-5_O-2-1_R-50 MD-2_M-6_MI-5_O-2-2_R-51 MD-2_M-6_MI-5_O-2-0_R-52 MD-2_M-6_MI-5_O-2-3_R-117""}"
Node,,,,,1,1,,,,"{""Type"": ""Folder"", ""RefId"": ""MD-2_M-6_MI-6_PB-1"", ""GroupObjectInstances"": ""MD-2_M-6_MI-6_O-2-1_R-50 MD-2_M-6_MI-6_O-2-2_R-51 MD-2_M-6_MI-6_O-2-0_R-52 MD-2_M-6_MI-6_O-2-3_R-117""}"
Node,,,,,1,1,,,,"{""Type"": ""Folder"", ""RefId"": ""MD-2_M-6_MI-7_PB-1"", ""GroupObjectInstances"": ""MD-2_M-6_MI-7_O-2-1_R-50 MD-2_M-6_MI-7_O-2-2_R-51 MD-2_M-6_MI-7_O-2-0_R-52 MD-2_M-6_MI-7_O-2-3_R-117""}"
Node,,,,,1,1,,,,"{""Type"": ""Folder"", ""RefId"": ""MD-2_M-6_MI-8_PB-1"", ""GroupObjectInstances"": ""MD-2_M-6_MI-8_O-2-1_R-50 MD-2_M-6_MI-8_O-2-2_R-51 MD-2_M-6_MI-8_O-2-0_R-52 MD-2_M-6_MI-8_O-2-3_R-117""}"
Node,,,,,1,1,,,,"{""Type"": ""Folder"", ""RefId"": ""MD-2_M-6_MI-9_PB-1"", ""GroupObjectInstances"": ""MD-2_M-6_MI-9_O-2-1_R-50 MD-2_M-6_MI-9_O-2-2_R-51 MD-2_M-6_MI-9_O-2-0_R-52 MD-2_M-6_MI-9_O-2-3_R-117""}"
Node,,,,,1,1,,,,"{""Type"": ""Folder"", ""RefId"": ""MD-2_M-6_MI-10_PB-1"", ""GroupObjectInstances"": ""MD-2_M-6_MI-10_O-2-1_R-50 MD-2_M-6_MI-10_O-2-2_R-51 MD-2_M-6_MI-10_O-2-0_R-52 MD-2_M-6_MI-10_O-2-3_R-117""}"
Node,,,,,1,1,,,,"{""Type"": ""Folder"", ""RefId"": ""MD-2_M-6_MI-11_PB-1"", ""GroupObjectInstances"": ""MD-2_M-6_MI-11_O-2-1_R-50 MD-2_M-6_MI-11_O-2-2_R-51 MD-2_M-6_MI-11_O-2-0_R-52 MD-2_M-6_MI-11_O-2-3_R-117""}"
Node,,,,,1,1,,,,"{""Type"": ""Folder"", ""RefId"": ""MD-2_M-6_MI-12_PB-1"", ""GroupObjectInstances"": ""MD-2_M-6_MI-12_O-2-1_R-50 MD-2_M-6_MI-12_O-2-2_R-51 MD-2_M-6_MI-12_O-2-0_R-52 MD-2_M-6_MI-12_O-2-3_R-117""}"
Node,,,,,1,1,,,,"{""Type"": ""Folder"", ""RefId"": ""MD-2_M-6_MI-13_PB-1"", ""GroupObjectInstances"": ""MD-2_M-6_MI-13_O-2-1_R-50 MD-2_M-6_MI-13_O-2-2_R-51 MD-2_M-6_MI-13_O-2-0_R-52 MD-2_M-6_MI-13_O-2-3_R-117""}"
Node,,,,,1,1,,,,"{""Type"": ""Folder"", ""RefId"": ""MD-2_M-6_MI-14_PB-1"", ""GroupObjectInstances"": ""MD-2_M-6_MI-14_O-2-1_R-50 MD-2_M-6_MI-14_O-2-2_R-51 MD-2_M-6_MI-14_O-2-0_R-52 MD-2_M-6_MI-14_O-2-3_R-117""}"
Node,,,,,1,1,,,,"{""Type"": ""Folder"", ""RefId"": ""MD-2_M-6_MI-15_PB-1"", ""GroupObjectInstances"": ""MD-2_M-6_MI-15_O-2-1_R-50 MD-2_M-6_MI-15_O-2-2_R-51 MD-2_M-6_MI-15_O-2-0_R-52 MD-2_M-6_MI-15_O-2-3_R-117""}"
Node,,,,,1,1,,,,"{""Type"": ""Folder"", ""RefId"": ""PB-70""}"
Node,,,,,1,1,,,,"{""Type"": ""Folder"", ""RefId"": ""MD-2_M-14_MI-1_PB-1"", ""GroupObjectInstances"": ""MD-2_M-14_MI-1_O-2-1_R-50 MD-2_M-14_MI-1_O-2-2_R-51 MD-2_M-14_MI-1_O-2-0_R-52 MD-2_M-14_MI-1_O-2-3_R-117""}"
Node,,,,,1,1,,,,"{""Type"": ""Folder"", ""RefId"": ""MD-2_M-14_MI-2_PB-1"", ""GroupObjectInstances"": ""MD-2_M-14_MI-2_O-2-1_R-50 MD-2_M-14_MI-2_O-2-2_R-51 MD-2_M-14_MI-2_O-2-0_R-52 MD-2_M-14_MI-2_O-2-3_R-117""}"
Node,,,,,1,1,,,,"{""Type"": ""Folder"", ""RefId"": ""MD-2_M-14_MI-3_PB-1"", ""GroupObjectInstances"": ""MD-2_M-14_MI-3_O-2-1_R-50 MD-2_M-14_MI-3_O-2-2_R-51 MD-2_M-14_MI-3_O-2-0_R-52 MD-2_M-14_MI-3_O-2-3_R-117""}"
Node,,,,,1,1,,,,"{""Type"": ""Folder"", ""RefId"": ""MD-2_M-14_MI-4_PB-1"", ""GroupObjectInstances"": ""MD-2_M-14_MI-4_O-2-1_R-50 MD-2_M-14_MI-4_O-2-2_R-51 MD-2_M-14_MI-4_O-2-0_R-52 MD-2_M-14_MI-4_O-2-3_R-117""}"
Node,,,,,1,1,,,,"{""Type"": ""Folder"", ""RefId"": ""MD-2_M-14_MI-5_PB-1"", ""GroupObjectInstances"": ""MD-2_M-14_MI-5_O-2-0_R-1 MD-2_M-14_MI-5_O-2-1_R-17""}"
Node,,,,,1,1,,,,"{""Type"": ""Folder"", ""RefId"": ""MD-2_M-14_MI-6_PB-1"", ""GroupObjectInstances"": ""MD-2_M-14_MI-6_O-2-0_R-1 MD-2_M-14_MI-6_O-2-1_R-17""}"
Node,,,,,1,1,,,,"{""Type"": ""Folder"", ""RefId"": ""MD-2_M-14_MI-7_PB-1"", ""GroupObjectInstances"": ""MD-2_M-14_MI-7_O-2-0_R-1 MD-2_M-14_MI-7_O-2-1_R-17""}"
Node,,,,,1,1,,,,"{""Type"": ""Folder"", ""RefId"": ""MD-2_M-14_MI-8_PB-1"", ""GroupObjectInstances"": ""MD-2_M-14_MI-8_O-2-1_R-50 MD-2_M-14_MI-8_O-2-2_R-51 MD-2_M-14_MI-8_O-2-0_R-52 MD-2_M-14_MI-8_O-2-3_R-117""}"
Node,,,,,1,1,,,,"{""Type"": ""Folder"", ""RefId"": ""MD-2_M-14_MI-9_PB-1"", ""GroupObjectInstances"": ""MD-2_M-14_MI-9_O-2-1_R-50 MD-2_M-14_MI-9_O-2-2_R-51 MD-2_M-14_MI-9_O-2-0_R-52 MD-2_M-14_MI-9_O-2-3_R-117""}"
Node,,,,,1,1,,,,"{""Type"": ""Folder"", ""RefId"": ""MD-2_M-14_MI-10_PB-1"", ""GroupObjectInstances"": ""MD-2_M-14_MI-10_O-2-1_R-50 MD-2_M-14_MI-10_O-2-2_R-51 MD-2_M-14_MI-10_O-2-0_R-52 MD-2_M-14_MI-10_O-2-3_R-117""}"
Node,,,,,1,1,,,,"{""Type"": ""Folder"", ""RefId"": ""MD-2_M-14_MI-11_PB-1"", ""GroupObjectInstances"": ""MD-2_M-14_MI-11_O-2-1_R-50 MD-2_M-14_MI-11_O-2-2_R-51 MD-2_M-14_MI-11_O-2-0_R-52 MD-2_M-14_MI-11_O-2-3_R-117""}"
Node,,,,,1,1,,,,"{""Type"": ""Folder"", ""RefId"": ""MD-2_M-14_MI-12_PB-1"", ""GroupObjectInstances"": ""MD-2_M-14_MI-12_O-2-1_R-50 MD-2_M-14_MI-12_O-2-2_R-51 MD-2_M-14_MI-12_O-2-0_R-52 MD-2_M-14_MI-12_O-2-3_R-117""}"
Node,,,,,1,1,,,,"{""Type"": ""Folder"", ""RefId"": ""MD-2_M-14_MI-13_PB-1"", ""GroupObjectInstances"": ""MD-2_M-14_MI-13_O-2-1_R-50 MD-2_M-14_MI-13_O-2-2_R-51 MD-2_M-14_MI-13_O-2-0_R-52 MD-2_M-14_MI-13_O-2-3_R-117""}"
Node,,,,,1,1,,,,"{""Type"": ""Folder"", ""RefId"": ""MD-2_M-14_MI-14_PB-1"", ""GroupObjectInstances"": ""MD-2_M-14_MI-14_O-2-0_R-1 MD-2_M-14_MI-14_O-2-1_R-17""}"
Node,,,,,1,1,,,,"{""Type"": ""Folder"", ""RefId"": ""MD-2_M-14_MI-15_PB-1"", ""GroupObjectInstances"": ""MD-2_M-14_MI-15_O-2-0_R-1 MD-2_M-14_MI-15_O-2-1_R-17""}"
Node,,,,,1,1,,,,"{""Type"": ""Folder"", ""RefId"": ""PB-69""}"
Node,,,,,1,1,,,,"{""Type"": ""Folder"", ""RefId"": ""MD-2_M-13_MI-1_PB-1"", ""GroupObjectInstances"": ""MD-2_M-13_MI-1_O-2-0_R-1 MD-2_M-13_MI-1_O-2-1_R-17""}"
Node,,,,,1,1,,,,"{""Type"": ""Folder"", ""RefId"": ""MD-2_M-13_MI-2_PB-1"", ""GroupObjectInstances"": ""MD-2_M-13_MI-2_O-2-0_R-1 MD-2_M-13_MI-2_O-2-1_R-17""}"
Node,,,,,1,1,,,,"{""Type"": ""Folder"", ""RefId"": ""MD-2_M-13_MI-3_PB-1"", ""GroupObjectInstances"": ""MD-2_M-13_MI-3_O-2-0_R-1 MD-2_M-13_MI-3_O-2-1_R-17""}"
Node,,,,,1,1,,,,"{""Type"": ""Folder"", ""RefId"": ""MD-2_M-13_MI-4_PB-1"", ""GroupObjectInstances"": ""MD-2_M-13_MI-4_O-2-0_R-1 MD-2_M-13_MI-4_O-2-1_R-17""}"
Node,,,,,1,1,,,,"{""Type"": ""Folder"", ""RefId"": ""MD-2_M-13_MI-5_PB-1"", ""GroupObjectInstances"": ""MD-2_M-13_MI-5_O-2-0_R-1 MD-2_M-13_MI-5_O-2-1_R-17""}"
Node,,,,,1,1,,,,"{""Type"": ""Folder"", ""RefId"": ""MD-2_M-13_MI-6_PB-1"", ""GroupObjectInstances"": ""MD-2_M-13_MI-6_O-2-0_R-1 MD-2_M-13_MI-6_O-2-1_R-17""}"
Node,,,,,1,1,,,,"{""Type"": ""Folder"", ""RefId"": ""MD-2_M-13_MI-7_PB-1"", ""GroupObjectInstances"": ""MD-2_M-13_MI-7_O-2-0_R-1 MD-2_M-13_MI-7_O-2-1_R-17""}"
Node,,,,,1,1,,,,"{""Type"": ""Folder"", ""RefId"": ""MD-2_M-13_MI-8_PB-1"", ""GroupObjectInstances"": ""MD-2_M-13_MI-8_O-2-0_R-1 MD-2_M-13_MI-8_O-2-1_R-17""}"
Node,,,,,1,1,,,,"{""Type"": ""Folder"", ""RefId"": ""MD-2_M-13_MI-9_PB-1"", ""GroupObjectInstances"": ""MD-2_M-13_MI-9_O-2-0_R-1 MD-2_M-13_MI-9_O-2-1_R-17""}"
Node,,,,,1,1,,,,"{""Type"": ""Folder"", ""RefId"": ""MD-2_M-13_MI-10_PB-1"", ""GroupObjectInstances"": ""MD-2_M-13_MI-10_O-2-0_R-1 MD-2_M-13_MI-10_O-2-1_R-17""}"
Node,,,,,1,1,,,,"{""Type"": ""Folder"", ""RefId"": ""MD-2_M-13_MI-11_PB-1"", ""GroupObjectInstances"": ""MD-2_M-13_MI-11_O-2-0_R-1 MD-2_M-13_MI-11_O-2-1_R-17""}"
Node,,,,,1,1,,,,"{""Type"": ""Folder"", ""RefId"": ""MD-2_M-13_MI-12_PB-1"", ""GroupObjectInstances"": ""MD-2_M-13_MI-12_O-2-2_R-46 MD-2_M-13_MI-12_O-2-1_R-47 MD-2_M-13_MI-12_O-2-0_R-49 MD-2_M-13_MI-12_O-2-3_R-116""}"
Node,,,,,1,1,,,,"{""Type"": ""Folder"", ""RefId"": ""MD-2_M-13_MI-13_PB-1"", ""GroupObjectInstances"": ""MD-2_M-13_MI-13_O-2-2_R-46 MD-2_M-13_MI-13_O-2-1_R-47 MD-2_M-13_MI-13_O-2-0_R-49 MD-2_M-13_MI-13_O-2-3_R-116""}"
Node,,,,,1,1,,,,"{""Type"": ""Folder"", ""RefId"": ""MD-2_M-13_MI-14_PB-1"", ""GroupObjectInstances"": ""MD-2_M-13_MI-14_O-2-2_R-46 MD-2_M-13_MI-14_O-2-1_R-47 MD-2_M-13_MI-14_O-2-0_R-49 MD-2_M-13_MI-14_O-2-3_R-116""}"
Node,,,,,1,1,,,,"{""Type"": ""Folder"", ""RefId"": ""MD-2_M-13_MI-15_PB-1"", ""GroupObjectInstances"": ""MD-2_M-13_MI-15_O-2-2_R-46 MD-2_M-13_MI-15_O-2-1_R-47 MD-2_M-13_MI-15_O-2-0_R-49 MD-2_M-13_MI-15_O-2-3_R-116""}"
Node,,,,,1,1,,,,"{""Type"": ""Folder"", ""RefId"": ""PB-67""}"
Node,,,,,1,1,,,,"{""Type"": ""Folder"", ""RefId"": ""MD-2_M-12_MI-1_PB-1"", ""GroupObjectInstances"": ""MD-2_M-12_MI-1_O-2-2_R-46 MD-2_M-12_MI-1_O-2-1_R-47 MD-2_M-12_MI-1_O-2-0_R-49 MD-2_M-12_MI-1_O-2-3_R-116""}"
Node,,,,,1,1,,,,"{""Type"": ""Folder"", ""RefId"": ""MD-2_M-12_MI-2_PB-1"", ""GroupObjectInstances"": ""MD-2_M-12_MI-2_O-2-2_R-46 MD-2_M-12_MI-2_O-2-1_R-47 MD-2_M-12_MI-2_O-2-0_R-49 MD-2_M-12_MI-2_O-2-3_R-116""}"
Node,,,,,1,1,,,,"{""Type"": ""Folder"", ""RefId"": ""MD-2_M-12_MI-3_PB-1"", ""GroupObjectInstances"": ""MD-2_M-12_MI-3_O-2-2_R-46 MD-2_M-12_MI-3_O-2-1_R-47 MD-2_M-12_MI-3_O-2-0_R-49 MD-2_M-12_MI-3_O-2-3_R-116""}"
Node,,,,,1,1,,,,"{""Type"": ""Folder"", ""RefId"": ""MD-2_M-12_MI-4_PB-1"", ""GroupObjectInstances"": ""MD-2_M-12_MI-4_O-2-2_R-46 MD-2_M-12_MI-4_O-2-1_R-47 MD-2_M-12_MI-4_O-2-0_R-49 MD-2_M-12_MI-4_O-2-3_R-116""}"
Node,,,,,1,1,,,,"{""Type"": ""Folder"", ""RefId"": ""MD-2_M-12_MI-5_PB-1"", ""GroupObjectInstances"": ""MD-2_M-12_MI-5_O-2-2_R-46 MD-2_M-12_MI-5_O-2-1_R-47 MD-2_M-12_MI-5_O-2-0_R-49 MD-2_M-12_MI-5_O-2-3_R-116""}"
Node,,,,,1,1,,,,"{""Type"": ""Folder"", ""RefId"": ""MD-2_M-12_MI-6_PB-1"", ""GroupObjectInstances"": ""MD-2_M-12_MI-6_O-2-2_R-46 MD-2_M-12_MI-6_O-2-1_R-47 MD-2_M-12_MI-6_O-2-0_R-49 MD-2_M-12_MI-6_O-2-3_R-116""}"
Node,,,,,1,1,,,,"{""Type"": ""Folder"", ""RefId"": ""MD-2_M-12_MI-7_PB-1"", ""GroupObjectInstances"": ""MD-2_M-12_MI-7_O-2-2_R-46 MD-2_M-12_MI-7_O-2-1_R-47 MD-2_M-12_MI-7_O-2-0_R-49 MD-2_M-12_MI-7_O-2-3_R-116""}"
Node,,,,,1,1,,,,"{""Type"": ""Folder"", ""RefId"": ""MD-2_M-12_MI-8_PB-1"", ""GroupObjectInstances"": ""MD-2_M-12_MI-8_O-2-2_R-46 MD-2_M-12_MI-8_O-2-1_R-47 MD-2_M-12_MI-8_O-2-0_R-49 MD-2_M-12_MI-8_O-2-3_R-116""}"
Node,,,,,1,1,,,,"{""Type"": ""Folder"", ""RefId"": ""MD-2_M-12_MI-9_PB-1"", ""GroupObjectInstances"": ""MD-2_M-12_MI-9_O-2-2_R-46 MD-2_M-12_MI-9_O-2-1_R-47 MD-2_M-12_MI-9_O-2-0_R-49 MD-2_M-12_MI-9_O-2-3_R-116""}"
Node,,,,,1,1,,,,"{""Type"": ""Folder"", ""RefId"": ""MD-2_M-12_MI-10_PB-1"", ""GroupObjectInstances"": ""MD-2_M-12_MI-10_O-2-2_R-46 MD-2_M-12_MI-10_O-2-1_R-47 MD-2_M-12_MI-10_O-2-0_R-49 MD-2_M-12_MI-10_O-2-3_R-116""}"
Node,,,,,1,1,,,,"{""Type"": ""Folder"", ""RefId"": ""MD-2_M-12_MI-11_PB-1"", ""GroupObjectInstances"": ""MD-2_M-12_MI-11_O-2-2_R-46 MD-2_M-12_MI-11_O-2-1_R-47 MD-2_M-12_MI-11_O-2-0_R-49 MD-2_M-12_MI-11_O-2-3_R-116""}"
Node,,,,,1,1,,,,"{""Type"": ""Folder"", ""RefId"": ""MD-2_M-12_MI-12_PB-1"", ""GroupObjectInstances"": ""MD-2_M-12_MI-12_O-2-2_R-46 MD-2_M-12_MI-12_O-2-1_R-47 MD-2_M-12_MI-12_O-2-0_R-49 MD-2_M-12_MI-12_O-2-3_R-116""}"
Node,,,,,1,1,,,,"{""Type"": ""Folder"", ""RefId"": ""MD-2_M-12_MI-13_PB-1"", ""GroupObjectInstances"": ""MD-2_M-12_MI-13_O-2-2_R-46 MD-2_M-12_MI-13_O-2-1_R-47 MD-2_M-12_MI-13_O-2-0_R-49 MD-2_M-12_MI-13_O-2-3_R-116""}"
Node,,,,,1,1,,,,"{""Type"": ""Folder"", ""RefId"": ""MD-2_M-12_MI-14_PB-1"", ""GroupObjectInstances"": ""MD-2_M-12_MI-14_O-2-2_R-46 MD-2_M-12_MI-14_O-2-1_R-47 MD-2_M-12_MI-14_O-2-0_R-49 MD-2_M-12_MI-14_O-2-3_R-116""}"
Node,,,,,1,1,,,,"{""Type"": ""Folder"", ""RefId"": ""MD-2_M-12_MI-15_PB-1"", ""GroupObjectInstances"": ""MD-2_M-12_MI-15_O-2-2_R-46 MD-2_M-12_MI-15_O-2-1_R-47 MD-2_M-12_MI-15_O-2-0_R-49 MD-2_M-12_MI-15_O-2-3_R-116""}"
Node,,,,,1,1,,,,"{""Type"": ""Folder"", ""RefId"": ""PB-66""}"
Node,,,,,1,1,,,,"{""Type"": ""Folder"", ""RefId"": ""MD-2_M-11_MI-1_PB-1"", ""GroupObjectInstances"": ""MD-2_M-11_MI-1_O-2-1_R-58 MD-2_M-11_MI-1_O-2-0_R-59""}"
Node,,,,,1,1,,,,"{""Type"": ""Folder"", ""RefId"": ""MD-2_M-11_MI-2_PB-1"", ""GroupObjectInstances"": ""MD-2_M-11_MI-2_O-2-0_R-63 MD-2_M-11_MI-2_O-2-1_R-66""}"
Node,,,,,1,1,,,,"{""Type"": ""Folder"", ""RefId"": ""MD-2_M-11_MI-3_PB-1"", ""GroupObjectInstances"": ""MD-2_M-11_MI-3_O-2-3_R-53 MD-2_M-11_MI-3_O-2-0_R-54 MD-2_M-11_MI-3_O-2-1_R-55""}"
Node,,,,,1,1,,,,"{""Type"": ""Folder"", ""RefId"": ""MD-2_M-11_MI-4_PB-1"", ""GroupObjectInstances"": ""MD-2_M-11_MI-4_O-2-1_R-58 MD-2_M-11_MI-4_O-2-0_R-59""}"
Node,,,,,1,1,,,,"{""Type"": ""Folder"", ""RefId"": ""MD-2_M-11_MI-5_PB-1"", ""GroupObjectInstances"": ""MD-2_M-11_MI-5_O-2-0_R-63 MD-2_M-11_MI-5_O-2-1_R-66""}"
Node,,,,,1,1,,,,"{""Type"": ""Folder"", ""RefId"": ""MD-2_M-11_MI-6_PB-1"", ""GroupObjectInstances"": ""MD-2_M-11_MI-6_O-2-3_R-53 MD-2_M-11_MI-6_O-2-0_R-54 MD-2_M-11_MI-6_O-2-1_R-55""}"
Node,,,,,1,1,,,,"{""Type"": ""Folder"", ""RefId"": ""MD-2_M-11_MI-7_PB-1"", ""GroupObjectInstances"": ""MD-2_M-11_MI-7_O-2-1_R-58 MD-2_M-11_MI-7_O-2-0_R-59""}"
Node,,,,,1,1,,,,"{""Type"": ""Folder"", ""RefId"": ""MD-2_M-11_MI-8_PB-1"", ""GroupObjectInstances"": ""MD-2_M-11_MI-8_O-2-0_R-63 MD-2_M-11_MI-8_O-2-1_R-66""}"
Node,,,,,1,1,,,,"{""Type"": ""Folder"", ""RefId"": ""MD-2_M-11_MI-9_PB-1"", ""GroupObjectInstances"": ""MD-2_M-11_MI-9_O-2-3_R-53 MD-2_M-11_MI-9_O-2-0_R-54 MD-2_M-11_MI-9_O-2-1_R-55""}"
Node,,,,,1,1,,,,"{""Type"": ""Folder"", ""RefId"": ""MD-2_M-11_MI-10_PB-1"", ""GroupObjectInstances"": ""MD-2_M-11_MI-10_O-2-1_R-58 MD-2_M-11_MI-10_O-2-0_R-59""}"
Node,,,,,1,1,,,,"{""Type"": ""Folder"", ""RefId"": ""MD-2_M-11_MI-11_PB-1"", ""GroupObjectInstances"": ""MD-2_M-11_MI-11_O-2-0_R-63 MD-2_M-11_MI-11_O-2-1_R-66""}"
Node,,,,,1,1,,,,"{""Type"": ""Folder"", ""RefId"": ""MD-2_M-11_MI-12_PB-1"", ""GroupObjectInstances"": ""MD-2_M-11_MI-12_O-2-3_R-53 MD-2_M-11_MI-12_O-2-0_R-54 MD-2_M-11_MI-12_O-2-1_R-55""}"
Node,,,,,1,1,,,,"{""Type"": ""Folder"", ""RefId"": ""MD-2_M-11_MI-13_PB-1"", ""GroupObjectInstances"": ""MD-2_M-11_MI-13_O-2-1_R-58 MD-2_M-11_MI-13_O-2-0_R-59""}"
Node,,,,,1,1,,,,"{""Type"": ""Folder"", ""RefId"": ""MD-2_M-11_MI-14_PB-1"", ""GroupObjectInstances"": ""MD-2_M-11_MI-14_O-2-0_R-63 MD-2_M-11_MI-14_O-2-1_R-66""}"
Node,,,,,1,1,,,,"{""Type"": ""Folder"", ""RefId"": ""MD-2_M-11_MI-15_PB-1"", ""GroupObjectInstances"": ""MD-2_M-11_MI-15_O-2-3_R-53 MD-2_M-11_MI-15_O-2-0_R-54 MD-2_M-11_MI-15_O-2-1_R-55""}"
Node,,,,,1,1,,,,"{""Type"": ""Folder"", ""RefId"": ""PB-65""}"
Node,,,,,1,1,,,,"{""Type"": ""Folder"", ""RefId"": ""MD-2_M-10_MI-1_PB-1"", ""GroupObjectInstances"": ""MD-2_M-10_MI-1_O-2-1_R-58 MD-2_M-10_MI-1_O-2-0_R-59""}"
Node,,,,,1,1,,,,"{""Type"": ""Folder"", ""RefId"": ""MD-2_M-10_MI-2_PB-1"", ""GroupObjectInstances"": ""MD-2_M-10_MI-2_O-2-0_R-63 MD-2_M-10_MI-2_O-2-1_R-66""}"
Node,,,,,1,1,,,,"{""Type"": ""Folder"", ""RefId"": ""MD-2_M-10_MI-3_PB-1"", ""GroupObjectInstances"": ""MD-2_M-10_MI-3_O-2-3_R-53 MD-2_M-10_MI-3_O-2-0_R-54 MD-2_M-10_MI-3_O-2-1_R-55""}"
Node,,,,,1,1,,,,"{""Type"": ""Folder"", ""RefId"": ""MD-2_M-10_MI-4_PB-1"", ""GroupObjectInstances"": ""MD-2_M-10_MI-4_O-2-1_R-58 MD-2_M-10_MI-4_O-2-0_R-59""}"
Node,,,,,1,1,,,,"{""Type"": ""Folder"", ""RefId"": ""MD-2_M-10_MI-5_PB-1"", ""GroupObjectInstances"": ""MD-2_M-10_MI-5_O-2-0_R-63 MD-2_M-10_MI-5_O-2-1_R-66""}"
Node,,,,,1,1,,,,"{""Type"": ""Folder"", ""RefId"": ""MD-2_M-10_MI-6_PB-1"", ""GroupObjectInstances"": ""MD-2_M-10_MI-6_O-2-3_R-53 MD-2_M-10_MI-6_O-2-0_R-54 MD-2_M-10_MI-6_O-2-1_R-55""}"
Node,,,,,1,1,,,,"{""Type"": ""Folder"", ""RefId"": ""MD-2_M-10_MI-7_PB-1"", ""GroupObjectInstances"": ""MD-2_M-10_MI-7_O-2-1_R-58 MD-2_M-10_MI-7_O-2-0_R-59""}"
Node,,,,,1,1,,,,"{""Type"": ""Folder"", ""RefId"": ""MD-2_M-10_MI-8_PB-1"", ""GroupObjectInstances"": ""MD-2_M-10_MI-8_O-2-0_R-63 MD-2_M-10_MI-8_O-2-1_R-66""}"
Node,,,,,1,1,,,,"{""Type"": ""Folder"", ""RefId"": ""MD-2_M-10_MI-9_PB-1"", ""GroupObjectInstances"": ""MD-2_M-10_MI-9_O-2-3_R-53 MD-2_M-10_MI-9_O-2-0_R-54 MD-2_M-10_MI-9_O-2-1_R-55""}"
Node,,,,,1,1,,,,"{""Type"": ""Folder"", ""RefId"": ""MD-2_M-10_MI-10_PB-1"", ""GroupObjectInstances"": ""MD-2_M-10_MI-10_O-2-1_R-58 MD-2_M-10_MI-10_O-2-0_R-59""}"
Node,,,,,1,1,,,,"{""Type"": ""Folder"", ""RefId"": ""MD-2_M-10_MI-11_PB-1"", ""GroupObjectInstances"": ""MD-2_M-10_MI-11_O-2-0_R-63 MD-2_M-10_MI-11_O-2-1_R-66""}"
Node,,,,,1,1,,,,"{""Type"": ""Folder"", ""RefId"": ""MD-2_M-10_MI-12_PB-1"", ""GroupObjectInstances"": ""MD-2_M-10_MI-12_O-2-3_R-53 MD-2_M-10_MI-12_O-2-0_R-54 MD-2_M-10_MI-12_O-2-1_R-55""}"
Node,,,,,1,1,,,,"{""Type"": ""Folder"", ""RefId"": ""MD-2_M-10_MI-13_PB-1"", ""GroupObjectInstances"": ""MD-2_M-10_MI-13_O-2-1_R-58 MD-2_M-10_MI-13_O-2-0_R-59""}"
Node,,,,,1,1,,,,"{""Type"": ""Folder"", ""RefId"": ""MD-2_M-10_MI-14_PB-1"", ""GroupObjectInstances"": ""MD-2_M-10_MI-14_O-2-0_R-63 MD-2_M-10_MI-14_O-2-1_R-66""}"
Node,,,,,1,1,,,,"{""Type"": ""Folder"", ""RefId"": ""MD-2_M-10_MI-15_PB-1"", ""GroupObjectInstances"": ""MD-2_M-10_MI-15_O-2-3_R-53 MD-2_M-10_MI-15_O-2-0_R-54 MD-2_M-10_MI-15_O-2-1_R-55""}"
Node,,,,,1,1,,,,"{""Type"": ""Folder"", ""RefId"": ""PB-64""}"
Node,,,,,1,1,,,,"{""Type"": ""Folder"", ""RefId"": ""MD-2_M-9_MI-1_PB-1"", ""GroupObjectInstances"": ""MD-2_M-9_MI-1_O-2-1_R-58 MD-2_M-9_MI-1_O-2-0_R-59""}"
Node,,,,,1,1,,,,"{""Type"": ""Folder"", ""RefId"": ""MD-2_M-9_MI-2_PB-1"", ""GroupObjectInstances"": ""MD-2_M-9_MI-2_O-2-0_R-63 MD-2_M-9_MI-2_O-2-1_R-66""}"
Node,,,,,1,1,,,,"{""Type"": ""Folder"", ""RefId"": ""MD-2_M-9_MI-3_PB-1"", ""GroupObjectInstances"": ""MD-2_M-9_MI-3_O-2-3_R-53 MD-2_M-9_MI-3_O-2-0_R-54 MD-2_M-9_MI-3_O-2-1_R-55""}"
Node,,,,,1,1,,,,"{""Type"": ""Folder"", ""RefId"": ""MD-2_M-9_MI-4_PB-1"", ""GroupObjectInstances"": ""MD-2_M-9_MI-4_O-2-1_R-58 MD-2_M-9_MI-4_O-2-0_R-59""}"
Node,,,,,1,1,,,,"{""Type"": ""Folder"", ""RefId"": ""MD-2_M-9_MI-5_PB-1"", ""GroupObjectInstances"": ""MD-2_M-9_MI-5_O-2-0_R-63 MD-2_M-9_MI-5_O-2-1_R-66""}"
Node,,,,,1,1,,,,"{""Type"": ""Folder"", ""RefId"": ""MD-2_M-9_MI-6_PB-1"", ""GroupObjectInstances"": ""MD-2_M-9_MI-6_O-2-3_R-53 MD-2_M-9_MI-6_O-2-0_R-54 MD-2_M-9_MI-6_O-2-1_R-55""}"
Node,,,,,1,1,,,,"{""Type"": ""Folder"", ""RefId"": ""MD-2_M-9_MI-7_PB-1"", ""GroupObjectInstances"": ""MD-2_M-9_MI-7_O-2-1_R-58 MD-2_M-9_MI-7_O-2-0_R-59""}"
Node,,,,,1,1,,,,"{""Type"": ""Folder"", ""RefId"": ""MD-2_M-9_MI-8_PB-1"", ""GroupObjectInstances"": ""MD-2_M-9_MI-8_O-2-0_R-63 MD-2_M-9_MI-8_O-2-1_R-66""}"
Node,,,,,1,1,,,,"{""Type"": ""Folder"", ""RefId"": ""MD-2_M-9_MI-9_PB-1"", ""GroupObjectInstances"": ""MD-2_M-9_MI-9_O-2-3_R-53 MD-2_M-9_MI-9_O-2-0_R-54 MD-2_M-9_MI-9_O-2-1_R-55""}"
Node,,,,,1,1,,,,"{""Type"": ""Folder"", ""RefId"": ""MD-2_M-9_MI-10_PB-1"", ""GroupObjectInstances"": ""MD-2_M-9_MI-10_O-2-0_R-1 MD-2_M-9_MI-10_O-2-1_R-39""}"
Node,,,,,1,1,,,,"{""Type"": ""Folder"", ""RefId"": ""MD-2_M-9_MI-11_PB-1"", ""GroupObjectInstances"": ""MD-2_M-9_MI-11_O-2-0_R-1""}"
Node,,,,,1,1,,,,"{""Type"": ""Folder"", ""RefId"": ""MD-2_M-9_MI-12_PB-1"", ""GroupObjectInstances"": ""MD-2_M-9_MI-12_O-2-0_R-1""}"
Node,,,,,1,1,,,,"{""Type"": ""Folder"", ""RefId"": ""MD-2_M-9_MI-13_PB-1"", ""GroupObjectInstances"": ""MD-2_M-9_MI-13_O-2-0_R-1""}"
Node,,,,,1,1,,,,"{""Type"": ""Folder"", ""RefId"": ""MD-2_M-9_MI-14_PB-1"", ""GroupObjectInstances"": ""MD-2_M-9_MI-14_O-2-0_R-1""}"
Node,,,,,1,1,,,,"{""Type"": ""Folder"", ""RefId"": ""MD-2_M-9_MI-15_PB-1"", ""GroupObjectInstances"": ""MD-2_M-9_MI-15_O-2-0_R-1""}"
Node,,,,,1,1,,,,"{""Type"": ""Folder"", ""RefId"": ""PB-42""}"
Node,,,,,1,1,,,,"{""Type"": ""Folder"", ""RefId"": ""MD-2_M-8_MI-1_PB-1"", ""GroupObjectInstances"": ""MD-2_M-8_MI-1_O-2-0_R-1""}"
Node,,,,,1,1,,,,"{""Type"": ""Folder"", ""RefId"": ""MD-2_M-8_MI-2_PB-1"", ""GroupObjectInstances"": ""MD-2_M-8_MI-2_O-2-0_R-1""}"
Node,,,,,1,1,,,,"{""Type"": ""Folder"", ""RefId"": ""MD-2_M-8_MI-3_PB-1"", ""GroupObjectInstances"": ""MD-2_M-8_MI-3_O-2-0_R-1""}"
Node,,,,,1,1,,,,"{""Type"": ""Folder"", ""RefId"": ""MD-2_M-8_MI-4_PB-1"", ""GroupObjectInstances"": ""MD-2_M-8_MI-4_O-2-0_R-1""}"
Node,,,,,1,1,,,,"{""Type"": ""Folder"", ""RefId"": ""MD-2_M-8_MI-5_PB-1"", ""GroupObjectInstances"": ""MD-2_M-8_MI-5_O-2-0_R-1""}"
Node,,,,,1,1,,,,"{""Type"": ""Folder"", ""RefId"": ""MD-2_M-8_MI-6_PB-1"", ""GroupObjectInstances"": ""MD-2_M-8_MI-6_O-2-0_R-1""}"
Node,,,,,1,1,,,,"{""Type"": ""Folder"", ""RefId"": ""MD-2_M-8_MI-7_PB-1"", ""GroupObjectInstances"": ""MD-2_M-8_MI-7_O-2-0_R-1""}"
Node,,,,,1,1,,,,"{""Type"": ""Folder"", ""RefId"": ""MD-2_M-8_MI-8_PB-1"", ""GroupObjectInstances"": ""MD-2_M-8_MI-8_O-2-0_R-1""}"
Node,,,,,1,1,,,,"{""Type"": ""Folder"", ""RefId"": ""MD-2_M-8_MI-9_PB-1"", ""GroupObjectInstances"": ""MD-2_M-8_MI-9_O-2-0_R-1""}"
Node,,,,,1,1,,,,"{""Type"": ""Folder"", ""RefId"": ""MD-2_M-8_MI-10_PB-1"", ""GroupObjectInstances"": ""MD-2_M-8_MI-10_O-2-0_R-1""}"
Node,,,,,1,1,,,,"{""Type"": ""Folder"", ""RefId"": ""MD-2_M-8_MI-11_PB-1"", ""GroupObjectInstances"": ""MD-2_M-8_MI-11_O-2-0_R-1""}"
Node,,,,,1,1,,,,"{""Type"": ""Folder"", ""RefId"": ""MD-2_M-8_MI-12_PB-1"", ""GroupObjectInstances"": ""MD-2_M-8_MI-12_O-2-0_R-1""}"
Node,,,,,1,1,,,,"{""Type"": ""Folder"", ""RefId"": ""MD-2_M-8_MI-13_PB-1"", ""GroupObjectInstances"": ""MD-2_M-8_MI-13_O-2-0_R-1""}"
Node,,,,,1,1,,,,"{""Type"": ""Folder"", ""RefId"": ""MD-2_M-8_MI-14_PB-1"", ""GroupObjectInstances"": ""MD-2_M-8_MI-14_O-2-0_R-1""}"
Node,,,,,1,1,,,,"{""Type"": ""Folder"", ""RefId"": ""MD-2_M-8_MI-15_PB-1"", ""GroupObjectInstances"": ""MD-2_M-8_MI-15_O-2-0_R-1""}"
Node,,,,,1,1,,,,"{""Type"": ""Folder"", ""RefId"": ""PB-40""}"
Node,,,,,1,1,,,,"{""Type"": ""Folder"", ""RefId"": ""MD-2_M-7_MI-1_PB-1"", ""GroupObjectInstances"": ""MD-2_M-7_MI-1_O-2-0_R-1""}"
Node,,,,,1,1,,,,"{""Type"": ""Folder"", ""RefId"": ""MD-2_M-7_MI-2_PB-1"", ""GroupObjectInstances"": ""MD-2_M-7_MI-2_O-2-0_R-1""}"
Node,,,,,1,1,,,,"{""Type"": ""Folder"", ""RefId"": ""MD-2_M-7_MI-3_PB-1"", ""GroupObjectInstances"": ""MD-2_M-7_MI-3_O-2-0_R-1""}"
Node,,,,,1,1,,,,"{""Type"": ""Folder"", ""RefId"": ""MD-2_M-7_MI-4_PB-1"", ""GroupObjectInstances"": ""MD-2_M-7_MI-4_O-2-0_R-1""}"
Node,,,,,1,1,,,,"{""Type"": ""Folder"", ""RefId"": ""MD-2_M-7_MI-5_PB-1"", ""GroupObjectInstances"": ""MD-2_M-7_MI-5_O-2-0_R-1""}"
Node,,,,,1,1,,,,"{""Type"": ""Folder"", ""RefId"": ""MD-2_M-7_MI-6_PB-1"", ""GroupObjectInstances"": ""MD-2_M-7_MI-6_O-2-0_R-1""}"
Node,,,,,1,1,,,,"{""Type"": ""Folder"", ""RefId"": ""MD-2_M-7_MI-7_PB-1"", ""GroupObjectInstances"": ""MD-2_M-7_MI-7_O-2-0_R-1""}"
Node,,,,,1,1,,,,"{""Type"": ""Folder"", ""RefId"": ""MD-2_M-7_MI-8_PB-1"", ""GroupObjectInstances"": ""MD-2_M-7_MI-8_O-2-0_R-1""}"
Node,,,,,1,1,,,,"{""Type"": ""Folder"", ""RefId"": ""MD-2_M-7_MI-9_PB-1"", ""GroupObjectInstances"": ""MD-2_M-7_MI-9_O-2-0_R-1""}"
Node,,,,,1,1,,,,"{""Type"": ""Folder"", ""RefId"": ""MD-2_M-7_MI-10_PB-1"", ""GroupObjectInstances"": ""MD-2_M-7_MI-10_O-2-0_R-1""}"
Node,,,,,1,1,,,,"{""Type"": ""Folder"", ""RefId"": ""MD-2_M-7_MI-11_PB-1"", ""GroupObjectInstances"": ""MD-2_M-7_MI-11_O-2-0_R-1""}"
Node,,,,,1,1,,,,"{""Type"": ""Folder"", ""RefId"": ""MD-2_M-7_MI-12_PB-1"", ""GroupObjectInstances"": ""MD-2_M-7_MI-12_O-2-0_R-1""}"
Node,,,,,1,1,,,,"{""Type"": ""Folder"", ""RefId"": ""MD-2_M-7_MI-13_PB-1"", ""GroupObjectInstances"": ""MD-2_M-7_MI-13_O-2-0_R-1""}"
Node,,,,,1,1,,,,"{""Type"": ""Folder"", ""RefId"": ""MD-2_M-7_MI-14_PB-1"", ""GroupObjectInstances"": ""MD-2_M-7_MI-14_O-2-0_R-1""}"
Node,,,,,1,1,,,,"{""Type"": ""Folder"", ""RefId"": ""MD-2_M-7_MI-15_PB-1"", ""GroupObjectInstances"": ""MD-2_M-7_MI-15_O-2-0_R-1""}"
Node,,,,,1,1,,,,"{""Type"": ""Channel"", ""RefId"": ""CH-23"", ""GroupObjectInstances"": ""O-13_R-651""}"
Node,,,,,1,1,,,,"{""Type"": ""Folder"", ""RefId"": ""PB-120"", ""GroupObjectInstances"": ""O-34_R-680 O-33_R-679 O-28_R-676""}"
Node,,,,,1,1,,,,"{""Type"": ""Channel"", ""RefId"": ""CH-23"", ""GroupObjectInstances"": ""O-13_R-651""}"
Node,,,,,1,1,,,,"{""Type"": ""Channel"", ""RefId"": ""CH-23"", ""GroupObjectInstances"": ""O-13_R-651""}"
Node,,,,,1,1,,,,"{""Type"": ""Channel"", ""RefId"": ""CH-23"", ""GroupObjectInstances"": ""O-13_R-651""}"
Space,P-07BC-0_BP-1,,,(1) Burooj Square Villa,,,,P-07BC-0_BP-1,(1) Burooj Square Villa,"{""Type"": ""Building"", ""Id"": ""P-07BC-0_BP-1"", ""Name"": ""(1) Burooj Square Villa"", ""Puid"": ""9""}"
Space,P-07BC-0_BP-2,,,1 Panal,,,,P-07BC-0_BP-2,1 Panal,"{""Type"": ""Room"", ""Id"": ""P-07BC-0_BP-2"", ""Name"": ""1 Panal"", ""Puid"": ""10""}"
Space,P-07BC-0_BP-3,,,Smart Panel,,,,P-07BC-0_BP-3,Smart Panel,"{""Type"": ""DistributionBoard"", ""Id"": ""P-07BC-0_BP-3"", ""Name"": ""Smart Panel"", ""Puid"": ""11""}"
Space,P-07BC-0_BP-10,,,4 Keypad  ,,,,P-07BC-0_BP-10,4 Keypad  ,"{""Type"": ""Floor"", ""Id"": ""P-07BC-0_BP-10"", ""Name"": ""4 Keypad  "", ""Puid"": ""1332""}"
Space,P-07BC-0_BP-11,,,Keypad,,,,P-07BC-0_BP-11,Keypad,"{""Type"": ""Room"", ""Id"": ""P-07BC-0_BP-11"", ""Name"": ""Keypad"", ""Puid"": ""1333""}"
Space,P-07BC-0_BP-16,,,3 Screen ,,,,P-07BC-0_BP-16,3 Screen ,"{""Type"": ""Floor"", ""Id"": ""P-07BC-0_BP-16"", ""Name"": ""3 Screen "", ""Puid"": ""1366""}"
Space,P-07BC-0_BP-17,,,screen,,,,P-07BC-0_BP-17,screen,"{""Type"": ""Room"", ""Id"": ""P-07BC-0_BP-17"", ""Name"": ""screen"", ""Puid"": ""1367""}"
Space,P-07BC-0_BP-21,,,2 Main Screen  ,,,,P-07BC-0_BP-21,2 Main Screen  ,"{""Type"": ""Floor"", ""Id"": ""P-07BC-0_BP-21"", ""Name"": ""2 Main Screen  "", ""Puid"": ""1385""}"
Space,P-07BC-0_BP-22,,,Main Screen,,,,P-07BC-0_BP-22,Main Screen,"{""Type"": ""Room"", ""Id"": ""P-07BC-0_BP-22"", ""Name"": ""Main Screen"", ""Puid"": ""1386""}"
Space,P-07BC-0_BP-23,,,5 sensor  ,,,,P-07BC-0_BP-23,5 sensor  ,"{""Type"": ""Room"", ""Id"": ""P-07BC-0_BP-23"", ""Name"": ""5 sensor  "", ""Puid"": ""1388""}"
